instance,scale,n,machines,families,customers,tau,replication,excess,method,z1_min,z2_min,z1_at_z2min,front_size,hypervolume,igd,c_dominated_by_best,z2_lower_bound,z2_optimal,z1_lower_bound,z1_gap_pct,cleaning_water_m3,seconds,evaluations,timed_out,feasible,seed
ve_n12_m1_f2_c2_t0.3_r0,verify,12,1,2,2,0.3,0,1,CPM,31.25,0.25,31.25,1,3.1623,30.6683,0.0,0.25,True,0.0,nan,3.2,0.002,6,False,True,0
ve_n12_m1_f2_c2_t0.3_r0,verify,12,1,2,2,0.3,0,1,CPM-blind,31.25,0.25,31.25,1,3.1623,30.6683,0.0,0.25,True,0.0,nan,3.2,0.0,6,False,True,0
ve_n12_m1_f2_c2_t0.3_r0,verify,12,1,2,2,0.3,0,1,ALNS,27.0999,0.25,31.25,3,4.8316,0.0,0.0,0.25,True,0.0,nan,3.2,0.794,10000,False,True,0
ve_n12_m1_f2_c2_t0.3_r0,verify,12,1,2,2,0.3,0,1,NSGA-II,27.0999,0.25,31.25,3,4.8316,0.0,0.0,0.25,True,0.0,nan,3.2,1.186,10000,False,True,0
ve_n12_m1_f2_c2_t0.3_r0,verify,12,1,2,2,0.3,0,1,LPT+EDD,31.25,0.25,31.25,1,3.1623,30.6683,0.0,0.25,True,0.0,nan,3.2,0.0,3,False,True,0
ve_n12_m1_f2_c2_t0.3_r1,verify,12,1,2,2,0.3,1,1,CPM,18.4,0.25,18.4,1,21.0832,16.7385,0.0,0.25,True,0.0,nan,3.2,0.003,10,False,True,1
ve_n12_m1_f2_c2_t0.3_r1,verify,12,1,2,2,0.3,1,1,CPM-blind,29.25,0.25,29.25,1,11.771,23.4972,1.0,0.25,True,0.0,nan,3.2,0.0,6,False,True,1
ve_n12_m1_f2_c2_t0.3_r1,verify,12,1,2,2,0.3,1,1,ALNS,15.2666,0.25,29.25,3,21.141,4.3835,0.6667,0.25,True,0.0,nan,3.2,0.773,10000,False,True,1
ve_n12_m1_f2_c2_t0.3_r1,verify,12,1,2,2,0.3,1,1,NSGA-II,15.2666,0.25,29.25,3,21.141,4.3835,0.6667,0.25,True,0.0,nan,3.2,1.208,10000,False,True,1
ve_n12_m1_f2_c2_t0.3_r1,verify,12,1,2,2,0.3,1,1,LPT+EDD,16.5998,0.25,38.15,3,18.1887,17.223,1.0,0.25,True,0.0,nan,3.2,0.0,3,False,True,1
ve_n12_m1_f2_c2_t0.3_r2,verify,12,1,2,2,0.3,2,1,CPM,15.5,0.25,15.5,1,0.3188,0.0,0.0,0.25,True,0.0,nan,3.2,0.001,6,False,True,2
ve_n12_m1_f2_c2_t0.3_r2,verify,12,1,2,2,0.3,2,1,CPM-blind,15.5,0.25,15.5,1,0.3188,0.0,0.0,0.25,True,0.0,nan,3.2,0.0,6,False,True,2
ve_n12_m1_f2_c2_t0.3_r2,verify,12,1,2,2,0.3,2,1,ALNS,15.5,0.25,15.5,1,0.3188,0.0,0.0,0.25,True,0.0,nan,3.2,0.856,10000,False,True,2
ve_n12_m1_f2_c2_t0.3_r2,verify,12,1,2,2,0.3,2,1,NSGA-II,15.5,0.25,15.5,1,0.3188,0.0,0.0,0.25,True,0.0,nan,3.2,3.104,10000,False,True,2
ve_n12_m1_f2_c2_t0.3_r2,verify,12,1,2,2,0.3,2,1,LPT+EDD,15.5,0.25,15.5,1,0.3188,0.0,0.0,0.25,True,0.0,nan,3.2,0.0,3,False,True,2
ve_n12_m1_f2_c2_t0.3_r3,verify,12,1,2,2,0.3,3,1,CPM,10.4,0.25,10.4,1,7.4248,0.0,0.0,0.25,True,0.0,nan,3.2,0.0,10,False,True,3
ve_n12_m1_f2_c2_t0.3_r3,verify,12,1,2,2,0.3,3,1,CPM-blind,12.4,0.25,12.4,1,5.8916,2.0,1.0,0.25,True,0.0,nan,3.2,0.0,6,False,True,3
ve_n12_m1_f2_c2_t0.3_r3,verify,12,1,2,2,0.3,3,1,ALNS,11.8166,0.25,12.4,2,5.9985,2.0,1.0,0.25,True,0.0,nan,3.2,0.949,10000,False,True,3
ve_n12_m1_f2_c2_t0.3_r3,verify,12,1,2,2,0.3,3,1,NSGA-II,11.3166,0.25,12.4,2,6.361,2.0,1.0,0.25,True,0.0,nan,3.2,1.328,10000,False,True,3
ve_n12_m1_f2_c2_t0.3_r3,verify,12,1,2,2,0.3,3,1,LPT+EDD,17.35,0.25,17.35,1,2.0967,6.95,1.0,0.25,True,0.0,nan,3.2,0.0,3,False,True,3
ve_n12_m1_f2_c2_t0.3_r4,verify,12,1,2,2,0.3,4,1,CPM,74.1,0.25,74.1,1,9.0017,23.4838,0.0,0.25,True,0.0,nan,3.2,0.0,10,False,True,4
ve_n12_m1_f2_c2_t0.3_r4,verify,12,1,2,2,0.3,4,1,CPM-blind,74.1,0.25,74.1,1,9.0017,23.4838,0.0,0.25,True,0.0,nan,3.2,0.013,6,False,True,4
ve_n12_m1_f2_c2_t0.3_r4,verify,12,1,2,2,0.3,4,1,ALNS,46.1498,0.25,74.1,3,19.8355,0.0,0.0,0.25,True,0.0,nan,3.2,1.061,10000,False,True,4
ve_n12_m1_f2_c2_t0.3_r4,verify,12,1,2,2,0.3,4,1,NSGA-II,46.1498,0.25,74.1,3,19.8355,0.0,0.0,0.25,True,0.0,nan,3.2,1.138,10000,False,True,4
ve_n12_m1_f2_c2_t0.3_r4,verify,12,1,2,2,0.3,4,1,LPT+EDD,60.2998,0.25,83.1,2,13.8871,16.52,1.0,0.25,True,0.0,nan,3.2,0.0,3,False,True,4
ve_n12_m1_f2_c2_t0.3_r5,verify,12,1,2,2,0.3,5,1,CPM,47.55,0.25,47.55,1,7.6965,24.2225,0.0,0.25,True,0.0,nan,3.2,0.0,6,False,True,5
ve_n12_m1_f2_c2_t0.3_r5,verify,12,1,2,2,0.3,5,1,CPM-blind,47.55,0.25,47.55,1,7.6965,24.2225,0.0,0.25,True,0.0,nan,3.2,0.0,6,False,True,5
ve_n12_m1_f2_c2_t0.3_r5,verify,12,1,2,2,0.3,5,1,ALNS,19.0499,0.25,47.55,3,19.1048,0.0,0.0,0.25,True,0.0,nan,3.2,0.857,10000,False,True,5
ve_n12_m1_f2_c2_t0.3_r5,verify,12,1,2,2,0.3,5,1,NSGA-II,19.0499,0.25,47.55,3,19.1048,0.0,0.0,0.25,True,0.0,nan,3.2,1.1,10000,False,True,5
ve_n12_m1_f2_c2_t0.3_r5,verify,12,1,2,2,0.3,5,1,LPT+EDD,19.9665,0.25,56.55,2,18.2099,11.3389,0.5,0.25,True,0.0,nan,3.2,0.0,3,False,True,5
ve_n12_m1_f2_c2_t0.3_r6,verify,12,1,2,2,0.3,6,1,CPM,22.55,0.25,22.55,1,10.5233,16.7947,0.0,0.25,True,0.0,nan,3.2,0.0,6,False,True,6
ve_n12_m1_f2_c2_t0.3_r6,verify,12,1,2,2,0.3,6,1,CPM-blind,23.1,0.25,23.1,1,10.2529,17.1061,1.0,0.25,True,0.0,nan,3.2,0.0,6,False,True,6
ve_n12_m1_f2_c2_t0.3_r6,verify,12,1,2,2,0.3,6,1,ALNS,18.3832,0.25,23.1,2,10.9998,0.275,0.5,0.25,True,0.0,nan,3.2,0.649,10000,False,True,6
ve_n12_m1_f2_c2_t0.3_r6,verify,12,1,2,2,0.3,6,1,NSGA-II,18.3832,0.25,23.1,2,10.9998,0.275,0.5,0.25,True,0.0,nan,3.2,1.197,10000,False,True,6
ve_n12_m1_f2_c2_t0.3_r6,verify,12,1,2,2,0.3,6,1,LPT+EDD,30.4998,0.25,39.05,2,5.9027,19.6481,1.0,0.25,True,0.0,nan,3.2,0.0,3,False,True,6
ve_n12_m1_f2_c2_t0.3_r7,verify,12,1,2,2,0.3,7,1,CPM,20.65,0.25,20.65,1,9.0831,16.7013,0.0,0.25,True,0.0,nan,3.2,0.0,6,False,True,7
ve_n12_m1_f2_c2_t0.3_r7,verify,12,1,2,2,0.3,7,1,CPM-blind,20.65,0.25,20.65,1,9.0831,16.7013,0.0,0.25,True,0.0,nan,3.2,0.0,6,False,True,7
ve_n12_m1_f2_c2_t0.3_r7,verify,12,1,2,2,0.3,7,1,ALNS,18.4499,0.25,20.65,2,10.8431,0.0,0.0,0.25,True,0.0,nan,3.2,0.742,10000,False,True,7
ve_n12_m1_f2_c2_t0.3_r7,verify,12,1,2,2,0.3,7,1,NSGA-II,18.4499,0.25,20.65,2,10.8431,0.0,0.0,0.25,True,0.0,nan,3.2,1.231,10000,False,True,7
ve_n12_m1_f2_c2_t0.3_r7,verify,12,1,2,2,0.3,7,1,LPT+EDD,24.9164,0.25,25.15,2,4.034,19.2484,1.0,0.25,True,0.0,nan,3.2,0.0,3,False,True,7
ve_n12_m1_f2_c2_t0.3_r8,verify,12,1,2,2,0.3,8,1,CPM,8.3,0.25,8.3,1,0.2288,0.0,0.0,0.25,True,0.0,nan,3.2,0.0,6,False,True,8
ve_n12_m1_f2_c2_t0.3_r8,verify,12,1,2,2,0.3,8,1,CPM-blind,8.3,0.25,8.3,1,0.2288,0.0,0.0,0.25,True,0.0,nan,3.2,0.0,6,False,True,8
ve_n12_m1_f2_c2_t0.3_r8,verify,12,1,2,2,0.3,8,1,ALNS,8.3,0.25,8.3,1,0.2288,0.0,0.0,0.25,True,0.0,nan,3.2,0.868,10000,False,True,8
ve_n12_m1_f2_c2_t0.3_r8,verify,12,1,2,2,0.3,8,1,NSGA-II,8.3,0.25,8.3,1,0.2288,0.0,0.0,0.25,True,0.0,nan,3.2,1.469,10000,False,True,8
ve_n12_m1_f2_c2_t0.3_r8,verify,12,1,2,2,0.3,8,1,LPT+EDD,8.3,0.25,8.3,1,0.2288,0.0,0.0,0.25,True,0.0,nan,3.2,0.0,3,False,True,8
ve_n12_m1_f2_c2_t0.3_r9,verify,12,1,2,2,0.3,9,1,CPM,9.8,0.25,9.8,1,2.6802,16.7265,0.0,0.25,True,0.0,nan,3.2,0.0,6,False,True,9
ve_n12_m1_f2_c2_t0.3_r9,verify,12,1,2,2,0.3,9,1,CPM-blind,10.15,0.25,10.15,1,2.2835,16.9174,1.0,0.25,True,0.0,nan,3.2,0.0,6,False,True,9
ve_n12_m1_f2_c2_t0.3_r9,verify,12,1,2,2,0.3,9,1,ALNS,6.9333,0.25,10.15,2,4.8568,0.175,0.5,0.25,True,0.0,nan,3.2,0.678,10000,False,True,9
ve_n12_m1_f2_c2_t0.3_r9,verify,12,1,2,2,0.3,9,1,NSGA-II,6.9333,0.25,10.15,2,4.8568,0.175,0.5,0.25,True,0.0,nan,3.2,2.432,10000,False,True,9
ve_n12_m1_f2_c2_t0.3_r9,verify,12,1,2,2,0.3,9,1,LPT+EDD,7.6832,0.25,10.15,2,2.818,16.9174,1.0,0.25,True,0.0,nan,3.2,0.0,3,False,True,9
ve_n12_m1_f2_c2_t0.5_r0,verify,12,1,2,2,0.5,0,1,CPM,73.15,0.25,73.15,1,9.4231,18.5111,0.0,0.25,True,9.0,712.78,3.2,0.0,6,False,True,0
ve_n12_m1_f2_c2_t0.5_r0,verify,12,1,2,2,0.5,0,1,CPM-blind,73.15,0.25,73.15,1,9.4231,18.5111,0.0,0.25,True,9.0,712.78,3.2,0.0,6,False,True,0
ve_n12_m1_f2_c2_t0.5_r0,verify,12,1,2,2,0.5,0,1,ALNS,57.0331,0.25,73.15,2,22.3159,0.0,0.0,0.25,True,9.0,533.7,3.2,2.881,10000,False,True,0
ve_n12_m1_f2_c2_t0.5_r0,verify,12,1,2,2,0.5,0,1,NSGA-II,57.0331,0.25,73.15,2,22.3159,0.0,0.0,0.25,True,9.0,533.7,3.2,1.785,10000,False,True,0
ve_n12_m1_f2_c2_t0.5_r0,verify,12,1,2,2,0.5,0,1,LPT+EDD,59.7998,0.25,73.15,2,12.3155,18.5111,0.5,0.25,True,9.0,564.44,3.2,0.0,3,False,True,0
ve_n12_m1_f2_c2_t0.5_r1,verify,12,1,2,2,0.5,1,1,CPM,46.2,0.25,46.2,1,6.3689,45.96,0.0,0.25,True,0.8,5675.0,3.2,0.0,6,False,True,1
ve_n12_m1_f2_c2_t0.5_r1,verify,12,1,2,2,0.5,1,1,CPM-blind,46.2,0.25,46.2,1,6.3689,45.96,0.0,0.25,True,0.8,5675.0,3.2,0.0,6,False,True,1
ve_n12_m1_f2_c2_t0.5_r1,verify,12,1,2,2,0.5,1,1,ALNS,41.8332,0.25,46.2,3,9.7247,8.3343,0.0,0.25,True,0.8,5129.15,3.2,1.028,10000,False,True,1
ve_n12_m1_f2_c2_t0.5_r1,verify,12,1,2,2,0.5,1,1,NSGA-II,41.1498,0.25,46.2,4,9.802,2.0826,0.25,0.25,True,0.8,5043.72,3.2,1.138,10000,False,True,1
ve_n12_m1_f2_c2_t0.5_r1,verify,12,1,2,2,0.5,1,1,LPT+EDD,46.2,0.25,46.2,1,6.3689,45.96,0.0,0.25,True,0.8,5675.0,3.2,0.0,3,False,True,1
ve_n12_m1_f2_c2_t0.5_r2,verify,12,1,2,2,0.5,2,1,CPM,42.1,0.25,42.1,1,2.5614,16.6674,0.0,0.25,True,2.0,2005.0,3.2,0.0,6,False,True,2
ve_n12_m1_f2_c2_t0.5_r2,verify,12,1,2,2,0.5,2,1,CPM-blind,42.1,0.25,42.1,1,2.5614,16.6674,0.0,0.25,True,2.0,2005.0,3.2,0.0,6,False,True,2
ve_n12_m1_f2_c2_t0.5_r2,verify,12,1,2,2,0.5,2,1,ALNS,41.5333,0.25,42.1,2,2.6511,0.0,0.0,0.25,True,2.0,1976.66,3.2,1.327,10000,False,True,2
ve_n12_m1_f2_c2_t0.5_r2,verify,12,1,2,2,0.5,2,1,NSGA-II,41.5333,0.25,42.1,2,2.6511,0.0,0.0,0.25,True,2.0,1976.66,3.2,1.785,10000,False,True,2
ve_n12_m1_f2_c2_t0.5_r2,verify,12,1,2,2,0.5,2,1,LPT+EDD,42.1,0.25,42.1,1,2.5614,16.6674,0.0,0.25,True,2.0,2005.0,3.2,0.0,3,False,True,2
ve_n12_m1_f2_c2_t0.5_r3,verify,12,1,2,2,0.5,3,1,CPM,52.65,0.25,52.65,1,15.6102,39.9872,0.0,0.25,True,1.5,3410.0,3.2,0.0,6,False,True,3
ve_n12_m1_f2_c2_t0.5_r3,verify,12,1,2,2,0.5,3,1,CPM-blind,53.85,0.25,53.85,1,13.4803,40.4298,1.0,0.25,True,1.5,3490.0,3.2,0.0,6,False,True,3
ve_n12_m1_f2_c2_t0.5_r3,verify,12,1,2,2,0.5,3,1,ALNS,43.4998,0.25,53.85,4,27.4747,0.3,0.25,0.25,True,1.5,2799.99,3.2,1.648,10000,False,True,3
ve_n12_m1_f2_c2_t0.5_r3,verify,12,1,2,2,0.5,3,1,NSGA-II,43.4998,0.25,53.85,4,27.4747,0.3,0.25,0.25,True,1.5,2799.99,3.2,3.309,10000,False,True,3
ve_n12_m1_f2_c2_t0.5_r3,verify,12,1,2,2,0.5,3,1,LPT+EDD,50.5329,0.25,54.95,2,12.7426,40.8541,1.0,0.25,True,1.5,3268.86,3.2,0.0,3,False,True,3
ve_n12_m1_f2_c2_t0.5_r4,verify,12,1,2,2,0.5,4,1,CPM,38.4,0.25,38.4,1,10.9206,30.6833,0.0,0.25,True,4.6,734.78,3.2,0.0,6,False,True,4
ve_n12_m1_f2_c2_t0.5_r4,verify,12,1,2,2,0.5,4,1,CPM-blind,38.4,0.25,38.4,1,10.9206,30.6833,0.0,0.25,True,4.6,734.78,3.2,0.01,6,False,True,4
ve_n12_m1_f2_c2_t0.5_r4,verify,12,1,2,2,0.5,4,1,ALNS,33.3665,0.25,38.4,3,12.6935,0.0,0.0,0.25,True,4.6,625.36,3.2,1.066,10000,False,True,4
ve_n12_m1_f2_c2_t0.5_r4,verify,12,1,2,2,0.5,4,1,NSGA-II,33.3665,0.25,38.4,3,12.6935,0.0,0.0,0.25,True,4.6,625.36,3.2,1.645,10000,False,True,4
ve_n12_m1_f2_c2_t0.5_r4,verify,12,1,2,2,0.5,4,1,LPT+EDD,46.95,0.25,46.95,1,4.366,34.6161,1.0,0.25,True,4.6,920.65,3.2,0.0,3,False,True,4
ve_n12_m1_f2_c2_t0.5_r5,verify,12,1,2,2,0.5,5,1,CPM,83.0,0.25,83.0,1,13.949,14.7359,0.0,0.25,True,5.4,1437.04,3.2,0.016,6,False,True,5
ve_n12_m1_f2_c2_t0.5_r5,verify,12,1,2,2,0.5,5,1,CPM-blind,83.0,0.25,83.0,1,13.949,14.7359,0.0,0.25,True,5.4,1437.04,3.2,0.0,6,False,True,5
ve_n12_m1_f2_c2_t0.5_r5,verify,12,1,2,2,0.5,5,1,ALNS,70.8331,0.25,83.0,3,28.7928,0.0,0.0,0.25,True,5.4,1211.72,3.2,1.378,10000,False,True,5
ve_n12_m1_f2_c2_t0.5_r5,verify,12,1,2,2,0.5,5,1,NSGA-II,70.8331,0.25,83.0,3,28.7928,0.0,0.0,0.25,True,5.4,1211.72,3.2,1.231,10000,False,True,5
ve_n12_m1_f2_c2_t0.5_r5,verify,12,1,2,2,0.5,5,1,LPT+EDD,74.8662,0.25,83.0,3,19.0157,8.9226,0.3333,0.25,True,5.4,1286.41,3.2,0.0,3,False,True,5
ve_n12_m1_f2_c2_t0.5_r6,verify,12,1,2,2,0.5,6,1,CPM,64.0,0.25,64.0,1,21.9199,17.4525,0.0,0.25,True,3.6,1677.78,3.2,0.0,10,False,True,6
ve_n12_m1_f2_c2_t0.5_r6,verify,12,1,2,2,0.5,6,1,CPM-blind,64.0,0.25,64.0,1,21.9199,17.4525,0.0,0.25,True,3.6,1677.78,3.2,0.0,6,False,True,6
ve_n12_m1_f2_c2_t0.5_r6,verify,12,1,2,2,0.5,6,1,ALNS,53.6331,0.25,64.0,2,36.8647,0.0,0.0,0.25,True,3.6,1389.81,3.2,1.198,10000,False,True,6
ve_n12_m1_f2_c2_t0.5_r6,verify,12,1,2,2,0.5,6,1,NSGA-II,53.6331,0.25,64.0,2,36.8647,0.0,0.0,0.25,True,3.6,1389.81,3.2,1.317,10000,False,True,6
ve_n12_m1_f2_c2_t0.5_r6,verify,12,1,2,2,0.5,6,1,LPT+EDD,65.0329,0.25,68.5,2,14.8863,20.4977,1.0,0.25,True,3.6,1706.47,3.2,0.0,3,False,True,6
ve_n12_m1_f2_c2_t0.5_r7,verify,12,1,2,2,0.5,7,1,CPM,39.1,0.25,39.1,1,5.5643,17.0494,0.0,0.25,True,0.0,nan,3.2,0.016,6,False,True,7
ve_n12_m1_f2_c2_t0.5_r7,verify,12,1,2,2,0.5,7,1,CPM-blind,39.1,0.25,39.1,1,5.5643,17.0494,0.0,0.25,True,0.0,nan,3.2,0.0,6,False,True,7
ve_n12_m1_f2_c2_t0.5_r7,verify,12,1,2,2,0.5,7,1,ALNS,31.8998,0.25,39.1,2,11.3242,0.0,0.0,0.25,True,0.0,nan,3.2,0.934,10000,False,True,7
ve_n12_m1_f2_c2_t0.5_r7,verify,12,1,2,2,0.5,7,1,NSGA-II,31.8998,0.25,39.1,2,11.3242,0.0,0.0,0.25,True,0.0,nan,3.2,1.426,10000,False,True,7
ve_n12_m1_f2_c2_t0.5_r7,verify,12,1,2,2,0.5,7,1,LPT+EDD,38.6497,0.25,39.1,2,5.6619,17.0494,0.5,0.25,True,0.0,nan,3.2,0.0,3,False,True,7
ve_n12_m1_f2_c2_t0.5_r8,verify,12,1,2,2,0.5,8,1,CPM,75.45,0.25,75.45,1,11.6106,25.7733,0.0,0.25,True,8.2,820.12,3.2,0.0,6,False,True,8
ve_n12_m1_f2_c2_t0.5_r8,verify,12,1,2,2,0.5,8,1,CPM-blind,79.95,0.25,79.95,1,8.1608,27.9959,1.0,0.25,True,8.2,875.0,3.2,0.016,6,False,True,8
ve_n12_m1_f2_c2_t0.5_r8,verify,12,1,2,2,0.5,8,1,ALNS,62.3665,0.25,79.95,4,16.5136,1.125,0.25,0.25,True,8.2,660.57,3.2,1.426,10000,False,True,8
ve_n12_m1_f2_c2_t0.5_r8,verify,12,1,2,2,0.5,8,1,NSGA-II,62.3665,0.25,79.95,4,16.5136,1.125,0.25,0.25,True,8.2,660.57,3.2,1.504,10000,False,True,8
ve_n12_m1_f2_c2_t0.5_r8,verify,12,1,2,2,0.5,8,1,LPT+EDD,81.45,0.25,81.45,1,7.0108,28.8705,1.0,0.25,True,8.2,893.29,3.2,0.0,3,False,True,8
ve_n12_m1_f2_c2_t0.5_r9,verify,12,1,2,2,0.5,9,1,CPM,75.75,0.25,75.75,1,39.5646,30.936,0.0,0.25,True,0.0,nan,3.2,0.0,10,False,True,9
ve_n12_m1_f2_c2_t0.5_r9,verify,12,1,2,2,0.5,9,1,CPM-blind,76.5,0.25,76.5,1,37.9584,31.4383,1.0,0.25,True,0.0,nan,3.2,0.0,6,False,True,9
ve_n12_m1_f2_c2_t0.5_r9,verify,12,1,2,2,0.5,9,1,ALNS,53.483,0.25,76.5,4,82.1033,0.4208,0.5,0.25,True,0.0,nan,3.2,1.284,10000,False,True,9
ve_n12_m1_f2_c2_t0.5_r9,verify,12,1,2,2,0.5,9,1,NSGA-II,52.5497,0.25,76.5,4,83.4798,0.1875,0.25,0.25,True,0.0,nan,3.2,1.472,10000,False,True,9
ve_n12_m1_f2_c2_t0.5_r9,verify,12,1,2,2,0.5,9,1,LPT+EDD,63.816,0.25,84.75,3,54.5398,25.5843,1.0,0.25,True,0.0,nan,3.2,0.0,3,False,True,9
ve_n12_m1_f2_c2_t0.7_r0,verify,12,1,2,2,0.7,0,1,CPM,72.1,0.25,72.1,1,6.294,17.0201,0.0,0.25,True,19.2,275.52,3.2,0.0,6,False,True,0
ve_n12_m1_f2_c2_t0.7_r0,verify,12,1,2,2,0.7,0,1,CPM-blind,72.1,0.25,72.1,1,6.294,17.0201,0.0,0.25,True,19.2,275.52,3.2,0.0,6,False,True,0
ve_n12_m1_f2_c2_t0.7_r0,verify,12,1,2,2,0.7,0,1,ALNS,65.1831,0.25,72.1,2,9.2913,0.0,0.0,0.25,True,19.2,239.5,3.2,0.664,10000,False,True,0
ve_n12_m1_f2_c2_t0.7_r0,verify,12,1,2,2,0.7,0,1,NSGA-II,65.1831,0.25,72.1,2,9.2913,0.0,0.0,0.25,True,19.2,239.5,3.2,1.487,10000,False,True,0
ve_n12_m1_f2_c2_t0.7_r0,verify,12,1,2,2,0.7,0,1,LPT+EDD,69.2999,0.25,72.1,2,6.8074,12.6683,0.5,0.25,True,19.2,260.94,3.2,0.0,3,False,True,0
ve_n12_m1_f2_c2_t0.7_r1,verify,12,1,2,2,0.7,1,1,CPM,144.65,0.25,144.65,1,10.0366,29.7869,0.0,0.25,True,57.6,151.13,3.2,0.0,6,False,True,1
ve_n12_m1_f2_c2_t0.7_r1,verify,12,1,2,2,0.7,1,1,CPM-blind,144.65,0.25,144.65,1,10.0366,29.7869,0.0,0.25,True,57.6,151.13,3.2,0.0,6,False,True,1
ve_n12_m1_f2_c2_t0.7_r1,verify,12,1,2,2,0.7,1,1,ALNS,106.1832,0.3333,107.0999,2,23.814,12.821,0.0,0.25,False,57.6,84.35,4.266,1.573,10000,False,True,1
ve_n12_m1_f2_c2_t0.7_r1,verify,12,1,2,2,0.7,1,1,NSGA-II,106.1832,0.25,144.65,3,25.5146,0.0,0.0,0.25,True,57.6,84.35,3.2,4.192,10000,False,True,1
ve_n12_m1_f2_c2_t0.7_r1,verify,12,1,2,2,0.7,1,1,LPT+EDD,114.4999,0.25,149.15,2,21.973,12.749,1.0,0.25,True,57.6,98.78,3.2,0.016,3,False,True,1
ve_n12_m1_f2_c2_t0.7_r2,verify,12,1,2,2,0.7,2,1,CPM,116.0,0.25,116.0,1,6.1945,11.0795,0.0,0.25,True,46.9,147.33,3.2,0.0,6,False,True,2
ve_n12_m1_f2_c2_t0.7_r2,verify,12,1,2,2,0.7,2,1,CPM-blind,116.0,0.25,116.0,1,6.1945,11.0795,0.0,0.25,True,46.9,147.33,3.2,0.0,6,False,True,2
ve_n12_m1_f2_c2_t0.7_r2,verify,12,1,2,2,0.7,2,1,ALNS,95.4664,0.25,116.0,2,14.579,0.0,0.0,0.25,True,46.9,103.55,3.2,3.588,10000,False,True,2
ve_n12_m1_f2_c2_t0.7_r2,verify,12,1,2,2,0.7,2,1,NSGA-II,95.4664,0.25,116.0,2,14.579,0.0,0.0,0.25,True,46.9,103.55,3.2,4.747,10000,False,True,2
ve_n12_m1_f2_c2_t0.7_r2,verify,12,1,2,2,0.7,2,1,LPT+EDD,98.4998,0.25,116.0,3,13.1404,1.9167,0.6667,0.25,True,46.9,110.02,3.2,0.016,3,False,True,2
ve_n12_m1_f2_c2_t0.7_r3,verify,12,1,2,2,0.7,3,1,CPM,97.55,0.25,97.55,1,7.6914,7.6849,0.0,0.25,True,18.1,438.95,3.2,0.0,10,False,True,3
ve_n12_m1_f2_c2_t0.7_r3,verify,12,1,2,2,0.7,3,1,CPM-blind,98.3,0.25,98.3,1,7.529,8.3776,1.0,0.25,True,18.1,443.09,3.2,0.0,6,False,True,3
ve_n12_m1_f2_c2_t0.7_r3,verify,12,1,2,2,0.7,3,1,ALNS,84.6333,0.25,98.3,2,9.3512,0.375,0.5,0.25,True,18.1,367.59,3.2,3.023,10000,False,True,3
ve_n12_m1_f2_c2_t0.7_r3,verify,12,1,2,2,0.7,3,1,NSGA-II,84.6333,0.25,98.3,2,9.3512,0.375,0.5,0.25,True,18.1,367.59,3.2,4.404,10000,False,True,3
ve_n12_m1_f2_c2_t0.7_r3,verify,12,1,2,2,0.7,3,1,LPT+EDD,102.1333,0.25,120.05,2,5.2061,13.5038,1.0,0.25,True,18.1,464.27,3.2,0.0,3,False,True,3
ve_n12_m1_f2_c2_t0.7_r4,verify,12,1,2,2,0.7,4,1,CPM,81.25,0.25,81.25,1,6.0544,16.8836,0.0,0.25,True,22.7,257.93,3.2,0.0,6,False,True,4
ve_n12_m1_f2_c2_t0.7_r4,verify,12,1,2,2,0.7,4,1,CPM-blind,81.75,0.25,81.75,1,5.8086,17.1755,1.0,0.25,True,22.7,260.13,3.2,0.0,6,False,True,4
ve_n12_m1_f2_c2_t0.7_r4,verify,12,1,2,2,0.7,4,1,ALNS,75.8333,0.25,81.75,2,6.7454,0.25,0.5,0.25,True,22.7,234.07,3.2,3.177,10000,False,True,4
ve_n12_m1_f2_c2_t0.7_r4,verify,12,1,2,2,0.7,4,1,NSGA-II,75.8333,0.25,81.75,2,6.7454,0.25,0.5,0.25,True,22.7,234.07,3.2,4.729,10000,False,True,4
ve_n12_m1_f2_c2_t0.7_r4,verify,12,1,2,2,0.7,4,1,LPT+EDD,84.15,0.25,84.15,1,4.6287,18.626,1.0,0.25,True,22.7,270.7,3.2,0.0,3,False,True,4
ve_n12_m1_f2_c2_t0.7_r5,verify,12,1,2,2,0.7,5,1,CPM,108.35,0.25,108.35,1,10.1989,16.8527,0.0,0.25,True,48.0,125.73,3.2,0.0,6,False,True,5
ve_n12_m1_f2_c2_t0.7_r5,verify,12,1,2,2,0.7,5,1,CPM-blind,109.25,0.25,109.25,1,9.7564,17.3755,1.0,0.25,True,48.0,127.6,3.2,0.0,6,False,True,5
ve_n12_m1_f2_c2_t0.7_r5,verify,12,1,2,2,0.7,5,1,ALNS,103.3333,0.25,109.25,2,10.6932,0.45,0.5,0.25,True,48.0,115.28,3.2,2.912,10000,False,True,5
ve_n12_m1_f2_c2_t0.7_r5,verify,12,1,2,2,0.7,5,1,NSGA-II,103.3333,0.25,109.25,2,10.6932,0.45,0.5,0.25,True,48.0,115.28,3.2,4.619,10000,False,True,5
ve_n12_m1_f2_c2_t0.7_r5,verify,12,1,2,2,0.7,5,1,LPT+EDD,116.45,0.25,116.45,1,6.2167,21.9591,1.0,0.25,True,48.0,142.6,3.2,0.0,3,False,True,5
ve_n12_m1_f2_c2_t0.7_r6,verify,12,1,2,2,0.7,6,1,CPM,91.2,0.25,91.2,1,19.1428,29.1657,0.0,0.25,True,19.9,358.29,3.2,0.016,10,False,True,6
ve_n12_m1_f2_c2_t0.7_r6,verify,12,1,2,2,0.7,6,1,CPM-blind,91.65,0.25,91.65,1,18.7978,29.3931,1.0,0.25,True,19.9,360.55,3.2,0.0,6,False,True,6
ve_n12_m1_f2_c2_t0.7_r6,verify,12,1,2,2,0.7,6,1,ALNS,90.7998,0.25,91.65,2,18.9536,0.225,0.5,0.25,True,19.9,356.28,3.2,3.669,10000,False,True,6
ve_n12_m1_f2_c2_t0.7_r6,verify,12,1,2,2,0.7,6,1,NSGA-II,91.65,0.25,91.65,1,18.7978,29.3931,1.0,0.25,True,19.9,360.55,3.2,5.237,10000,False,True,6
ve_n12_m1_f2_c2_t0.7_r6,verify,12,1,2,2,0.7,6,1,LPT+EDD,104.7,0.25,104.7,1,8.7932,36.7317,1.0,0.25,True,19.9,426.13,3.2,0.0,3,False,True,6
ve_n12_m1_f2_c2_t0.7_r7,verify,12,1,2,2,0.7,7,1,CPM,109.75,0.25,109.75,1,5.2869,18.3864,0.0,0.25,True,35.1,212.68,3.2,0.0,10,False,True,7
ve_n12_m1_f2_c2_t0.7_r7,verify,12,1,2,2,0.7,7,1,CPM-blind,112.05,0.25,112.05,1,4.7886,20.6582,1.0,0.25,True,35.1,219.23,3.2,0.0,6,False,True,7
ve_n12_m1_f2_c2_t0.7_r7,verify,12,1,2,2,0.7,7,1,ALNS,73.9331,0.25,112.05,2,9.8707,1.15,0.5,0.25,True,35.1,110.64,3.2,2.934,10000,False,True,7
ve_n12_m1_f2_c2_t0.7_r7,verify,12,1,2,2,0.7,7,1,NSGA-II,73.9331,0.25,112.05,2,9.8707,1.15,0.5,0.25,True,35.1,110.64,3.2,4.701,10000,False,True,7
ve_n12_m1_f2_c2_t0.7_r7,verify,12,1,2,2,0.7,7,1,LPT+EDD,89.9331,0.25,121.05,2,6.9878,13.65,1.0,0.25,True,35.1,156.22,3.2,0.0,3,False,True,7
ve_n12_m1_f2_c2_t0.7_r8,verify,12,1,2,2,0.7,8,1,CPM,141.55,0.25,141.55,1,35.6842,15.6475,0.0,0.25,True,37.5,277.47,3.2,0.0,10,False,True,8
ve_n12_m1_f2_c2_t0.7_r8,verify,12,1,2,2,0.7,8,1,CPM-blind,141.55,0.25,141.55,1,35.6842,15.6475,0.0,0.25,True,37.5,277.47,3.2,0.0,6,False,True,8
ve_n12_m1_f2_c2_t0.7_r8,verify,12,1,2,2,0.7,8,1,ALNS,122.3164,0.25,141.55,3,63.782,0.0,0.0,0.25,True,37.5,226.18,3.2,3.461,10000,False,True,8
ve_n12_m1_f2_c2_t0.7_r8,verify,12,1,2,2,0.7,8,1,NSGA-II,122.3164,0.25,141.55,2,63.4111,2.8204,0.0,0.25,True,37.5,226.18,3.2,4.599,10000,False,True,8
ve_n12_m1_f2_c2_t0.7_r8,verify,12,1,2,2,0.7,8,1,LPT+EDD,140.6161,0.25,146.05,3,33.7012,13.2207,1.0,0.25,True,37.5,274.98,3.2,0.0,3,False,True,8
ve_n12_m1_f2_c2_t0.7_r9,verify,12,1,2,2,0.7,9,1,CPM,70.6,0.25,70.6,1,1.6125,0.0,0.0,0.25,True,17.8,296.63,3.2,0.0,10,False,True,9
ve_n12_m1_f2_c2_t0.7_r9,verify,12,1,2,2,0.7,9,1,CPM-blind,74.7,0.25,74.7,1,1.1,4.1,1.0,0.25,True,17.8,319.66,3.2,0.0,6,False,True,9
ve_n12_m1_f2_c2_t0.7_r9,verify,12,1,2,2,0.7,9,1,ALNS,74.7,0.25,74.7,1,1.1,4.1,1.0,0.25,True,17.8,319.66,3.2,2.449,10000,False,True,9
ve_n12_m1_f2_c2_t0.7_r9,verify,12,1,2,2,0.7,9,1,NSGA-II,74.7,0.25,74.7,1,1.1,4.1,1.0,0.25,True,17.8,319.66,3.2,5.08,10000,False,True,9
ve_n12_m1_f2_c2_t0.7_r9,verify,12,1,2,2,0.7,9,1,LPT+EDD,75.0,0.25,75.0,1,1.0625,4.4,1.0,0.25,True,17.8,321.35,3.2,0.016,3,False,True,9
ve_n12_m2_f2_c2_t0.3_r0,verify,12,2,2,2,0.3,0,0,CPM,14.45,0.0,16.2,2,6.9119,0.0,0.0,0.0,True,0.0,nan,0.0,0.0,31,False,True,0
ve_n12_m2_f2_c2_t0.3_r0,verify,12,2,2,2,0.3,0,0,CPM-blind,14.45,0.0,16.2,2,6.9119,0.0,0.0,0.0,True,0.0,nan,0.0,0.016,31,False,True,0
ve_n12_m2_f2_c2_t0.3_r0,verify,12,2,2,2,0.3,0,0,ALNS,14.45,0.0,16.2,2,6.9119,0.0,0.0,0.0,True,0.0,nan,0.0,3.178,10000,False,True,0
ve_n12_m2_f2_c2_t0.3_r0,verify,12,2,2,2,0.3,0,0,NSGA-II,14.45,0.0,16.2,2,6.9119,0.0,0.0,0.0,True,0.0,nan,0.0,4.382,10000,False,True,0
ve_n12_m2_f2_c2_t0.3_r0,verify,12,2,2,2,0.3,0,0,LPT+EDD,16.5166,0.5,17.4,2,2.3531,37.5939,1.0,0.0,False,0.0,nan,6.4,0.0,3,False,True,0
ve_n12_m2_f2_c2_t0.3_r1,verify,12,2,2,2,0.3,1,0,CPM,5.6,0.0,5.6,1,11.4282,0.0,0.0,0.0,True,0.9,522.22,0.0,0.016,26,False,True,1
ve_n12_m2_f2_c2_t0.3_r1,verify,12,2,2,2,0.3,1,0,CPM-blind,8.0,0.0,8.0,1,9.4283,2.4,1.0,0.0,True,0.9,788.89,0.0,0.0,26,False,True,1
ve_n12_m2_f2_c2_t0.3_r1,verify,12,2,2,2,0.3,1,0,ALNS,8.0,0.0,8.0,1,9.4283,2.4,1.0,0.0,True,0.9,788.89,0.0,2.15,10000,False,True,1
ve_n12_m2_f2_c2_t0.3_r1,verify,12,2,2,2,0.3,1,0,NSGA-II,8.0,0.0,8.0,1,9.4283,2.4,1.0,0.0,True,0.9,788.89,0.0,5.025,10000,False,True,1
ve_n12_m2_f2_c2_t0.3_r1,verify,12,2,2,2,0.3,1,0,LPT+EDD,13.9665,0.5,16.65,2,1.3354,51.2065,1.0,0.0,False,0.9,1451.83,6.4,0.0,3,False,True,1
ve_n12_m2_f2_c2_t0.3_r2,verify,12,2,2,2,0.3,2,0,CPM,9.5,0.0,9.5,1,9.0738,0.0,0.0,0.0,True,0.0,nan,0.0,0.0,26,False,True,2
ve_n12_m2_f2_c2_t0.3_r2,verify,12,2,2,2,0.3,2,0,CPM-blind,9.9,0.0,9.9,1,8.7772,0.4,1.0,0.0,True,0.0,nan,0.0,0.016,26,False,True,2
ve_n12_m2_f2_c2_t0.3_r2,verify,12,2,2,2,0.3,2,0,ALNS,9.9,0.0,9.9,1,8.7772,0.4,1.0,0.0,True,0.0,nan,0.0,2.093,10000,False,True,2
ve_n12_m2_f2_c2_t0.3_r2,verify,12,2,2,2,0.3,2,0,NSGA-II,9.9,0.0,9.9,1,8.7772,0.4,1.0,0.0,True,0.0,nan,0.0,5.097,10000,False,True,2
ve_n12_m2_f2_c2_t0.3_r2,verify,12,2,2,2,0.3,2,0,LPT+EDD,11.8166,0.5,18.85,2,1.8107,50.8667,1.0,0.0,False,0.0,nan,6.4,0.0,3,False,True,2
ve_n12_m2_f2_c2_t0.3_r3,verify,12,2,2,2,0.3,3,0,CPM,9.3,0.0,12.0,2,10.0074,0.0,0.0,0.0,True,1.7,447.06,0.0,0.016,35,False,True,3
ve_n12_m2_f2_c2_t0.3_r3,verify,12,2,2,2,0.3,3,0,CPM-blind,12.5,0.0,19.2,2,6.341,5.2,1.0,0.0,True,1.7,635.29,0.0,0.0,35,False,True,3
ve_n12_m2_f2_c2_t0.3_r3,verify,12,2,2,2,0.3,3,0,ALNS,10.9833,0.0,19.2,3,6.7201,5.2,1.0,0.0,True,1.7,546.08,0.0,2.246,10000,False,True,3
ve_n12_m2_f2_c2_t0.3_r3,verify,12,2,2,2,0.3,3,0,NSGA-II,10.9833,0.0,19.2,3,6.7201,5.2,1.0,0.0,True,1.7,546.08,0.0,4.145,10000,False,True,3
ve_n12_m2_f2_c2_t0.3_r3,verify,12,2,2,2,0.3,3,0,LPT+EDD,14.1998,0.5,14.75,2,2.5478,37.8314,1.0,0.0,False,1.7,735.28,6.4,0.0,3,False,True,3
ve_n12_m2_f2_c2_t0.3_r4,verify,12,2,2,2,0.3,4,0,CPM,4.85,0.0,6.1,2,1.3787,0.0,0.0,0.0,True,0.0,nan,0.0,0.0,31,False,True,4
ve_n12_m2_f2_c2_t0.3_r4,verify,12,2,2,2,0.3,4,0,CPM-blind,6.35,0.0,7.6,2,0.8162,1.5,1.0,0.0,True,0.0,nan,0.0,0.016,31,False,True,4
ve_n12_m2_f2_c2_t0.3_r4,verify,12,2,2,2,0.3,4,0,ALNS,6.35,0.0,7.6,2,0.8162,1.5,1.0,0.0,True,0.0,nan,0.0,2.397,10000,False,True,4
ve_n12_m2_f2_c2_t0.3_r4,verify,12,2,2,2,0.3,4,0,NSGA-II,6.35,0.0,7.6,2,0.8162,1.5,1.0,0.0,True,0.0,nan,0.0,4.208,10000,False,True,4
ve_n12_m2_f2_c2_t0.3_r4,verify,12,2,2,2,0.3,4,0,LPT+EDD,6.35,0.25,6.35,1,0.3762,13.2506,1.0,0.0,False,0.0,nan,3.2,0.0,3,False,True,4
ve_n12_m2_f2_c2_t0.3_r5,verify,12,2,2,2,0.3,5,0,CPM,13.8,0.0,27.6,2,4.744,3.3962,0.0,0.0,True,1.3,961.54,0.0,0.0,21,False,True,5
ve_n12_m2_f2_c2_t0.3_r5,verify,12,2,2,2,0.3,5,0,CPM-blind,14.2,0.0,27.6,2,4.6574,3.608,0.5,0.0,True,1.3,992.31,0.0,0.0,21,False,True,5
ve_n12_m2_f2_c2_t0.3_r5,verify,12,2,2,2,0.3,5,0,ALNS,7.9333,0.0,27.6,3,5.4929,0.1333,0.3333,0.0,True,1.3,510.25,0.0,2.186,10000,False,True,5
ve_n12_m2_f2_c2_t0.3_r5,verify,12,2,2,2,0.3,5,0,NSGA-II,7.9333,0.0,27.6,3,5.4929,0.1333,0.3333,0.0,True,1.3,510.25,0.0,4.202,10000,False,True,5
ve_n12_m2_f2_c2_t0.3_r5,verify,12,2,2,2,0.3,5,0,LPT+EDD,8.7666,0.25,18.05,2,4.1211,10.6151,1.0,0.0,False,1.3,574.35,3.2,0.0,3,False,True,5
ve_n12_m2_f2_c2_t0.3_r6,verify,12,2,2,2,0.3,6,0,CPM,9.1,0.0,9.7,2,19.0773,10.4634,0.0,0.0,True,0.0,nan,0.0,0.016,35,False,True,6
ve_n12_m2_f2_c2_t0.3_r6,verify,12,2,2,2,0.3,6,0,CPM-blind,9.1,0.0,9.7,2,19.0773,10.4634,0.0,0.0,True,0.0,nan,0.0,0.016,35,False,True,6
ve_n12_m2_f2_c2_t0.3_r6,verify,12,2,2,2,0.3,6,0,ALNS,7.3166,0.0,9.7,4,20.8956,0.0,0.0,0.0,True,0.0,nan,0.0,3.073,10000,False,True,6
ve_n12_m2_f2_c2_t0.3_r6,verify,12,2,2,2,0.3,6,0,NSGA-II,7.3166,0.0,9.7,3,20.504,2.119,0.0,0.0,True,0.0,nan,0.0,4.494,10000,False,True,6
ve_n12_m2_f2_c2_t0.3_r6,verify,12,2,2,2,0.3,6,0,LPT+EDD,8.3832,0.5,20.0,3,9.6668,27.0617,1.0,0.0,False,0.0,nan,6.4,0.0,3,False,True,6
ve_n12_m2_f2_c2_t0.3_r7,verify,12,2,2,2,0.3,7,0,CPM,6.85,0.0,8.6,2,17.679,0.0,0.0,0.0,True,0.0,nan,0.0,0.0,31,False,True,7
ve_n12_m2_f2_c2_t0.3_r7,verify,12,2,2,2,0.3,7,0,CPM-blind,6.85,0.0,8.6,2,17.679,0.0,0.0,0.0,True,0.0,nan,0.0,0.016,31,False,True,7
ve_n12_m2_f2_c2_t0.3_r7,verify,12,2,2,2,0.3,7,0,ALNS,6.85,0.0,8.6,2,17.679,0.0,0.0,0.0,True,0.0,nan,0.0,3.404,10000,False,True,7
ve_n12_m2_f2_c2_t0.3_r7,verify,12,2,2,2,0.3,7,0,NSGA-II,6.85,0.0,8.6,2,17.679,0.0,0.0,0.0,True,0.0,nan,0.0,4.779,10000,False,True,7
ve_n12_m2_f2_c2_t0.3_r7,verify,12,2,2,2,0.3,7,0,LPT+EDD,8.0499,0.5,15.25,2,4.6646,38.4069,1.0,0.0,False,0.0,nan,6.4,0.0,3,False,True,7
ve_n12_m2_f2_c2_t0.3_r8,verify,12,2,2,2,0.3,8,0,CPM,11.5,0.0,24.0,2,4.2944,0.0,0.0,0.0,True,0.4,2775.0,0.0,0.0,35,False,True,8
ve_n12_m2_f2_c2_t0.3_r8,verify,12,2,2,2,0.3,8,0,CPM-blind,11.5,0.0,24.0,2,4.2944,0.0,0.0,0.0,True,0.4,2775.0,0.0,0.016,35,False,True,8
ve_n12_m2_f2_c2_t0.3_r8,verify,12,2,2,2,0.3,8,0,ALNS,11.5,0.0,24.0,2,4.2944,0.0,0.0,0.0,True,0.4,2775.0,0.0,2.736,10000,False,True,8
ve_n12_m2_f2_c2_t0.3_r8,verify,12,2,2,2,0.3,8,0,NSGA-II,11.5,0.0,24.0,2,4.2944,0.0,0.0,0.0,True,0.4,2775.0,0.0,4.732,10000,False,True,8
ve_n12_m2_f2_c2_t0.3_r8,verify,12,2,2,2,0.3,8,0,LPT+EDD,14.9666,0.3333,14.9666,1,1.6577,21.7775,1.0,0.0,False,0.4,3641.65,4.266,0.0,3,False,True,8
ve_n12_m2_f2_c2_t0.3_r9,verify,12,2,2,2,0.3,9,0,CPM,5.6,0.0,5.6,1,10.0083,0.0,0.0,0.0,True,0.8,600.0,0.0,0.0,26,False,True,9
ve_n12_m2_f2_c2_t0.3_r9,verify,12,2,2,2,0.3,9,0,CPM-blind,5.6,0.0,5.6,1,10.0083,0.0,0.0,0.0,True,0.8,600.0,0.0,0.016,26,False,True,9
ve_n12_m2_f2_c2_t0.3_r9,verify,12,2,2,2,0.3,9,0,ALNS,5.6,0.0,5.6,1,10.0083,0.0,0.0,0.0,True,0.8,600.0,0.0,2.809,10000,False,True,9
ve_n12_m2_f2_c2_t0.3_r9,verify,12,2,2,2,0.3,9,0,NSGA-II,5.6,0.0,5.6,1,10.0083,0.0,0.0,0.0,True,0.8,600.0,0.0,5.403,10000,False,True,9
ve_n12_m2_f2_c2_t0.3_r9,verify,12,2,2,2,0.3,9,0,LPT+EDD,6.1833,0.5,16.45,2,2.2646,51.1637,1.0,0.0,False,0.8,672.91,6.4,0.0,3,False,True,9
ve_n12_m2_f2_c2_t0.5_r0,verify,12,2,2,2,0.5,0,0,CPM,40.0,0.0,40.0,1,13.653,16.801,0.0,0.0,True,11.5,247.83,0.0,0.017,52,False,True,0
ve_n12_m2_f2_c2_t0.5_r0,verify,12,2,2,2,0.5,0,0,CPM-blind,41.95,0.0,42.4,2,11.9156,6.397,1.0,0.0,True,11.5,264.78,0.0,0.005,35,False,True,0
ve_n12_m2_f2_c2_t0.5_r0,verify,12,2,2,2,0.5,0,0,ALNS,35.7333,0.0,42.4,3,15.0237,1.2,0.6667,0.0,True,11.5,210.72,0.0,2.707,10000,False,True,0
ve_n12_m2_f2_c2_t0.5_r0,verify,12,2,2,2,0.5,0,0,NSGA-II,35.7333,0.0,42.4,3,15.0237,1.2,0.6667,0.0,True,11.5,210.72,0.0,4.295,10000,False,True,0
ve_n12_m2_f2_c2_t0.5_r0,verify,12,2,2,2,0.5,0,0,LPT+EDD,46.6331,0.25,50.35,2,4.1394,21.9407,1.0,0.0,False,11.5,305.51,3.2,0.0,3,False,True,0
ve_n12_m2_f2_c2_t0.5_r1,verify,12,2,2,2,0.5,1,0,CPM,19.6,0.0,26.3,3,4.677,0.0,0.0,0.0,True,4.8,308.33,0.0,0.009,33,False,True,1
ve_n12_m2_f2_c2_t0.5_r1,verify,12,2,2,2,0.5,1,0,CPM-blind,19.6,0.0,26.3,3,4.677,0.0,0.0,0.0,True,4.8,308.33,0.0,0.008,33,False,True,1
ve_n12_m2_f2_c2_t0.5_r1,verify,12,2,2,2,0.5,1,0,ALNS,19.6,0.0,26.3,3,4.677,0.0,0.0,0.0,True,4.8,308.33,0.0,2.312,10000,False,True,1
ve_n12_m2_f2_c2_t0.5_r1,verify,12,2,2,2,0.5,1,0,NSGA-II,19.6,0.0,26.3,3,4.677,0.0,0.0,0.0,True,4.8,308.33,0.0,4.226,10000,False,True,1
ve_n12_m2_f2_c2_t0.5_r1,verify,12,2,2,2,0.5,1,0,LPT+EDD,19.6,0.5,19.6,1,1.5495,25.163,0.0,0.0,False,4.8,308.33,6.4,0.0,3,False,True,1
ve_n12_m2_f2_c2_t0.5_r2,verify,12,2,2,2,0.5,2,0,CPM,38.6,0.0,38.6,1,7.0097,41.665,0.0,0.0,True,2.2,1654.55,0.0,0.0,30,False,True,2
ve_n12_m2_f2_c2_t0.5_r2,verify,12,2,2,2,0.5,2,0,CPM-blind,38.6,0.0,38.6,1,7.0097,41.665,0.0,0.0,True,2.2,1654.55,0.0,0.016,30,False,True,2
ve_n12_m2_f2_c2_t0.5_r2,verify,12,2,2,2,0.5,2,0,ALNS,38.5166,0.0,38.6,2,7.025,0.0,0.0,0.0,True,2.2,1650.75,0.0,3.361,10000,False,True,2
ve_n12_m2_f2_c2_t0.5_r2,verify,12,2,2,2,0.5,2,0,NSGA-II,38.5166,0.0,38.6,2,7.025,0.0,0.0,0.0,True,2.2,1650.75,0.0,4.822,10000,False,True,2
ve_n12_m2_f2_c2_t0.5_r2,verify,12,2,2,2,0.5,2,0,LPT+EDD,40.45,0.5,40.45,1,2.6064,41.7101,1.0,0.0,False,2.2,1738.64,6.4,0.0,3,False,True,2
ve_n12_m2_f2_c2_t0.5_r3,verify,12,2,2,2,0.5,3,0,CPM,30.55,0.0,31.8,2,22.498,0.0,0.0,0.0,True,12.3,148.37,0.0,0.031,51,False,True,3
ve_n12_m2_f2_c2_t0.5_r3,verify,12,2,2,2,0.5,3,0,CPM-blind,33.75,0.0,35.0,2,19.8316,3.2,1.0,0.0,True,12.3,174.39,0.0,0.0,31,False,True,3
ve_n12_m2_f2_c2_t0.5_r3,verify,12,2,2,2,0.5,3,0,ALNS,33.75,0.0,35.0,2,19.8316,3.2,1.0,0.0,True,12.3,174.39,0.0,2.741,10000,False,True,3
ve_n12_m2_f2_c2_t0.5_r3,verify,12,2,2,2,0.5,3,0,NSGA-II,33.75,0.0,35.0,2,19.8316,3.2,1.0,0.0,True,12.3,174.39,0.0,4.42,10000,False,True,3
ve_n12_m2_f2_c2_t0.5_r3,verify,12,2,2,2,0.5,3,0,LPT+EDD,49.2665,0.5,51.75,2,2.4718,43.3059,1.0,0.0,False,12.3,300.54,6.4,0.0,3,False,True,3
ve_n12_m2_f2_c2_t0.5_r4,verify,12,2,2,2,0.5,4,0,CPM,31.5,0.0,31.5,1,20.576,43.79,0.0,0.0,True,5.6,462.5,0.0,0.01,30,False,True,4
ve_n12_m2_f2_c2_t0.5_r4,verify,12,2,2,2,0.5,4,0,CPM-blind,31.5,0.0,31.5,1,20.576,43.79,0.0,0.0,True,5.6,462.5,0.0,0.007,30,False,True,4
ve_n12_m2_f2_c2_t0.5_r4,verify,12,2,2,2,0.5,4,0,ALNS,28.5999,0.0,31.5,4,23.3126,0.0,0.0,0.0,True,5.6,410.71,0.0,2.789,10000,False,True,4
ve_n12_m2_f2_c2_t0.5_r4,verify,12,2,2,2,0.5,4,0,NSGA-II,28.5999,0.0,31.5,4,23.3126,0.0,0.0,0.0,True,5.6,410.71,0.0,2.251,10000,False,True,4
ve_n12_m2_f2_c2_t0.5_r4,verify,12,2,2,2,0.5,4,0,LPT+EDD,32.5498,0.5,41.25,3,8.6368,25.3386,1.0,0.0,False,5.6,481.25,6.4,0.002,3,False,True,4
ve_n12_m2_f2_c2_t0.5_r5,verify,12,2,2,2,0.5,5,0,CPM,14.9,0.0,14.9,1,4.5143,0.0,0.0,0.0,True,3.2,365.62,0.0,0.004,26,False,True,5
ve_n12_m2_f2_c2_t0.5_r5,verify,12,2,2,2,0.5,5,0,CPM-blind,14.9,0.0,14.9,1,4.5143,0.0,0.0,0.0,True,3.2,365.62,0.0,0.002,26,False,True,5
ve_n12_m2_f2_c2_t0.5_r5,verify,12,2,2,2,0.5,5,0,ALNS,14.9,0.0,14.9,1,4.5143,0.0,0.0,0.0,True,3.2,365.62,0.0,0.911,10000,False,True,5
ve_n12_m2_f2_c2_t0.5_r5,verify,12,2,2,2,0.5,5,0,NSGA-II,14.9,0.0,14.9,1,4.5143,0.0,0.0,0.0,True,3.2,365.62,0.0,1.389,10000,False,True,5
ve_n12_m2_f2_c2_t0.5_r5,verify,12,2,2,2,0.5,5,0,LPT+EDD,18.95,0.5,18.95,1,0.4343,50.1638,1.0,0.0,False,3.2,492.19,6.4,0.0,3,False,True,5
ve_n12_m2_f2_c2_t0.5_r6,verify,12,2,2,2,0.5,6,0,CPM,24.65,0.0,25.9,2,2.6369,0.0,0.0,0.0,True,5.7,332.46,0.0,0.004,31,False,True,6
ve_n12_m2_f2_c2_t0.5_r6,verify,12,2,2,2,0.5,6,0,CPM-blind,24.65,0.0,25.9,2,2.6369,0.0,0.0,0.0,True,5.7,332.46,0.0,0.004,31,False,True,6
ve_n12_m2_f2_c2_t0.5_r6,verify,12,2,2,2,0.5,6,0,ALNS,24.65,0.0,25.9,2,2.6369,0.0,0.0,0.0,True,5.7,332.46,0.0,0.749,10000,False,True,6
ve_n12_m2_f2_c2_t0.5_r6,verify,12,2,2,2,0.5,6,0,NSGA-II,24.65,0.0,25.9,2,2.6369,0.0,0.0,0.0,True,5.7,332.46,0.0,1.322,10000,False,True,6
ve_n12_m2_f2_c2_t0.5_r6,verify,12,2,2,2,0.5,6,0,LPT+EDD,28.65,0.25,28.65,1,0.4831,14.5754,1.0,0.0,False,5.7,402.63,3.2,0.0,3,False,True,6
ve_n12_m2_f2_c2_t0.5_r7,verify,12,2,2,2,0.5,7,0,CPM,38.1,0.0,38.1,1,21.7203,0.0,0.0,0.0,True,2.3,1556.52,0.0,0.004,30,False,True,7
ve_n12_m2_f2_c2_t0.5_r7,verify,12,2,2,2,0.5,7,0,CPM-blind,38.1,0.0,38.1,1,21.7203,0.0,0.0,0.0,True,2.3,1556.52,0.0,0.002,30,False,True,7
ve_n12_m2_f2_c2_t0.5_r7,verify,12,2,2,2,0.5,7,0,ALNS,38.1,0.0,38.1,1,21.7203,0.0,0.0,0.0,True,2.3,1556.52,0.0,0.685,10000,False,True,7
ve_n12_m2_f2_c2_t0.5_r7,verify,12,2,2,2,0.5,7,0,NSGA-II,38.1,0.0,38.1,1,21.7203,0.0,0.0,0.0,True,2.3,1556.52,0.0,1.15,10000,False,True,7
ve_n12_m2_f2_c2_t0.5_r7,verify,12,2,2,2,0.5,7,0,LPT+EDD,46.1666,0.5,53.15,3,5.6736,52.2159,1.0,0.0,False,2.3,1907.24,6.4,0.0,3,False,True,7
ve_n12_m2_f2_c2_t0.5_r8,verify,12,2,2,2,0.5,8,0,CPM,27.8,0.0,27.8,1,8.8402,0.0,0.0,0.0,True,4.1,578.05,0.0,0.002,41,False,True,8
ve_n12_m2_f2_c2_t0.5_r8,verify,12,2,2,2,0.5,8,0,CPM-blind,29.4,0.0,29.4,1,7.6536,1.6,1.0,0.0,True,4.1,617.07,0.0,0.002,26,False,True,8
ve_n12_m2_f2_c2_t0.5_r8,verify,12,2,2,2,0.5,8,0,ALNS,29.4,0.0,29.4,1,7.6536,1.6,1.0,0.0,True,4.1,617.07,0.0,0.597,10000,False,True,8
ve_n12_m2_f2_c2_t0.5_r8,verify,12,2,2,2,0.5,8,0,NSGA-II,29.4,0.0,29.4,1,7.6536,1.6,1.0,0.0,True,4.1,617.07,0.0,1.548,10000,False,True,8
ve_n12_m2_f2_c2_t0.5_r8,verify,12,2,2,2,0.5,8,0,LPT+EDD,32.7332,0.5,35.2,2,1.4827,50.5446,1.0,0.0,False,4.1,698.37,6.4,0.0,3,False,True,8
ve_n12_m2_f2_c2_t0.5_r9,verify,12,2,2,2,0.5,9,0,CPM,27.85,0.0,29.1,2,6.1875,0.0,0.0,0.0,True,3.1,798.39,0.0,0.006,31,False,True,9
ve_n12_m2_f2_c2_t0.5_r9,verify,12,2,2,2,0.5,9,0,CPM-blind,27.85,0.0,29.1,2,6.1875,0.0,0.0,0.0,True,3.1,798.39,0.0,0.002,31,False,True,9
ve_n12_m2_f2_c2_t0.5_r9,verify,12,2,2,2,0.5,9,0,ALNS,27.85,0.0,29.1,2,6.1875,0.0,0.0,0.0,True,3.1,798.39,0.0,0.658,10000,False,True,9
ve_n12_m2_f2_c2_t0.5_r9,verify,12,2,2,2,0.5,9,0,NSGA-II,27.85,0.0,29.1,2,6.1875,0.0,0.0,0.0,True,3.1,798.39,0.0,1.299,10000,False,True,9
ve_n12_m2_f2_c2_t0.5_r9,verify,12,2,2,2,0.5,9,0,LPT+EDD,33.5,0.5,33.5,1,0.6525,37.9119,1.0,0.0,False,3.1,980.65,6.4,0.0,3,False,True,9
ve_n12_m2_f2_c2_t0.7_r0,verify,12,2,2,2,0.7,0,0,CPM,52.1,0.0,52.1,1,34.6391,16.7002,0.0,0.0,True,21.8,138.99,0.0,0.005,30,False,True,0
ve_n12_m2_f2_c2_t0.7_r0,verify,12,2,2,2,0.7,0,0,CPM-blind,52.1,0.0,52.1,1,34.6391,16.7002,0.0,0.0,True,21.8,138.99,0.0,0.002,30,False,True,0
ve_n12_m2_f2_c2_t0.7_r0,verify,12,2,2,2,0.7,0,0,ALNS,49.9333,0.0,52.1,2,37.7084,0.0,0.0,0.0,True,21.8,129.05,0.0,1.131,10000,False,True,0
ve_n12_m2_f2_c2_t0.7_r0,verify,12,2,2,2,0.7,0,0,NSGA-II,49.9333,0.0,52.1,2,37.7084,0.0,0.0,0.0,True,21.8,129.05,0.0,1.441,10000,False,True,0
ve_n12_m2_f2_c2_t0.7_r0,verify,12,2,2,2,0.7,0,0,LPT+EDD,58.7498,0.5,64.45,3,12.8278,36.8037,1.0,0.0,False,21.8,169.49,6.4,0.002,3,False,True,0
ve_n12_m2_f2_c2_t0.7_r1,verify,12,2,2,2,0.7,1,0,CPM,41.1,0.0,47.1,2,10.1513,0.0,0.0,0.0,True,20.9,96.65,0.0,0.002,31,False,True,1
ve_n12_m2_f2_c2_t0.7_r1,verify,12,2,2,2,0.7,1,0,CPM-blind,42.8,0.0,48.8,2,9.0463,1.7,1.0,0.0,True,20.9,104.78,0.0,0.002,31,False,True,1
ve_n12_m2_f2_c2_t0.7_r1,verify,12,2,2,2,0.7,1,0,ALNS,42.8,0.0,48.8,2,9.0463,1.7,1.0,0.0,True,20.9,104.78,0.0,0.598,10000,False,True,1
ve_n12_m2_f2_c2_t0.7_r1,verify,12,2,2,2,0.7,1,0,NSGA-II,42.8,0.0,48.8,2,9.0463,1.7,1.0,0.0,True,20.9,104.78,0.0,1.409,10000,False,True,1
ve_n12_m2_f2_c2_t0.7_r1,verify,12,2,2,2,0.7,1,0,LPT+EDD,52.75,0.5,52.75,1,0.9413,38.9497,1.0,0.0,False,20.9,152.39,6.4,0.0,3,False,True,1
ve_n12_m2_f2_c2_t0.7_r2,verify,12,2,2,2,0.7,2,0,CPM,43.25,0.0,44.5,2,8.6185,0.0,0.0,0.0,True,26.1,65.71,0.0,0.002,31,False,True,2
ve_n12_m2_f2_c2_t0.7_r2,verify,12,2,2,2,0.7,2,0,CPM-blind,43.25,0.0,44.5,2,8.6185,0.0,0.0,0.0,True,26.1,65.71,0.0,0.002,31,False,True,2
ve_n12_m2_f2_c2_t0.7_r2,verify,12,2,2,2,0.7,2,0,ALNS,43.25,0.0,44.5,2,8.6185,0.0,0.0,0.0,True,26.1,65.71,0.0,0.856,10000,False,True,2
ve_n12_m2_f2_c2_t0.7_r2,verify,12,2,2,2,0.7,2,0,NSGA-II,43.25,0.0,44.5,2,8.6185,0.0,0.0,0.0,True,26.1,65.71,0.0,1.591,10000,False,True,2
ve_n12_m2_f2_c2_t0.7_r2,verify,12,2,2,2,0.7,2,0,LPT+EDD,50.9,0.5,50.9,1,0.9135,38.2761,1.0,0.0,False,26.1,95.02,6.4,0.002,3,False,True,2
ve_n12_m2_f2_c2_t0.7_r3,verify,12,2,2,2,0.7,3,0,CPM,48.9,0.0,48.9,1,28.8979,0.0,0.0,0.0,True,32.4,50.93,0.0,0.002,26,False,True,3
ve_n12_m2_f2_c2_t0.7_r3,verify,12,2,2,2,0.7,3,0,CPM-blind,51.0,0.0,51.0,1,26.5705,2.1,1.0,0.0,True,32.4,57.41,0.0,0.004,26,False,True,3
ve_n12_m2_f2_c2_t0.7_r3,verify,12,2,2,2,0.7,3,0,ALNS,51.0,0.0,51.0,1,26.5705,2.1,1.0,0.0,True,32.4,57.41,0.0,0.572,10000,False,True,3
ve_n12_m2_f2_c2_t0.7_r3,verify,12,2,2,2,0.7,3,0,NSGA-II,51.0,0.0,51.0,1,26.5705,2.1,1.0,0.0,True,32.4,57.41,0.0,1.296,10000,False,True,3
ve_n12_m2_f2_c2_t0.7_r3,verify,12,2,2,2,0.7,3,0,LPT+EDD,62.8332,0.5,67.25,2,5.5453,53.2609,1.0,0.0,False,32.4,93.93,6.4,0.0,3,False,True,3
ve_n12_m2_f2_c2_t0.7_r4,verify,12,2,2,2,0.7,4,0,CPM,45.1,0.0,55.6,2,3.7725,0.0,0.0,0.0,True,22.9,96.94,0.0,0.002,31,False,True,4
ve_n12_m2_f2_c2_t0.7_r4,verify,12,2,2,2,0.7,4,0,CPM-blind,45.1,0.0,55.6,2,3.7725,0.0,0.0,0.0,True,22.9,96.94,0.0,0.002,31,False,True,4
ve_n12_m2_f2_c2_t0.7_r4,verify,12,2,2,2,0.7,4,0,ALNS,45.1,0.0,55.6,2,3.7725,0.0,0.0,0.0,True,22.9,96.94,0.0,0.683,10000,False,True,4
ve_n12_m2_f2_c2_t0.7_r4,verify,12,2,2,2,0.7,4,0,NSGA-II,45.1,0.0,55.6,2,3.7725,0.0,0.0,0.0,True,22.9,96.94,0.0,1.184,10000,False,True,4
ve_n12_m2_f2_c2_t0.7_r4,verify,12,2,2,2,0.7,4,0,LPT+EDD,45.8,0.25,45.8,1,2.045,13.7761,1.0,0.0,False,22.9,100.0,3.2,0.0,3,False,True,4
ve_n12_m2_f2_c2_t0.7_r5,verify,12,2,2,2,0.7,5,0,CPM,56.25,0.0,57.5,2,9.7138,0.0,0.0,0.0,True,23.5,139.36,0.0,0.004,31,False,True,5
ve_n12_m2_f2_c2_t0.7_r5,verify,12,2,2,2,0.7,5,0,CPM-blind,56.25,0.0,57.5,2,9.7138,0.0,0.0,0.0,True,23.5,139.36,0.0,0.002,31,False,True,5
ve_n12_m2_f2_c2_t0.7_r5,verify,12,2,2,2,0.7,5,0,ALNS,56.25,0.0,57.5,2,9.7138,0.0,0.0,0.0,True,23.5,139.36,0.0,0.655,10000,False,True,5
ve_n12_m2_f2_c2_t0.7_r5,verify,12,2,2,2,0.7,5,0,NSGA-II,56.25,0.0,57.5,2,9.7138,0.0,0.0,0.0,True,23.5,139.36,0.0,1.515,10000,False,True,5
ve_n12_m2_f2_c2_t0.7_r5,verify,12,2,2,2,0.7,5,0,LPT+EDD,64.25,0.5,64.25,1,1.1138,38.3512,1.0,0.0,False,23.5,173.4,6.4,0.0,3,False,True,5
ve_n12_m2_f2_c2_t0.7_r6,verify,12,2,2,2,0.7,6,0,CPM,61.9,0.0,61.9,1,21.0231,0.0,0.0,0.0,True,35.9,72.42,0.0,0.006,47,False,True,6
ve_n12_m2_f2_c2_t0.7_r6,verify,12,2,2,2,0.7,6,0,CPM-blind,62.1,0.0,62.1,1,20.8565,0.2,1.0,0.0,True,35.9,72.98,0.0,0.002,30,False,True,6
ve_n12_m2_f2_c2_t0.7_r6,verify,12,2,2,2,0.7,6,0,ALNS,62.1,0.0,62.1,1,20.8565,0.2,1.0,0.0,True,35.9,72.98,0.0,0.608,10000,False,True,6
ve_n12_m2_f2_c2_t0.7_r6,verify,12,2,2,2,0.7,6,0,NSGA-II,62.1,0.0,62.1,1,20.8565,0.2,1.0,0.0,True,35.9,72.98,0.0,1.234,10000,False,True,6
ve_n12_m2_f2_c2_t0.7_r6,verify,12,2,2,2,0.7,6,0,LPT+EDD,70.5998,0.5,78.3,3,4.5481,52.6209,1.0,0.0,False,35.9,96.66,6.4,0.0,3,False,True,6
ve_n12_m2_f2_c2_t0.7_r7,verify,12,2,2,2,0.7,7,0,CPM,63.2,0.0,74.7,2,25.2052,0.0,0.0,0.0,True,23.4,170.09,0.0,0.004,51,False,True,7
ve_n12_m2_f2_c2_t0.7_r7,verify,12,2,2,2,0.7,7,0,CPM-blind,63.5,0.0,75.0,2,24.7902,0.3,1.0,0.0,True,23.4,171.37,0.0,0.002,31,False,True,7
ve_n12_m2_f2_c2_t0.7_r7,verify,12,2,2,2,0.7,7,0,ALNS,63.5,0.0,75.0,2,24.7902,0.3,1.0,0.0,True,23.4,171.37,0.0,0.696,10000,False,True,7
ve_n12_m2_f2_c2_t0.7_r7,verify,12,2,2,2,0.7,7,0,NSGA-II,63.5,0.0,75.0,2,24.7902,0.3,1.0,0.0,True,23.4,171.37,0.0,1.376,10000,False,True,7
ve_n12_m2_f2_c2_t0.7_r7,verify,12,2,2,2,0.7,7,0,LPT+EDD,68.5664,0.5,71.6,2,11.1681,38.2347,1.0,0.0,False,23.4,193.02,6.4,0.0,3,False,True,7
ve_n12_m2_f2_c2_t0.7_r8,verify,12,2,2,2,0.7,8,0,CPM,61.8,0.0,70.5,2,10.2473,0.0,0.0,0.0,True,28.5,116.84,0.0,0.004,35,False,True,8
ve_n12_m2_f2_c2_t0.7_r8,verify,12,2,2,2,0.7,8,0,CPM-blind,62.4,0.0,70.5,2,9.9523,0.3,0.5,0.0,True,28.5,118.95,0.0,0.002,35,False,True,8
ve_n12_m2_f2_c2_t0.7_r8,verify,12,2,2,2,0.7,8,0,ALNS,62.4,0.0,70.5,2,9.9523,0.3,0.5,0.0,True,28.5,118.95,0.0,0.813,10000,False,True,8
ve_n12_m2_f2_c2_t0.7_r8,verify,12,2,2,2,0.7,8,0,NSGA-II,62.4,0.0,70.5,2,9.9523,0.3,0.5,0.0,True,28.5,118.95,0.0,1.13,10000,False,True,8
ve_n12_m2_f2_c2_t0.7_r8,verify,12,2,2,2,0.7,8,0,LPT+EDD,64.4999,0.5,69.4,2,2.9867,38.0709,1.0,0.0,False,28.5,126.32,6.4,0.0,3,False,True,8
ve_n12_m2_f2_c2_t0.7_r9,verify,12,2,2,2,0.7,9,0,CPM,58.15,0.0,63.9,2,15.1027,3.0543,0.0,0.0,True,17.6,230.4,0.0,0.004,31,False,True,9
ve_n12_m2_f2_c2_t0.7_r9,verify,12,2,2,2,0.7,9,0,CPM-blind,58.15,0.0,63.9,2,15.1027,3.0543,0.0,0.0,True,17.6,230.4,0.0,0.002,31,False,True,9
ve_n12_m2_f2_c2_t0.7_r9,verify,12,2,2,2,0.7,9,0,ALNS,54.3332,0.0,63.9,3,17.011,0.0,0.0,0.0,True,17.6,208.71,0.0,1.955,10000,False,True,9
ve_n12_m2_f2_c2_t0.7_r9,verify,12,2,2,2,0.7,9,0,NSGA-II,54.3332,0.0,63.9,3,17.011,0.0,0.0,0.0,True,17.6,208.71,0.0,4.231,10000,False,True,9
ve_n12_m2_f2_c2_t0.7_r9,verify,12,2,2,2,0.7,9,0,LPT+EDD,59.8332,0.5,70.0,2,4.3605,33.6379,1.0,0.0,False,17.6,239.96,6.4,0.0,3,False,True,9
ve_n12_m3_f2_c2_t0.3_r0,verify,12,3,2,2,0.3,0,-1,CPM,8.0,0.0,13.0,2,1.4875,0.0,0.0,0.0,True,0.8,900.0,0.0,0.019,100,False,True,0
ve_n12_m3_f2_c2_t0.3_r0,verify,12,3,2,2,0.3,0,-1,CPM-blind,8.0,0.0,13.0,2,1.4875,0.0,0.0,0.0,True,0.8,900.0,0.0,0.021,100,False,True,0
ve_n12_m3_f2_c2_t0.3_r0,verify,12,3,2,2,0.3,0,-1,ALNS,8.0,0.0,13.0,2,1.4875,0.0,0.0,0.0,True,0.8,900.0,0.0,2.075,10000,False,True,0
ve_n12_m3_f2_c2_t0.3_r0,verify,12,3,2,2,0.3,0,-1,NSGA-II,8.0,0.0,13.0,2,1.4875,0.0,0.0,0.0,True,0.8,900.0,0.0,4.074,10000,False,True,0
ve_n12_m3_f2_c2_t0.3_r0,verify,12,3,2,2,0.3,0,-1,LPT+EDD,8.0,0.25,8.0,1,0.9125,12.7475,0.0,0.0,False,0.8,900.0,3.2,0.0,3,False,True,0
ve_n12_m3_f2_c2_t0.3_r1,verify,12,3,2,2,0.3,1,-1,CPM,9.1,0.0,9.8,2,4.978,0.0,0.0,0.0,True,0.0,nan,0.0,0.043,87,False,True,1
ve_n12_m3_f2_c2_t0.3_r1,verify,12,3,2,2,0.3,1,-1,CPM-blind,9.6,0.0,10.2,2,4.5655,0.45,1.0,0.0,True,0.0,nan,0.0,0.041,87,False,True,1
ve_n12_m3_f2_c2_t0.3_r1,verify,12,3,2,2,0.3,1,-1,ALNS,9.6,0.0,10.2,2,4.5655,0.45,1.0,0.0,True,0.0,nan,0.0,2.725,10000,False,True,1
ve_n12_m3_f2_c2_t0.3_r1,verify,12,3,2,2,0.3,1,-1,NSGA-II,9.6,0.0,10.2,2,4.5655,0.45,1.0,0.0,True,0.0,nan,0.0,4.11,10000,False,True,1
ve_n12_m3_f2_c2_t0.3_r1,verify,12,3,2,2,0.3,1,-1,LPT+EDD,12.6,0.75,12.6,1,0.3955,50.148,1.0,0.0,False,0.0,nan,9.6,0.0,3,False,True,1
ve_n12_m3_f2_c2_t0.3_r2,verify,12,3,2,2,0.3,2,-1,CPM,4.85,0.0,6.2,2,2.4469,0.0,0.0,0.0,True,0.0,nan,0.0,0.024,100,False,True,2
ve_n12_m3_f2_c2_t0.3_r2,verify,12,3,2,2,0.3,2,-1,CPM-blind,7.55,0.0,8.3,2,1.5844,2.4,1.0,0.0,True,0.0,nan,0.0,0.019,100,False,True,2
ve_n12_m3_f2_c2_t0.3_r2,verify,12,3,2,2,0.3,2,-1,ALNS,7.55,0.0,8.3,2,1.5844,2.4,1.0,0.0,True,0.0,nan,0.0,2.325,10000,False,True,2
ve_n12_m3_f2_c2_t0.3_r2,verify,12,3,2,2,0.3,2,-1,NSGA-II,7.55,0.0,8.3,2,1.5844,2.4,1.0,0.0,True,0.0,nan,0.0,3.925,10000,False,True,2
ve_n12_m3_f2_c2_t0.3_r2,verify,12,3,2,2,0.3,2,-1,LPT+EDD,10.25,0.25,10.25,1,0.2531,15.363,1.0,0.0,False,0.0,nan,3.2,0.0,3,False,True,2
ve_n12_m3_f2_c2_t0.3_r3,verify,12,3,2,2,0.3,3,-1,CPM,13.55,0.0,18.6,3,15.1528,0.0,0.0,0.0,True,2.0,577.5,0.0,0.032,103,False,True,3
ve_n12_m3_f2_c2_t0.3_r3,verify,12,3,2,2,0.3,3,-1,CPM-blind,13.55,0.0,18.6,3,15.1528,0.0,0.0,0.0,True,2.0,577.5,0.0,0.043,103,False,True,3
ve_n12_m3_f2_c2_t0.3_r3,verify,12,3,2,2,0.3,3,-1,ALNS,13.55,0.0,18.6,3,15.1528,0.0,0.0,0.0,True,2.0,577.5,0.0,2.185,10000,False,True,3
ve_n12_m3_f2_c2_t0.3_r3,verify,12,3,2,2,0.3,3,-1,NSGA-II,13.55,0.0,18.6,3,15.1528,0.0,0.0,0.0,True,2.0,577.5,0.0,3.971,10000,False,True,3
ve_n12_m3_f2_c2_t0.3_r3,verify,12,3,2,2,0.3,3,-1,LPT+EDD,19.6666,0.6666,26.1998,3,2.5731,43.8019,1.0,0.0,False,2.0,883.33,8.532,0.0,3,False,True,3
ve_n12_m3_f2_c2_t0.3_r4,verify,12,3,2,2,0.3,4,-1,CPM,11.65,0.0,16.9,2,1.9125,0.0,0.0,0.0,True,1.9,513.16,0.0,0.048,80,False,True,4
ve_n12_m3_f2_c2_t0.3_r4,verify,12,3,2,2,0.3,4,-1,CPM-blind,12.25,0.0,17.5,2,1.6875,0.6,1.0,0.0,True,1.9,544.74,0.0,0.047,80,False,True,4
ve_n12_m3_f2_c2_t0.3_r4,verify,12,3,2,2,0.3,4,-1,ALNS,12.25,0.0,17.5,2,1.6875,0.6,1.0,0.0,True,1.9,544.74,0.0,2.814,10000,False,True,4
ve_n12_m3_f2_c2_t0.3_r4,verify,12,3,2,2,0.3,4,-1,NSGA-II,12.25,0.0,17.5,2,1.6875,0.6,1.0,0.0,True,1.9,544.74,0.0,3.982,10000,False,True,4
ve_n12_m3_f2_c2_t0.3_r4,verify,12,3,2,2,0.3,4,-1,LPT+EDD,12.25,0.25,12.25,1,1.0,13.0144,1.0,0.0,False,1.9,544.74,3.2,0.0,3,False,True,4
ve_n12_m3_f2_c2_t0.3_r5,verify,12,3,2,2,0.3,5,-1,CPM,12.45,0.0,13.2,2,2.5282,0.0,0.0,0.0,True,0.0,nan,0.0,0.032,80,False,True,5
ve_n12_m3_f2_c2_t0.3_r5,verify,12,3,2,2,0.3,5,-1,CPM-blind,13.05,0.0,13.8,2,2.2483,0.6,1.0,0.0,True,0.0,nan,0.0,0.028,80,False,True,5
ve_n12_m3_f2_c2_t0.3_r5,verify,12,3,2,2,0.3,5,-1,ALNS,13.05,0.0,13.8,2,2.2483,0.6,1.0,0.0,True,0.0,nan,0.0,1.971,10000,False,True,5
ve_n12_m3_f2_c2_t0.3_r5,verify,12,3,2,2,0.3,5,-1,NSGA-II,13.05,0.0,13.8,2,2.2483,0.6,1.0,0.0,True,0.0,nan,0.0,4.343,10000,False,True,5
ve_n12_m3_f2_c2_t0.3_r5,verify,12,3,2,2,0.3,5,-1,LPT+EDD,15.6999,0.3333,15.6999,1,0.3427,21.1826,1.0,0.0,False,0.0,nan,4.266,0.0,3,False,True,5
ve_n12_m3_f2_c2_t0.3_r6,verify,12,3,2,2,0.3,6,-1,CPM,12.75,0.0,13.5,2,1.6012,0.0,0.0,0.0,True,0.5,2450.0,0.0,0.032,80,False,True,6
ve_n12_m3_f2_c2_t0.3_r6,verify,12,3,2,2,0.3,6,-1,CPM-blind,12.75,0.0,13.5,2,1.6012,0.0,0.0,0.0,True,0.5,2450.0,0.0,0.032,80,False,True,6
ve_n12_m3_f2_c2_t0.3_r6,verify,12,3,2,2,0.3,6,-1,ALNS,12.75,0.0,13.5,2,1.6012,0.0,0.0,0.0,True,0.5,2450.0,0.0,2.484,10000,False,True,6
ve_n12_m3_f2_c2_t0.3_r6,verify,12,3,2,2,0.3,6,-1,NSGA-II,12.75,0.0,13.5,2,1.6012,0.0,0.0,0.0,True,0.5,2450.0,0.0,4.106,10000,False,True,6
ve_n12_m3_f2_c2_t0.3_r6,verify,12,3,2,2,0.3,6,-1,LPT+EDD,14.1666,0.3333,14.1666,1,0.3222,20.8931,1.0,0.0,False,0.5,2733.32,4.266,0.0,3,False,True,6
ve_n12_m3_f2_c2_t0.3_r7,verify,12,3,2,2,0.3,7,-1,CPM,8.8,0.0,8.8,1,3.257,0.0,0.0,0.0,True,0.0,nan,0.0,0.064,134,False,True,7
ve_n12_m3_f2_c2_t0.3_r7,verify,12,3,2,2,0.3,7,-1,CPM-blind,10.5,0.0,10.5,1,1.9962,1.7,1.0,0.0,True,0.0,nan,0.0,0.047,86,False,True,7
ve_n12_m3_f2_c2_t0.3_r7,verify,12,3,2,2,0.3,7,-1,ALNS,10.5,0.0,10.5,1,1.9962,1.7,1.0,0.0,True,0.0,nan,0.0,2.654,10000,False,True,7
ve_n12_m3_f2_c2_t0.3_r7,verify,12,3,2,2,0.3,7,-1,NSGA-II,10.5,0.0,10.5,1,1.9962,1.7,1.0,0.0,True,0.0,nan,0.0,4.558,10000,False,True,7
ve_n12_m3_f2_c2_t0.3_r7,verify,12,3,2,2,0.3,7,-1,LPT+EDD,11.0833,0.5833,11.0833,1,0.3338,58.3747,1.0,0.0,False,0.0,nan,7.466,0.0,3,False,True,7
ve_n12_m3_f2_c2_t0.3_r8,verify,12,3,2,2,0.3,8,-1,CPM,19.15,0.0,20.0,3,2.5178,4.2424,0.3333,0.0,True,4.6,316.3,0.0,0.017,103,False,True,8
ve_n12_m3_f2_c2_t0.3_r8,verify,12,3,2,2,0.3,8,-1,CPM-blind,19.15,0.0,20.0,3,2.5178,4.2424,0.3333,0.0,True,4.6,316.3,0.0,0.046,103,False,True,8
ve_n12_m3_f2_c2_t0.3_r8,verify,12,3,2,2,0.3,8,-1,ALNS,17.4166,0.0,20.0,4,3.1214,0.0,0.0,0.0,True,4.6,278.62,0.0,2.203,10000,False,True,8
ve_n12_m3_f2_c2_t0.3_r8,verify,12,3,2,2,0.3,8,-1,NSGA-II,17.4166,0.0,20.0,4,3.1214,0.0,0.0,0.0,True,4.6,278.62,0.0,3.942,10000,False,True,8
ve_n12_m3_f2_c2_t0.3_r8,verify,12,3,2,2,0.3,8,-1,LPT+EDD,17.4166,0.5833,17.4166,1,0.884,29.2008,0.0,0.0,False,4.6,278.62,7.466,0.0,3,False,True,8
ve_n12_m3_f2_c2_t0.3_r9,verify,12,3,2,2,0.3,9,-1,CPM,18.05,0.0,18.3,2,4.0416,12.6137,0.0,0.0,True,0.0,nan,0.0,0.016,96,False,True,9
ve_n12_m3_f2_c2_t0.3_r9,verify,12,3,2,2,0.3,9,-1,CPM-blind,18.05,0.0,18.3,2,4.0416,12.6137,0.0,0.0,True,0.0,nan,0.0,0.047,96,False,True,9
ve_n12_m3_f2_c2_t0.3_r9,verify,12,3,2,2,0.3,9,-1,ALNS,14.8665,0.0,18.3,4,6.2531,0.0,0.0,0.0,True,0.0,nan,0.0,2.609,10000,False,True,9
ve_n12_m3_f2_c2_t0.3_r9,verify,12,3,2,2,0.3,9,-1,NSGA-II,14.8665,0.0,18.3,4,6.2531,0.0,0.0,0.0,True,0.0,nan,0.0,4.275,10000,False,True,9
ve_n12_m3_f2_c2_t0.3_r9,verify,12,3,2,2,0.3,9,-1,LPT+EDD,17.2832,0.6666,18.8665,2,1.5784,36.4542,1.0,0.0,False,0.0,nan,8.532,0.0,3,False,True,9
ve_n12_m3_f2_c2_t0.5_r0,verify,12,3,2,2,0.5,0,-1,CPM,42.4,0.0,43.9,2,9.3441,3.3708,0.0,0.0,True,20.8,103.85,0.0,0.034,106,False,True,0
ve_n12_m3_f2_c2_t0.5_r0,verify,12,3,2,2,0.5,0,-1,CPM-blind,43.5,0.0,45.0,2,8.0242,4.3247,1.0,0.0,True,20.8,109.13,0.0,0.033,106,False,True,0
ve_n12_m3_f2_c2_t0.5_r0,verify,12,3,2,2,0.5,0,-1,ALNS,36.6666,0.0,45.0,3,13.946,0.7333,0.6667,0.0,True,20.8,76.28,0.0,2.658,10000,False,True,0
ve_n12_m3_f2_c2_t0.5_r0,verify,12,3,2,2,0.5,0,-1,NSGA-II,36.6666,0.0,45.0,3,13.946,0.7333,0.6667,0.0,True,20.8,76.28,0.0,3.929,10000,False,True,0
ve_n12_m3_f2_c2_t0.5_r0,verify,12,3,2,2,0.5,0,-1,LPT+EDD,40.7998,0.3333,42.4999,2,7.2728,15.8411,1.0,0.0,False,20.8,96.15,4.266,0.0,3,False,True,0
ve_n12_m3_f2_c2_t0.5_r1,verify,12,3,2,2,0.5,1,-1,CPM,27.2,0.0,27.2,1,13.921,0.0,0.0,0.0,True,4.0,580.0,0.0,0.087,199,False,True,1
ve_n12_m3_f2_c2_t0.5_r1,verify,12,3,2,2,0.5,1,-1,CPM-blind,29.1,0.0,31.2,3,11.576,4.0,1.0,0.0,True,4.0,627.5,0.0,0.048,103,False,True,1
ve_n12_m3_f2_c2_t0.5_r1,verify,12,3,2,2,0.5,1,-1,ALNS,28.5333,0.0,31.2,3,11.953,4.0,1.0,0.0,True,4.0,613.33,0.0,2.674,10000,False,True,1
ve_n12_m3_f2_c2_t0.5_r1,verify,12,3,2,2,0.5,1,-1,NSGA-II,28.5333,0.0,31.2,3,11.953,4.0,1.0,0.0,True,4.0,613.33,0.0,3.893,10000,False,True,1
ve_n12_m3_f2_c2_t0.5_r1,verify,12,3,2,2,0.5,1,-1,LPT+EDD,35.0,0.6666,37.4998,2,1.6649,67.451,1.0,0.0,False,4.0,775.0,8.532,0.002,3,False,True,1
ve_n12_m3_f2_c2_t0.5_r2,verify,12,3,2,2,0.5,2,-1,CPM,20.4,0.0,23.3,3,3.3335,0.0,0.0,0.0,True,3.4,500.0,0.0,0.04,103,False,True,2
ve_n12_m3_f2_c2_t0.5_r2,verify,12,3,2,2,0.5,2,-1,CPM-blind,20.5,0.0,23.4,3,3.2685,0.1,1.0,0.0,True,3.4,502.94,0.0,0.047,103,False,True,2
ve_n12_m3_f2_c2_t0.5_r2,verify,12,3,2,2,0.5,2,-1,ALNS,20.5,0.0,23.4,4,3.2713,0.1,1.0,0.0,True,3.4,502.94,0.0,2.39,10000,False,True,2
ve_n12_m3_f2_c2_t0.5_r2,verify,12,3,2,2,0.5,2,-1,NSGA-II,20.5,0.0,23.4,4,3.2713,0.1,1.0,0.0,True,3.4,502.94,0.0,4.432,10000,False,True,2
ve_n12_m3_f2_c2_t0.5_r2,verify,12,3,2,2,0.5,2,-1,LPT+EDD,20.7333,0.3333,20.7333,1,1.9023,19.4775,1.0,0.0,False,3.4,509.8,4.266,0.0,3,False,True,2
ve_n12_m3_f2_c2_t0.5_r3,verify,12,3,2,2,0.5,3,-1,CPM,34.1,0.0,36.1,3,13.3143,2.7934,0.3333,0.0,True,11.9,186.55,0.0,0.016,103,False,True,3
ve_n12_m3_f2_c2_t0.5_r3,verify,12,3,2,2,0.5,3,-1,CPM-blind,34.8,0.0,36.1,3,12.7776,3.0618,0.6667,0.0,True,11.9,192.44,0.0,0.048,103,False,True,3
ve_n12_m3_f2_c2_t0.5_r3,verify,12,3,2,2,0.5,3,-1,ALNS,33.4333,0.0,36.1,3,13.7532,0.2333,0.3333,0.0,True,11.9,180.95,0.0,2.008,10000,False,True,3
ve_n12_m3_f2_c2_t0.5_r3,verify,12,3,2,2,0.5,3,-1,NSGA-II,33.4333,0.0,36.1,3,13.7532,0.2333,0.3333,0.0,True,11.9,180.95,0.0,1.501,10000,False,True,3
ve_n12_m3_f2_c2_t0.5_r3,verify,12,3,2,2,0.5,3,-1,LPT+EDD,38.3999,0.6666,42.4998,3,2.8891,47.9858,1.0,0.0,False,11.9,222.69,8.532,0.0,3,False,True,3
ve_n12_m3_f2_c2_t0.5_r4,verify,12,3,2,2,0.5,4,-1,CPM,27.8,0.0,31.3,3,4.022,0.0,0.0,0.0,True,9.1,205.49,0.0,0.016,103,False,True,4
ve_n12_m3_f2_c2_t0.5_r4,verify,12,3,2,2,0.5,4,-1,CPM-blind,27.8,0.0,31.3,3,4.022,0.0,0.0,0.0,True,9.1,205.49,0.0,0.016,103,False,True,4
ve_n12_m3_f2_c2_t0.5_r4,verify,12,3,2,2,0.5,4,-1,ALNS,27.8,0.0,31.3,3,4.022,0.0,0.0,0.0,True,9.1,205.49,0.0,0.887,10000,False,True,4
ve_n12_m3_f2_c2_t0.5_r4,verify,12,3,2,2,0.5,4,-1,NSGA-II,27.8,0.0,31.3,3,4.022,0.0,0.0,0.0,True,9.1,205.49,0.0,1.454,10000,False,True,4
ve_n12_m3_f2_c2_t0.5_r4,verify,12,3,2,2,0.5,4,-1,LPT+EDD,29.7,0.25,29.7,1,2.292,17.2577,1.0,0.0,False,9.1,226.37,3.2,0.0,3,False,True,4
ve_n12_m3_f2_c2_t0.5_r5,verify,12,3,2,2,0.5,5,-1,CPM,26.85,0.0,27.9,3,13.2898,0.0,0.0,0.0,True,9.0,198.33,0.0,0.016,108,False,True,5
ve_n12_m3_f2_c2_t0.5_r5,verify,12,3,2,2,0.5,5,-1,CPM-blind,28.95,0.0,30.0,3,11.3473,2.1,1.0,0.0,True,9.0,221.67,0.0,0.016,108,False,True,5
ve_n12_m3_f2_c2_t0.5_r5,verify,12,3,2,2,0.5,5,-1,ALNS,28.95,0.0,30.0,3,11.3473,2.1,1.0,0.0,True,9.0,221.67,0.0,0.918,10000,False,True,5
ve_n12_m3_f2_c2_t0.5_r5,verify,12,3,2,2,0.5,5,-1,NSGA-II,28.95,0.0,30.0,3,11.3473,2.1,1.0,0.0,True,9.0,221.67,0.0,1.358,10000,False,True,5
ve_n12_m3_f2_c2_t0.5_r5,verify,12,3,2,2,0.5,5,-1,LPT+EDD,29.25,0.5833,36.9666,2,2.9553,32.0587,1.0,0.0,False,9.0,225.0,7.466,0.0,3,False,True,5
ve_n12_m3_f2_c2_t0.5_r6,verify,12,3,2,2,0.5,6,-1,CPM,26.05,0.0,27.8,2,10.8503,2.7934,0.0,0.0,True,4.2,520.24,0.0,0.016,96,False,True,6
ve_n12_m3_f2_c2_t0.5_r6,verify,12,3,2,2,0.5,6,-1,CPM-blind,26.05,0.0,27.8,2,10.8503,2.7934,0.0,0.0,True,4.2,520.24,0.0,0.016,96,False,True,6
ve_n12_m3_f2_c2_t0.5_r6,verify,12,3,2,2,0.5,6,-1,ALNS,25.1333,0.0,27.8,3,11.4767,0.0,0.0,0.0,True,4.2,498.41,0.0,0.906,10000,False,True,6
ve_n12_m3_f2_c2_t0.5_r6,verify,12,3,2,2,0.5,6,-1,NSGA-II,25.1333,0.0,27.8,3,11.4767,0.0,0.0,0.0,True,4.2,498.41,0.0,1.45,10000,False,True,6
ve_n12_m3_f2_c2_t0.5_r6,verify,12,3,2,2,0.5,6,-1,LPT+EDD,31.2833,0.6666,32.8665,3,1.867,47.7605,1.0,0.0,False,4.2,644.84,8.532,0.0,3,False,True,6
ve_n12_m3_f2_c2_t0.5_r7,verify,12,3,2,2,0.5,7,-1,CPM,18.05,0.0,18.5,2,7.354,0.0,0.0,0.0,True,5.6,222.32,0.0,0.019,141,False,True,7
ve_n12_m3_f2_c2_t0.5_r7,verify,12,3,2,2,0.5,7,-1,CPM-blind,21.8,0.0,21.8,1,5.1415,26.7202,1.0,0.0,True,5.6,289.29,0.0,0.006,86,False,True,7
ve_n12_m3_f2_c2_t0.5_r7,verify,12,3,2,2,0.5,7,-1,ALNS,21.8,0.0,21.8,1,5.1415,26.7202,1.0,0.0,True,5.6,289.29,0.0,0.719,10000,False,True,7
ve_n12_m3_f2_c2_t0.5_r7,verify,12,3,2,2,0.5,7,-1,NSGA-II,21.8,0.0,21.8,1,5.1415,26.7202,1.0,0.0,True,5.6,289.29,0.0,1.771,10000,False,True,7
ve_n12_m3_f2_c2_t0.5_r7,verify,12,3,2,2,0.5,7,-1,LPT+EDD,26.1,0.5,26.1,1,0.5415,29.3122,1.0,0.0,False,5.6,366.07,6.4,0.0,3,False,True,7
ve_n12_m3_f2_c2_t0.5_r8,verify,12,3,2,2,0.5,8,-1,CPM,24.4,0.0,25.9,2,3.3999,10.564,0.0,0.0,True,8.3,193.98,0.0,0.016,106,False,True,8
ve_n12_m3_f2_c2_t0.5_r8,verify,12,3,2,2,0.5,8,-1,CPM-blind,24.4,0.0,25.9,2,3.3999,10.564,0.0,0.0,True,8.3,193.98,0.0,0.0,106,False,True,8
ve_n12_m3_f2_c2_t0.5_r8,verify,12,3,2,2,0.5,8,-1,ALNS,21.4833,0.0,25.9,4,4.57,0.0,0.0,0.0,True,8.3,158.83,0.0,0.902,10000,False,True,8
ve_n12_m3_f2_c2_t0.5_r8,verify,12,3,2,2,0.5,8,-1,NSGA-II,21.4833,0.0,25.9,4,4.57,0.0,0.0,0.0,True,8.3,158.83,0.0,1.395,10000,False,True,8
ve_n12_m3_f2_c2_t0.5_r8,verify,12,3,2,2,0.5,8,-1,LPT+EDD,24.4,0.25,24.4,1,2.5024,16.8253,0.0,0.0,False,8.3,193.98,3.2,0.0,3,False,True,8
ve_n12_m3_f2_c2_t0.5_r9,verify,12,3,2,2,0.5,9,-1,CPM,15.0,0.0,15.0,1,1.163,0.0,0.0,0.0,True,10.6,41.51,0.0,0.0,76,False,True,9
ve_n12_m3_f2_c2_t0.5_r9,verify,12,3,2,2,0.5,9,-1,CPM-blind,18.7,0.0,18.7,1,0.793,3.7,1.0,0.0,True,10.6,76.42,0.0,0.016,76,False,True,9
ve_n12_m3_f2_c2_t0.5_r9,verify,12,3,2,2,0.5,9,-1,ALNS,18.7,0.0,18.7,1,0.793,3.7,1.0,0.0,True,10.6,76.42,0.0,0.695,10000,False,True,9
ve_n12_m3_f2_c2_t0.5_r9,verify,12,3,2,2,0.5,9,-1,NSGA-II,18.7,0.0,18.7,1,0.793,3.7,1.0,0.0,True,10.6,76.42,0.0,1.741,10000,False,True,9
ve_n12_m3_f2_c2_t0.5_r9,verify,12,3,2,2,0.5,9,-1,LPT+EDD,23.3,0.0,23.3,1,0.333,8.3,1.0,0.0,True,10.6,119.81,0.0,0.0,3,False,True,9
ve_n12_m3_f2_c2_t0.7_r0,verify,12,3,2,2,0.7,0,-1,CPM,52.7,0.0,52.7,1,16.2236,0.0,0.0,0.0,True,41.7,26.38,0.0,0.0,90,False,True,0
ve_n12_m3_f2_c2_t0.7_r0,verify,12,3,2,2,0.7,0,-1,CPM-blind,52.7,0.0,52.7,1,16.2236,0.0,0.0,0.0,True,41.7,26.38,0.0,0.016,90,False,True,0
ve_n12_m3_f2_c2_t0.7_r0,verify,12,3,2,2,0.7,0,-1,ALNS,52.7,0.0,52.7,1,16.2236,0.0,0.0,0.0,True,41.7,26.38,0.0,0.852,10000,False,True,0
ve_n12_m3_f2_c2_t0.7_r0,verify,12,3,2,2,0.7,0,-1,NSGA-II,52.7,0.0,52.7,1,16.2236,0.0,0.0,0.0,True,41.7,26.38,0.0,1.581,10000,False,True,0
ve_n12_m3_f2_c2_t0.7_r0,verify,12,3,2,2,0.7,0,-1,LPT+EDD,59.8665,0.5,64.7,2,3.295,51.4198,1.0,0.0,False,41.7,43.56,6.4,0.0,3,False,True,0
ve_n12_m3_f2_c2_t0.7_r1,verify,12,3,2,2,0.7,1,-1,CPM,41.8,0.0,41.8,1,14.1542,0.0,0.0,0.0,True,23.2,80.17,0.0,0.016,125,False,True,1
ve_n12_m3_f2_c2_t0.7_r1,verify,12,3,2,2,0.7,1,-1,CPM-blind,41.8,0.0,41.8,1,14.1542,0.0,0.0,0.0,True,23.2,80.17,0.0,0.013,80,False,True,1
ve_n12_m3_f2_c2_t0.7_r1,verify,12,3,2,2,0.7,1,-1,ALNS,41.8,0.0,41.8,1,14.1542,0.0,0.0,0.0,True,23.2,80.17,0.0,0.808,10000,False,True,1
ve_n12_m3_f2_c2_t0.7_r1,verify,12,3,2,2,0.7,1,-1,NSGA-II,41.8,0.0,41.8,1,14.1542,0.0,0.0,0.0,True,23.2,80.17,0.0,1.674,10000,False,True,1
ve_n12_m3_f2_c2_t0.7_r1,verify,12,3,2,2,0.7,1,-1,LPT+EDD,52.5332,0.6666,52.5332,1,1.0422,67.5186,1.0,0.0,False,23.2,126.44,8.532,0.0,3,False,True,1
ve_n12_m3_f2_c2_t0.7_r2,verify,12,3,2,2,0.7,2,-1,CPM,45.45,0.0,46.2,2,7.7662,0.0,0.0,0.0,True,27.2,67.1,0.0,0.016,80,False,True,2
ve_n12_m3_f2_c2_t0.7_r2,verify,12,3,2,2,0.7,2,-1,CPM-blind,45.45,0.0,46.2,2,7.7662,0.0,0.0,0.0,True,27.2,67.1,0.0,0.016,80,False,True,2
ve_n12_m3_f2_c2_t0.7_r2,verify,12,3,2,2,0.7,2,-1,ALNS,45.45,0.0,46.2,2,7.7662,0.0,0.0,0.0,True,27.2,67.1,0.0,0.869,10000,False,True,2
ve_n12_m3_f2_c2_t0.7_r2,verify,12,3,2,2,0.7,2,-1,NSGA-II,45.45,0.0,46.2,2,7.7662,0.0,0.0,0.0,True,27.2,67.1,0.0,1.613,10000,False,True,2
ve_n12_m3_f2_c2_t0.7_r2,verify,12,3,2,2,0.7,2,-1,LPT+EDD,46.55,0.3333,51.5332,2,2.6962,22.0344,1.0,0.0,False,27.2,71.14,4.266,0.0,3,False,True,2
ve_n12_m3_f2_c2_t0.7_r3,verify,12,3,2,2,0.7,3,-1,CPM,43.8,0.0,43.8,1,11.5294,16.7183,0.0,0.0,True,19.3,126.94,0.0,0.016,86,False,True,3
ve_n12_m3_f2_c2_t0.7_r3,verify,12,3,2,2,0.7,3,-1,CPM-blind,43.8,0.0,43.8,1,11.5294,16.7183,0.0,0.0,True,19.3,126.94,0.0,0.0,86,False,True,3
ve_n12_m3_f2_c2_t0.7_r3,verify,12,3,2,2,0.7,3,-1,ALNS,41.1333,0.0,43.8,2,13.596,0.0,0.0,0.0,True,19.3,113.13,0.0,0.807,10000,False,True,3
ve_n12_m3_f2_c2_t0.7_r3,verify,12,3,2,2,0.7,3,-1,NSGA-II,41.1333,0.0,43.8,2,13.596,0.0,0.0,0.0,True,19.3,113.13,0.0,1.467,10000,False,True,3
ve_n12_m3_f2_c2_t0.7_r3,verify,12,3,2,2,0.7,3,-1,LPT+EDD,43.1999,0.6666,48.3665,2,3.568,50.461,1.0,0.0,False,19.3,123.83,8.532,0.0,3,False,True,3
ve_n12_m3_f2_c2_t0.7_r4,verify,12,3,2,2,0.7,4,-1,CPM,44.6,0.0,44.6,1,30.7568,0.0,0.0,0.0,True,28.1,58.72,0.0,0.016,96,False,True,4
ve_n12_m3_f2_c2_t0.7_r4,verify,12,3,2,2,0.7,4,-1,CPM-blind,44.6,0.0,44.6,1,30.7568,0.0,0.0,0.0,True,28.1,58.72,0.0,0.016,96,False,True,4
ve_n12_m3_f2_c2_t0.7_r4,verify,12,3,2,2,0.7,4,-1,ALNS,44.6,0.0,44.6,1,30.7568,0.0,0.0,0.0,True,28.1,58.72,0.0,1.041,10000,False,True,4
ve_n12_m3_f2_c2_t0.7_r4,verify,12,3,2,2,0.7,4,-1,NSGA-II,44.6,0.0,44.6,1,30.7568,0.0,0.0,0.0,True,28.1,58.72,0.0,1.18,10000,False,True,4
ve_n12_m3_f2_c2_t0.7_r4,verify,12,3,2,2,0.7,4,-1,LPT+EDD,46.3499,0.75,59.85,3,8.5013,76.5347,1.0,0.0,False,28.1,64.95,9.6,0.0,3,False,True,4
ve_n12_m3_f2_c2_t0.7_r5,verify,12,3,2,2,0.7,5,-1,CPM,48.8,0.0,50.3,2,3.1387,3.5914,0.0,0.0,True,21.3,129.11,0.0,0.004,80,False,True,5
ve_n12_m3_f2_c2_t0.7_r5,verify,12,3,2,2,0.7,5,-1,CPM-blind,48.8,0.0,50.3,2,3.1387,3.5914,0.0,0.0,True,21.3,129.11,0.0,0.009,80,False,True,5
ve_n12_m3_f2_c2_t0.7_r5,verify,12,3,2,2,0.7,5,-1,ALNS,41.9666,0.0,50.3,3,4.0498,0.0,0.0,0.0,True,21.3,97.03,0.0,0.468,10000,False,True,5
ve_n12_m3_f2_c2_t0.7_r5,verify,12,3,2,2,0.7,5,-1,NSGA-II,41.9666,0.0,50.3,3,4.0498,0.0,0.0,0.0,True,21.3,97.03,0.0,0.881,10000,False,True,5
ve_n12_m3_f2_c2_t0.7_r5,verify,12,3,2,2,0.7,5,-1,LPT+EDD,42.0666,0.3333,42.0666,1,1.9017,15.0477,1.0,0.0,False,21.3,97.5,4.266,0.0,3,False,True,5
ve_n12_m3_f2_c2_t0.7_r6,verify,12,3,2,2,0.7,6,-1,CPM,47.6,0.0,47.6,1,13.9042,0.0,0.0,0.0,True,28.2,68.79,0.0,0.01,125,False,True,6
ve_n12_m3_f2_c2_t0.7_r6,verify,12,3,2,2,0.7,6,-1,CPM-blind,47.6,0.0,47.6,1,13.9042,0.0,0.0,0.0,True,28.2,68.79,0.0,0.003,80,False,True,6
ve_n12_m3_f2_c2_t0.7_r6,verify,12,3,2,2,0.7,6,-1,ALNS,47.6,0.0,47.6,1,13.9042,0.0,0.0,0.0,True,28.2,68.79,0.0,0.525,10000,False,True,6
ve_n12_m3_f2_c2_t0.7_r6,verify,12,3,2,2,0.7,6,-1,NSGA-II,47.6,0.0,47.6,1,13.9042,0.0,0.0,0.0,True,28.2,68.79,0.0,1.047,10000,False,True,6
ve_n12_m3_f2_c2_t0.7_r6,verify,12,3,2,2,0.7,6,-1,LPT+EDD,57.5332,0.6666,57.5332,1,1.1255,67.396,1.0,0.0,False,28.2,104.02,8.532,0.0,3,False,True,6
ve_n12_m3_f2_c2_t0.7_r7,verify,12,3,2,2,0.7,7,-1,CPM,49.1,0.0,49.1,1,9.9548,0.0,0.0,0.0,True,30.9,58.9,0.0,0.0,90,False,True,7
ve_n12_m3_f2_c2_t0.7_r7,verify,12,3,2,2,0.7,7,-1,CPM-blind,49.1,0.0,49.1,1,9.9548,0.0,0.0,0.0,True,30.9,58.9,0.0,0.0,90,False,True,7
ve_n12_m3_f2_c2_t0.7_r7,verify,12,3,2,2,0.7,7,-1,ALNS,49.1,0.0,49.1,1,9.9548,0.0,0.0,0.0,True,30.9,58.9,0.0,0.562,10000,False,True,7
ve_n12_m3_f2_c2_t0.7_r7,verify,12,3,2,2,0.7,7,-1,NSGA-II,49.1,0.0,49.1,1,9.9548,0.0,0.0,0.0,True,30.9,58.9,0.0,1.067,10000,False,True,7
ve_n12_m3_f2_c2_t0.7_r7,verify,12,3,2,2,0.7,7,-1,LPT+EDD,57.65,0.5,57.65,1,1.0148,50.7258,1.0,0.0,False,30.9,86.57,6.4,0.0,3,False,True,7
ve_n12_m3_f2_c2_t0.7_r8,verify,12,3,2,2,0.7,8,-1,CPM,45.2,0.0,47.2,3,11.6544,0.975,0.6667,0.0,True,20.3,122.66,0.0,0.007,182,False,True,8
ve_n12_m3_f2_c2_t0.7_r8,verify,12,3,2,2,0.7,8,-1,CPM-blind,45.75,0.0,49.0,4,10.3956,2.775,1.0,0.0,True,20.3,125.37,0.0,0.014,115,False,True,8
ve_n12_m3_f2_c2_t0.7_r8,verify,12,3,2,2,0.7,8,-1,ALNS,43.75,0.0,49.0,2,12.3081,0.9,0.5,0.0,True,20.3,115.52,0.0,0.561,10000,False,True,8
ve_n12_m3_f2_c2_t0.7_r8,verify,12,3,2,2,0.7,8,-1,NSGA-II,43.75,0.0,49.0,2,12.3081,0.9,0.5,0.0,True,20.3,115.52,0.0,0.969,10000,False,True,8
ve_n12_m3_f2_c2_t0.7_r8,verify,12,3,2,2,0.7,8,-1,LPT+EDD,52.25,0.75,52.25,1,1.0894,62.9436,1.0,0.0,False,20.3,157.39,9.6,0.0,3,False,True,8
ve_n12_m3_f2_c2_t0.7_r9,verify,12,3,2,2,0.7,9,-1,CPM,41.3,0.0,41.3,1,9.2333,0.0,0.0,0.0,True,31.3,31.95,0.0,0.0,90,False,True,9
ve_n12_m3_f2_c2_t0.7_r9,verify,12,3,2,2,0.7,9,-1,CPM-blind,45.3,0.0,45.3,1,6.6333,4.0,1.0,0.0,True,31.3,44.73,0.0,0.0,90,False,True,9
ve_n12_m3_f2_c2_t0.7_r9,verify,12,3,2,2,0.7,9,-1,ALNS,45.3,0.0,45.3,1,6.6333,4.0,1.0,0.0,True,31.3,44.73,0.0,0.471,10000,False,True,9
ve_n12_m3_f2_c2_t0.7_r9,verify,12,3,2,2,0.7,9,-1,NSGA-II,45.3,0.0,45.3,1,6.6333,4.0,1.0,0.0,True,31.3,44.73,0.0,1.065,10000,False,True,9
ve_n12_m3_f2_c2_t0.7_r9,verify,12,3,2,2,0.7,9,-1,LPT+EDD,49.55,0.5,49.55,1,0.8933,50.6761,1.0,0.0,False,31.3,58.31,6.4,0.0,3,False,True,9
ve_n16_m2_f3_c2_t0.3_r0,verify,16,2,3,2,0.3,0,1,CPM,16.2333,0.25,22.15,2,25.1792,0.0,0.0,0.25,True,0.0,nan,3.2,0.014,49,False,True,0
ve_n16_m2_f3_c2_t0.3_r0,verify,16,2,3,2,0.3,0,1,CPM-blind,17.7333,0.25,23.65,2,23.3417,1.5,1.0,0.25,True,0.0,nan,3.2,0.004,49,False,True,0
ve_n16_m2_f3_c2_t0.3_r0,verify,16,2,3,2,0.3,0,1,ALNS,17.7333,0.25,23.65,2,23.3417,1.5,1.0,0.25,True,0.0,nan,3.2,0.807,10000,False,True,0
ve_n16_m2_f3_c2_t0.3_r0,verify,16,2,3,2,0.3,0,1,NSGA-II,17.7333,0.25,23.65,2,23.3417,1.5,1.0,0.25,True,0.0,nan,3.2,0.994,10000,False,True,0
ve_n16_m2_f3_c2_t0.3_r0,verify,16,2,3,2,0.3,0,1,LPT+EDD,20.7667,0.9167,32.9001,3,5.6197,64.1026,1.0,0.25,False,0.0,nan,11.734,0.0,3,False,True,0
ve_n16_m2_f3_c2_t0.3_r1,verify,16,2,3,2,0.3,1,1,CPM,11.7999,0.25,48.85,4,41.5862,3.1125,0.25,0.25,True,0.0,nan,3.2,0.005,114,False,True,1
ve_n16_m2_f3_c2_t0.3_r1,verify,16,2,3,2,0.3,1,1,CPM-blind,13.8166,0.25,49.85,3,39.9952,10.2162,1.0,0.25,True,0.0,nan,3.2,0.012,65,False,True,1
ve_n16_m2_f3_c2_t0.3_r1,verify,16,2,3,2,0.3,1,1,ALNS,13.8166,0.25,49.85,3,34.4483,14.1167,1.0,0.25,True,0.0,nan,3.2,0.704,10000,False,True,1
ve_n16_m2_f3_c2_t0.3_r1,verify,16,2,3,2,0.3,1,1,NSGA-II,13.8166,0.25,36.4,3,41.1156,6.8537,0.6667,0.25,True,0.0,nan,3.2,0.922,10000,False,True,1
ve_n16_m2_f3_c2_t0.3_r1,verify,16,2,3,2,0.3,1,1,LPT+EDD,19.4832,0.9167,27.7168,2,12.2577,45.3368,1.0,0.25,False,0.0,nan,11.734,0.0,3,False,True,1
ve_n16_m2_f3_c2_t0.3_r2,verify,16,2,3,2,0.3,2,1,CPM,22.7332,0.25,54.8,4,49.8778,0.4,0.25,0.25,True,0.8,2741.65,3.2,0.016,78,False,True,2
ve_n16_m2_f3_c2_t0.3_r2,verify,16,2,3,2,0.3,2,1,CPM-blind,27.7332,0.25,59.8,4,43.9695,5.1833,1.0,0.25,True,0.8,3366.65,3.2,0.0,78,False,True,2
ve_n16_m2_f3_c2_t0.3_r2,verify,16,2,3,2,0.3,2,1,ALNS,26.0999,0.25,53.2,5,46.1115,4.5295,0.8,0.25,True,0.8,3162.49,3.2,0.579,10000,False,True,2
ve_n16_m2_f3_c2_t0.3_r2,verify,16,2,3,2,0.3,2,1,NSGA-II,25.9333,0.25,53.2,6,46.149,4.5295,0.8333,0.25,True,0.8,3141.66,3.2,0.869,10000,False,True,2
ve_n16_m2_f3_c2_t0.3_r2,verify,16,2,3,2,0.3,2,1,LPT+EDD,27.0666,1.0,27.0666,1,18.8639,51.2755,1.0,0.25,False,0.8,3283.32,12.8,0.0,3,False,True,2
ve_n16_m2_f3_c2_t0.3_r3,verify,16,2,3,2,0.3,3,1,CPM,31.2999,0.25,38.2,2,41.0699,6.3232,0.0,0.25,True,1.3,2307.68,3.2,0.003,47,False,True,3
ve_n16_m2_f3_c2_t0.3_r3,verify,16,2,3,2,0.3,3,1,CPM-blind,33.6999,0.25,38.2,2,38.0499,7.0182,0.5,0.25,True,1.3,2492.3,3.2,0.0,47,False,True,3
ve_n16_m2_f3_c2_t0.3_r3,verify,16,2,3,2,0.3,3,1,ALNS,30.5001,0.25,38.2,4,42.287,0.6,0.25,0.25,True,1.3,2246.16,3.2,0.814,10000,False,True,3
ve_n16_m2_f3_c2_t0.3_r3,verify,16,2,3,2,0.3,3,1,NSGA-II,30.5001,0.25,38.2,4,42.287,0.6,0.25,0.25,True,1.3,2246.16,3.2,0.935,10000,False,True,3
ve_n16_m2_f3_c2_t0.3_r3,verify,16,2,3,2,0.3,3,1,LPT+EDD,35.4165,0.9167,52.3168,3,15.0798,48.3865,1.0,0.25,False,1.3,2624.35,11.734,0.0,3,False,True,3
ve_n16_m2_f3_c2_t0.3_r4,verify,16,2,3,2,0.3,4,1,CPM,15.7666,0.25,24.6,2,17.7488,13.4088,0.0,0.25,True,0.0,nan,3.2,0.0,47,False,True,4
ve_n16_m2_f3_c2_t0.3_r4,verify,16,2,3,2,0.3,4,1,CPM-blind,15.7666,0.25,24.6,2,17.7488,13.4088,0.0,0.25,True,0.0,nan,3.2,0.016,47,False,True,4
ve_n16_m2_f3_c2_t0.3_r4,verify,16,2,3,2,0.3,4,1,ALNS,12.1,0.25,24.6,5,21.722,0.0,0.0,0.25,True,0.0,nan,3.2,0.753,10000,False,True,4
ve_n16_m2_f3_c2_t0.3_r4,verify,16,2,3,2,0.3,4,1,NSGA-II,12.1,0.25,24.6,5,21.722,0.0,0.0,0.25,True,0.0,nan,3.2,0.918,10000,False,True,4
ve_n16_m2_f3_c2_t0.3_r4,verify,16,2,3,2,0.3,4,1,LPT+EDD,18.5665,1.0834,20.1001,2,7.1738,44.2328,1.0,0.25,False,0.0,nan,13.868,0.0,3,False,True,4
ve_n16_m2_f3_c2_t0.3_r5,verify,16,2,3,2,0.3,5,1,CPM,10.1333,0.25,11.45,2,71.9167,2.8061,0.0,0.25,True,0.0,nan,3.2,0.0,47,False,True,5
ve_n16_m2_f3_c2_t0.3_r5,verify,16,2,3,2,0.3,5,1,CPM-blind,10.3333,0.25,11.65,2,71.4884,2.9499,1.0,0.25,True,0.0,nan,3.2,0.016,47,False,True,5
ve_n16_m2_f3_c2_t0.3_r5,verify,16,2,3,2,0.3,5,1,ALNS,10.2333,0.25,11.65,2,72.0234,8.4001,0.5,0.25,True,0.0,nan,3.2,0.767,10000,False,True,5
ve_n16_m2_f3_c2_t0.3_r5,verify,16,2,3,2,0.3,5,1,NSGA-II,10.2333,0.25,11.65,2,72.0234,8.4001,0.5,0.25,True,0.0,nan,3.2,0.98,10000,False,True,5
ve_n16_m2_f3_c2_t0.3_r5,verify,16,2,3,2,0.3,5,1,LPT+EDD,12.3833,1.0834,39.0169,3,25.8528,75.2919,1.0,0.25,False,0.0,nan,13.868,0.0,3,False,True,5
ve_n16_m2_f3_c2_t0.3_r6,verify,16,2,3,2,0.3,6,1,CPM,19.0166,0.25,33.85,3,18.648,0.0,0.0,0.25,True,0.0,nan,3.2,0.0,65,False,True,6
ve_n16_m2_f3_c2_t0.3_r6,verify,16,2,3,2,0.3,6,1,CPM-blind,19.0166,0.25,33.85,3,18.648,0.0,0.0,0.25,True,0.0,nan,3.2,0.016,65,False,True,6
ve_n16_m2_f3_c2_t0.3_r6,verify,16,2,3,2,0.3,6,1,ALNS,19.0166,0.25,33.85,3,17.3186,3.6811,0.3333,0.25,True,0.0,nan,3.2,0.817,10000,False,True,6
ve_n16_m2_f3_c2_t0.3_r6,verify,16,2,3,2,0.3,6,1,NSGA-II,19.0166,0.25,33.85,3,17.3186,3.6811,0.3333,0.25,True,0.0,nan,3.2,0.958,10000,False,True,6
ve_n16_m2_f3_c2_t0.3_r6,verify,16,2,3,2,0.3,6,1,LPT+EDD,20.9498,1.1666,20.9498,1,3.745,78.1489,1.0,0.25,False,0.0,nan,14.932,0.0,3,False,True,6
ve_n16_m2_f3_c2_t0.3_r7,verify,16,2,3,2,0.3,7,1,CPM,22.6499,0.25,68.65,3,80.7783,2.3554,0.0,0.25,True,1.4,1517.85,3.2,0.0,88,False,True,7
ve_n16_m2_f3_c2_t0.3_r7,verify,16,2,3,2,0.3,7,1,CPM-blind,25.1499,0.25,71.15,3,77.0283,4.5784,1.0,0.25,True,1.4,1696.42,3.2,0.0,53,False,True,7
ve_n16_m2_f3_c2_t0.3_r7,verify,16,2,3,2,0.3,7,1,ALNS,18.2667,0.25,71.15,4,84.8473,3.6054,0.75,0.25,True,1.4,1204.76,3.2,0.692,10000,False,True,7
ve_n16_m2_f3_c2_t0.3_r7,verify,16,2,3,2,0.3,7,1,NSGA-II,18.2667,0.3333,26.3999,3,84.1713,13.7463,0.6667,0.25,False,1.4,1204.76,4.266,0.951,10000,False,True,7
ve_n16_m2_f3_c2_t0.3_r7,verify,16,2,3,2,0.3,7,1,LPT+EDD,24.6166,0.5,30.8,2,62.1271,23.9781,1.0,0.25,False,1.4,1658.33,6.4,0.0,3,False,True,7
ve_n16_m2_f3_c2_t0.3_r8,verify,16,2,3,2,0.3,8,1,CPM,11.05,0.25,11.05,1,5.8697,0.0,0.0,0.25,True,0.0,nan,3.2,0.0,41,False,True,8
ve_n16_m2_f3_c2_t0.3_r8,verify,16,2,3,2,0.3,8,1,CPM-blind,15.45,0.25,15.45,1,3.3029,4.4,1.0,0.25,True,0.0,nan,3.2,0.0,41,False,True,8
ve_n16_m2_f3_c2_t0.3_r8,verify,16,2,3,2,0.3,8,1,ALNS,14.6167,0.25,15.45,2,3.6501,4.4,1.0,0.25,True,0.0,nan,3.2,0.685,10000,False,True,8
ve_n16_m2_f3_c2_t0.3_r8,verify,16,2,3,2,0.3,8,1,NSGA-II,14.6167,0.25,15.45,2,3.6501,4.4,1.0,0.25,True,0.0,nan,3.2,0.986,10000,False,True,8
ve_n16_m2_f3_c2_t0.3_r8,verify,16,2,3,2,0.3,8,1,LPT+EDD,18.2834,0.6667,18.2834,1,0.4714,42.2932,1.0,0.25,False,0.0,nan,8.534,0.0,3,False,True,8
ve_n16_m2_f3_c2_t0.3_r9,verify,16,2,3,2,0.3,9,1,CPM,48.6165,0.25,49.65,2,24.4211,0.0,0.0,0.25,True,2.0,2330.83,3.2,0.0,51,False,True,9
ve_n16_m2_f3_c2_t0.3_r9,verify,16,2,3,2,0.3,9,1,CPM-blind,52.9165,0.25,53.95,2,20.7301,4.3,1.0,0.25,True,2.0,2545.82,3.2,0.016,51,False,True,9
ve_n16_m2_f3_c2_t0.3_r9,verify,16,2,3,2,0.3,9,1,ALNS,52.9165,0.25,53.95,2,20.7301,4.3,1.0,0.25,True,2.0,2545.82,3.2,1.109,10000,False,True,9
ve_n16_m2_f3_c2_t0.3_r9,verify,16,2,3,2,0.3,9,1,NSGA-II,53.95,0.25,53.95,1,20.1875,19.027,1.0,0.25,True,2.0,2597.5,3.2,1.178,10000,False,True,9
ve_n16_m2_f3_c2_t0.3_r9,verify,16,2,3,2,0.3,9,1,LPT+EDD,69.5167,0.9167,69.5167,1,1.5241,54.4582,1.0,0.25,False,2.0,3375.84,11.734,0.0,3,False,True,9
ve_n16_m2_f3_c2_t0.5_r0,verify,16,2,3,2,0.5,0,1,CPM,54.5332,0.25,73.0,3,117.32,2.0842,0.0,0.25,True,15.0,263.55,3.2,0.028,170,False,True,0
ve_n16_m2_f3_c2_t0.5_r0,verify,16,2,3,2,0.5,0,1,CPM-blind,64.9832,0.25,80.5,2,101.3378,12.5369,1.0,0.25,True,15.0,333.22,3.2,0.0,77,False,True,0
ve_n16_m2_f3_c2_t0.5_r0,verify,16,2,3,2,0.5,0,1,ALNS,64.5832,0.25,80.5,4,103.7729,5.4167,0.75,0.25,True,15.0,330.55,3.2,0.811,10000,False,True,0
ve_n16_m2_f3_c2_t0.5_r0,verify,16,2,3,2,0.5,0,1,NSGA-II,64.5832,0.25,81.1,4,103.7229,5.5667,0.75,0.25,True,15.0,330.55,3.2,0.938,10000,False,True,0
ve_n16_m2_f3_c2_t0.5_r0,verify,16,2,3,2,0.5,0,1,LPT+EDD,100.3168,1.1667,112.7169,3,18.8796,84.3696,1.0,0.25,False,15.0,568.78,14.934,0.0,3,False,True,0
ve_n16_m2_f3_c2_t0.5_r1,verify,16,2,3,2,0.5,1,1,CPM,55.9664,0.25,65.05,5,83.3152,0.0,0.0,0.25,True,4.7,1090.77,3.2,0.023,109,False,True,1
ve_n16_m2_f3_c2_t0.5_r1,verify,16,2,3,2,0.5,1,1,CPM-blind,56.5664,0.25,66.45,5,81.9377,0.53,0.8,0.25,True,4.7,1103.54,3.2,0.008,109,False,True,1
ve_n16_m2_f3_c2_t0.5_r1,verify,16,2,3,2,0.5,1,1,ALNS,56.5664,0.25,66.45,5,81.9377,0.53,0.8,0.25,True,4.7,1103.54,3.2,0.984,10000,False,True,1
ve_n16_m2_f3_c2_t0.5_r1,verify,16,2,3,2,0.5,1,1,NSGA-II,56.5664,0.25,66.45,5,81.9377,0.53,0.8,0.25,True,4.7,1103.54,3.2,0.969,10000,False,True,1
ve_n16_m2_f3_c2_t0.5_r1,verify,16,2,3,2,0.5,1,1,LPT+EDD,73.0997,1.3334,85.3335,2,14.836,76.9004,1.0,0.25,False,4.7,1455.31,17.068,0.0,3,False,True,1
ve_n16_m2_f3_c2_t0.5_r2,verify,16,2,3,2,0.5,2,1,CPM,28.1166,0.25,43.05,4,73.9687,4.5,0.5,0.25,True,0.0,nan,3.2,0.016,97,False,True,2
ve_n16_m2_f3_c2_t0.5_r2,verify,16,2,3,2,0.5,2,1,CPM-blind,34.0999,0.25,45.35,4,64.0805,7.3822,1.0,0.25,True,0.0,nan,3.2,0.0,97,False,True,2
ve_n16_m2_f3_c2_t0.5_r2,verify,16,2,3,2,0.5,2,1,ALNS,30.2166,0.25,45.35,3,73.8014,6.847,0.3333,0.25,True,0.0,nan,3.2,0.691,10000,False,True,2
ve_n16_m2_f3_c2_t0.5_r2,verify,16,2,3,2,0.5,2,1,NSGA-II,30.2166,0.25,45.35,3,73.8014,6.847,0.3333,0.25,True,0.0,nan,3.2,0.97,10000,False,True,2
ve_n16_m2_f3_c2_t0.5_r2,verify,16,2,3,2,0.5,2,1,LPT+EDD,39.0499,1.1667,60.2669,2,14.3284,73.1487,1.0,0.25,False,0.0,nan,14.934,0.0,3,False,True,2
ve_n16_m2_f3_c2_t0.5_r3,verify,16,2,3,2,0.5,3,1,CPM,31.85,0.25,31.85,1,17.4786,0.0,0.0,0.25,True,6.5,390.0,3.2,0.016,61,False,True,3
ve_n16_m2_f3_c2_t0.5_r3,verify,16,2,3,2,0.5,3,1,CPM-blind,35.75,0.25,35.75,1,15.2034,3.9,1.0,0.25,True,6.5,450.0,3.2,0.0,39,False,True,3
ve_n16_m2_f3_c2_t0.5_r3,verify,16,2,3,2,0.5,3,1,ALNS,33.9334,0.25,35.75,2,15.5062,3.9,1.0,0.25,True,6.5,422.05,3.2,0.576,10000,False,True,3
ve_n16_m2_f3_c2_t0.5_r3,verify,16,2,3,2,0.5,3,1,NSGA-II,33.9334,0.25,35.75,2,15.5062,3.9,1.0,0.25,True,6.5,422.05,3.2,0.998,10000,False,True,3
ve_n16_m2_f3_c2_t0.5_r3,verify,16,2,3,2,0.5,3,1,LPT+EDD,55.2831,0.5833,55.2831,1,1.6325,40.7431,1.0,0.25,False,6.5,750.51,7.466,0.0,3,False,True,3
ve_n16_m2_f3_c2_t0.5_r4,verify,16,2,3,2,0.5,4,1,CPM,42.25,0.25,42.25,1,49.4408,0.0,0.0,0.25,True,3.3,1180.3,3.2,0.0,61,False,True,4
ve_n16_m2_f3_c2_t0.5_r4,verify,16,2,3,2,0.5,4,1,CPM-blind,42.25,0.25,42.25,1,49.4408,0.0,0.0,0.25,True,3.3,1180.3,3.2,0.0,61,False,True,4
ve_n16_m2_f3_c2_t0.5_r4,verify,16,2,3,2,0.5,4,1,ALNS,42.25,0.25,42.25,1,49.4408,0.0,0.0,0.25,True,3.3,1180.3,3.2,0.654,10000,False,True,4
ve_n16_m2_f3_c2_t0.5_r4,verify,16,2,3,2,0.5,4,1,NSGA-II,42.25,0.25,42.25,1,49.4408,0.0,0.0,0.25,True,3.3,1180.3,3.2,1.146,10000,False,True,4
ve_n16_m2_f3_c2_t0.5_r4,verify,16,2,3,2,0.5,4,1,LPT+EDD,59.8835,1.3334,64.2001,2,5.6029,110.5412,1.0,0.25,False,3.3,1714.65,17.068,0.0,3,False,True,4
ve_n16_m2_f3_c2_t0.5_r5,verify,16,2,3,2,0.5,5,1,CPM,57.7166,0.25,58.3,2,7.5853,10.6549,0.0,0.25,True,5.7,912.57,3.2,0.001,45,False,True,5
ve_n16_m2_f3_c2_t0.5_r5,verify,16,2,3,2,0.5,5,1,CPM-blind,59.2166,0.25,59.8,2,6.2977,11.6217,1.0,0.25,True,5.7,938.89,3.2,0.01,45,False,True,5
ve_n16_m2_f3_c2_t0.5_r5,verify,16,2,3,2,0.5,5,1,ALNS,51.9334,0.25,59.8,4,8.7562,0.75,0.5,0.25,True,5.7,811.11,3.2,0.761,10000,False,True,5
ve_n16_m2_f3_c2_t0.5_r5,verify,16,2,3,2,0.5,5,1,NSGA-II,51.9334,0.25,59.8,4,8.7562,0.75,0.5,0.25,True,5.7,811.11,3.2,0.958,10000,False,True,5
ve_n16_m2_f3_c2_t0.5_r5,verify,16,2,3,2,0.5,5,1,LPT+EDD,53.9168,0.9167,53.9168,1,2.4655,31.8438,1.0,0.25,False,5.7,845.91,11.734,0.0,3,False,True,5
ve_n16_m2_f3_c2_t0.5_r6,verify,16,2,3,2,0.5,6,1,CPM,48.8831,0.25,53.8,3,116.2775,3.2158,0.3333,0.25,True,3.7,1221.16,3.2,0.001,75,False,True,6
ve_n16_m2_f3_c2_t0.5_r6,verify,16,2,3,2,0.5,6,1,CPM-blind,56.5166,0.25,60.5,2,96.4198,18.3823,1.0,0.25,True,3.7,1427.48,3.2,0.0,45,False,True,6
ve_n16_m2_f3_c2_t0.5_r6,verify,16,2,3,2,0.5,6,1,ALNS,48.9333,0.25,60.5,2,117.1954,21.6767,0.5,0.25,True,3.7,1222.52,3.2,0.709,10000,False,True,6
ve_n16_m2_f3_c2_t0.5_r6,verify,16,2,3,2,0.5,6,1,NSGA-II,48.9333,0.25,60.5,2,117.1954,21.6767,0.5,0.25,True,3.7,1222.52,3.2,1.011,10000,False,True,6
ve_n16_m2_f3_c2_t0.5_r6,verify,16,2,3,2,0.5,6,1,LPT+EDD,63.4331,1.0834,83.4836,3,40.1387,68.4801,1.0,0.25,False,3.7,1614.41,13.868,0.0,3,False,True,6
ve_n16_m2_f3_c2_t0.5_r7,verify,16,2,3,2,0.5,7,1,CPM,33.3332,0.25,39.45,4,14.8942,0.0,0.0,0.25,True,0.3,11011.07,3.2,0.016,162,False,True,7
ve_n16_m2_f3_c2_t0.5_r7,verify,16,2,3,2,0.5,7,1,CPM-blind,34.9333,0.25,41.75,4,12.8624,3.0581,1.0,0.25,True,0.3,11544.43,3.2,0.0,90,False,True,7
ve_n16_m2_f3_c2_t0.5_r7,verify,16,2,3,2,0.5,7,1,ALNS,34.9333,0.25,41.75,4,12.8624,3.0581,1.0,0.25,True,0.3,11544.43,3.2,0.903,10000,False,True,7
ve_n16_m2_f3_c2_t0.5_r7,verify,16,2,3,2,0.5,7,1,NSGA-II,34.9333,0.25,41.75,4,12.8624,3.0581,1.0,0.25,True,0.3,11544.43,3.2,0.988,10000,False,True,7
ve_n16_m2_f3_c2_t0.5_r7,verify,16,2,3,2,0.5,7,1,LPT+EDD,36.2498,1.3333,36.2498,1,2.4908,68.7961,1.0,0.25,False,0.3,11983.27,17.066,0.0,3,False,True,7
ve_n16_m2_f3_c2_t0.5_r8,verify,16,2,3,2,0.5,8,1,CPM,39.75,0.25,39.75,1,25.5473,0.0,0.0,0.25,True,5.1,679.41,3.2,0.011,39,False,True,8
ve_n16_m2_f3_c2_t0.5_r8,verify,16,2,3,2,0.5,8,1,CPM-blind,39.75,0.25,39.75,1,25.5473,0.0,0.0,0.25,True,5.1,679.41,3.2,0.002,39,False,True,8
ve_n16_m2_f3_c2_t0.5_r8,verify,16,2,3,2,0.5,8,1,ALNS,39.75,0.25,39.75,1,25.5473,0.0,0.0,0.25,True,5.1,679.41,3.2,0.625,10000,False,True,8
ve_n16_m2_f3_c2_t0.5_r8,verify,16,2,3,2,0.5,8,1,NSGA-II,39.75,0.25,39.75,1,25.5473,0.0,0.0,0.25,True,5.1,679.41,3.2,1.155,10000,False,True,8
ve_n16_m2_f3_c2_t0.5_r8,verify,16,2,3,2,0.5,8,1,LPT+EDD,49.0166,1.0834,52.8669,2,3.9363,84.3659,1.0,0.25,False,5.1,861.11,13.868,0.0,3,False,True,8
ve_n16_m2_f3_c2_t0.5_r9,verify,16,2,3,2,0.5,9,1,CPM,37.5332,0.25,74.45,4,41.1137,2.949,0.0,0.25,True,2.9,1194.25,3.2,0.016,91,False,True,9
ve_n16_m2_f3_c2_t0.5_r9,verify,16,2,3,2,0.5,9,1,CPM-blind,46.4833,0.25,84.95,3,33.0771,13.0075,1.0,0.25,True,2.9,1502.87,3.2,0.0,53,False,True,9
ve_n16_m2_f3_c2_t0.5_r9,verify,16,2,3,2,0.5,9,1,ALNS,44.3166,0.25,84.95,6,35.2697,7.2167,0.8333,0.25,True,2.9,1428.16,3.2,0.939,10000,False,True,9
ve_n16_m2_f3_c2_t0.5_r9,verify,16,2,3,2,0.5,9,1,NSGA-II,44.3166,0.3333,66.0333,4,34.1886,7.4851,0.75,0.25,False,2.9,1428.16,4.266,0.955,10000,False,True,9
ve_n16_m2_f3_c2_t0.5_r9,verify,16,2,3,2,0.5,9,1,LPT+EDD,60.1834,0.75,71.35,2,10.4169,37.7147,1.0,0.25,False,2.9,1975.29,9.6,0.0,3,False,True,9
ve_n16_m2_f3_c2_t0.7_r0,verify,16,2,3,2,0.7,0,1,CPM,82.5499,0.25,83.05,2,74.3021,0.0,0.0,0.25,True,27.5,200.18,3.2,0.007,79,False,True,0
ve_n16_m2_f3_c2_t0.7_r0,verify,16,2,3,2,0.7,0,1,CPM-blind,82.5499,0.25,83.05,2,74.3021,0.0,0.0,0.25,True,27.5,200.18,3.2,0.006,79,False,True,0
ve_n16_m2_f3_c2_t0.7_r0,verify,16,2,3,2,0.7,0,1,ALNS,82.5499,0.25,83.05,2,74.3021,0.0,0.0,0.25,True,27.5,200.18,3.2,0.747,10000,False,True,0
ve_n16_m2_f3_c2_t0.7_r0,verify,16,2,3,2,0.7,0,1,NSGA-II,82.5499,0.25,83.05,2,74.3021,0.0,0.0,0.25,True,27.5,200.18,3.2,1.031,10000,False,True,0
ve_n16_m2_f3_c2_t0.7_r0,verify,16,2,3,2,0.7,0,1,LPT+EDD,112.5003,1.1667,125.5503,2,8.4676,86.7588,1.0,0.25,False,27.5,309.09,14.934,0.0,3,False,True,0
ve_n16_m2_f3_c2_t0.7_r1,verify,16,2,3,2,0.7,1,1,CPM,103.3332,0.25,121.05,2,54.2704,20.2738,0.0,0.25,True,31.8,224.95,3.2,0.0,69,False,True,1
ve_n16_m2_f3_c2_t0.7_r1,verify,16,2,3,2,0.7,1,1,CPM-blind,103.8332,0.25,121.05,2,53.687,20.4426,0.5,0.25,True,31.8,226.52,3.2,0.016,69,False,True,1
ve_n16_m2_f3_c2_t0.7_r1,verify,16,2,3,2,0.7,1,1,ALNS,90.7501,0.25,121.05,7,67.7185,0.1309,0.2857,0.25,True,31.8,185.38,3.2,0.843,10000,False,True,1
ve_n16_m2_f3_c2_t0.7_r1,verify,16,2,3,2,0.7,1,1,NSGA-II,90.3335,0.25,121.05,7,67.9615,0.0714,0.1429,0.25,True,31.8,184.07,3.2,0.912,10000,False,True,1
ve_n16_m2_f3_c2_t0.7_r1,verify,16,2,3,2,0.7,1,1,LPT+EDD,102.6166,1.3334,129.5001,2,12.5324,73.6153,1.0,0.25,False,31.8,222.69,17.068,0.0,3,False,True,1
ve_n16_m2_f3_c2_t0.7_r2,verify,16,2,3,2,0.7,2,1,CPM,74.25,0.25,74.25,1,30.4905,0.0,0.0,0.25,True,29.6,150.84,3.2,0.0,39,False,True,2
ve_n16_m2_f3_c2_t0.7_r2,verify,16,2,3,2,0.7,2,1,CPM-blind,74.25,0.25,74.25,1,30.4905,0.0,0.0,0.25,True,29.6,150.84,3.2,0.0,39,False,True,2
ve_n16_m2_f3_c2_t0.7_r2,verify,16,2,3,2,0.7,2,1,ALNS,74.25,0.25,74.25,1,30.4905,0.0,0.0,0.25,True,29.6,150.84,3.2,0.858,10000,False,True,2
ve_n16_m2_f3_c2_t0.7_r2,verify,16,2,3,2,0.7,2,1,NSGA-II,74.25,0.25,74.25,1,30.4905,0.0,0.0,0.25,True,29.6,150.84,3.2,1.189,10000,False,True,2
ve_n16_m2_f3_c2_t0.7_r2,verify,16,2,3,2,0.7,2,1,LPT+EDD,84.4664,0.9167,91.0501,2,6.141,68.7541,1.0,0.25,False,29.6,185.36,11.734,0.0,3,False,True,2
ve_n16_m2_f3_c2_t0.7_r3,verify,16,2,3,2,0.7,3,1,CPM,96.6166,0.25,99.95,2,103.0406,0.0,0.0,0.25,True,36.3,166.16,3.2,0.01,45,False,True,3
ve_n16_m2_f3_c2_t0.7_r3,verify,16,2,3,2,0.7,3,1,CPM-blind,105.9166,0.25,110.35,2,86.1665,9.85,1.0,0.25,True,36.3,191.78,3.2,0.005,45,False,True,3
ve_n16_m2_f3_c2_t0.7_r3,verify,16,2,3,2,0.7,3,1,ALNS,103.3333,0.25,110.35,2,91.645,17.4387,1.0,0.25,True,36.3,184.66,3.2,0.795,10000,False,True,3
ve_n16_m2_f3_c2_t0.7_r3,verify,16,2,3,2,0.7,3,1,NSGA-II,103.3333,0.25,110.35,2,91.645,17.4387,1.0,0.25,True,36.3,184.66,3.2,1.035,10000,False,True,3
ve_n16_m2_f3_c2_t0.7_r3,verify,16,2,3,2,0.7,3,1,LPT+EDD,129.3333,1.0834,140.2669,3,22.1723,79.48,1.0,0.25,False,36.3,256.29,13.868,0.0,3,False,True,3
ve_n16_m2_f3_c2_t0.7_r4,verify,16,2,3,2,0.7,4,1,CPM,76.25,0.25,76.25,1,30.5523,0.0,0.0,0.25,True,32.6,133.9,3.2,0.016,47,False,True,4
ve_n16_m2_f3_c2_t0.7_r4,verify,16,2,3,2,0.7,4,1,CPM-blind,84.95,0.25,84.95,1,23.0845,8.7,1.0,0.25,True,32.6,160.58,3.2,0.0,47,False,True,4
ve_n16_m2_f3_c2_t0.7_r4,verify,16,2,3,2,0.7,4,1,ALNS,84.95,0.25,84.95,1,23.0845,8.7,1.0,0.25,True,32.6,160.58,3.2,0.839,10000,False,True,4
ve_n16_m2_f3_c2_t0.7_r4,verify,16,2,3,2,0.7,4,1,NSGA-II,84.95,0.25,84.95,1,23.0845,8.7,1.0,0.25,True,32.6,160.58,3.2,2.412,10000,False,True,4
ve_n16_m2_f3_c2_t0.7_r4,verify,16,2,3,2,0.7,4,1,LPT+EDD,100.7667,0.9167,100.7667,1,2.1231,71.0349,1.0,0.25,False,32.6,209.1,11.734,0.016,3,False,True,4
ve_n16_m2_f3_c2_t0.7_r5,verify,16,2,3,2,0.7,5,1,CPM,91.8498,0.25,92.3,2,29.8688,0.0,0.0,0.25,True,39.1,134.91,3.2,0.016,51,False,True,5
ve_n16_m2_f3_c2_t0.7_r5,verify,16,2,3,2,0.7,5,1,CPM-blind,96.3498,0.25,96.8,2,26.0061,4.5,1.0,0.25,True,39.1,146.42,3.2,0.016,51,False,True,5
ve_n16_m2_f3_c2_t0.7_r5,verify,16,2,3,2,0.7,5,1,ALNS,93.8833,0.25,96.8,2,27.3012,3.2668,1.0,0.25,True,39.1,140.11,3.2,1.999,10000,False,True,5
ve_n16_m2_f3_c2_t0.7_r5,verify,16,2,3,2,0.7,5,1,NSGA-II,93.8833,0.25,96.8,2,27.3012,3.2668,1.0,0.25,True,39.1,140.11,3.2,3.17,10000,False,True,5
ve_n16_m2_f3_c2_t0.7_r5,verify,16,2,3,2,0.7,5,1,LPT+EDD,114.3834,0.9167,114.3834,1,2.3841,55.2365,1.0,0.25,False,39.1,192.54,11.734,0.0,3,False,True,5
ve_n16_m2_f3_c2_t0.7_r6,verify,16,2,3,2,0.7,6,1,CPM,65.35,0.25,65.35,1,40.8456,0.0,0.0,0.25,True,30.0,117.83,3.2,0.0,94,False,True,6
ve_n16_m2_f3_c2_t0.7_r6,verify,16,2,3,2,0.7,6,1,CPM-blind,75.95,0.25,75.95,1,26.8881,10.6,1.0,0.25,True,30.0,153.17,3.2,0.014,61,False,True,6
ve_n16_m2_f3_c2_t0.7_r6,verify,16,2,3,2,0.7,6,1,ALNS,74.7166,0.25,75.95,3,27.4121,10.6,1.0,0.25,True,30.0,149.06,3.2,0.594,10000,False,True,6
ve_n16_m2_f3_c2_t0.7_r6,verify,16,2,3,2,0.7,6,1,NSGA-II,74.7166,0.25,75.95,3,27.4121,10.6,1.0,0.25,True,30.0,149.06,3.2,0.89,10000,False,True,6
ve_n16_m2_f3_c2_t0.7_r6,verify,16,2,3,2,0.7,6,1,LPT+EDD,81.0501,0.9167,86.7002,2,7.6043,70.0051,1.0,0.25,False,30.0,170.17,11.734,0.0,3,False,True,6
ve_n16_m2_f3_c2_t0.7_r7,verify,16,2,3,2,0.7,7,1,CPM,83.6832,0.25,88.35,2,29.9656,0.0,0.0,0.25,True,27.8,201.02,3.2,0.013,76,False,True,7
ve_n16_m2_f3_c2_t0.7_r7,verify,16,2,3,2,0.7,7,1,CPM-blind,95.7832,0.25,100.45,2,16.2518,12.1,1.0,0.25,True,27.8,244.54,3.2,0.0,79,False,True,7
ve_n16_m2_f3_c2_t0.7_r7,verify,16,2,3,2,0.7,7,1,ALNS,84.8502,0.25,100.45,6,24.3044,8.8395,1.0,0.25,True,27.8,205.22,3.2,0.85,10000,False,True,7
ve_n16_m2_f3_c2_t0.7_r7,verify,16,2,3,2,0.7,7,1,NSGA-II,84.8502,0.25,100.45,6,24.3044,8.8395,1.0,0.25,True,27.8,205.22,3.2,0.877,10000,False,True,7
ve_n16_m2_f3_c2_t0.7_r7,verify,16,2,3,2,0.7,7,1,LPT+EDD,87.6335,1.1667,87.6335,1,5.1701,75.0732,1.0,0.25,False,27.8,215.23,14.934,0.0,3,False,True,7
ve_n16_m2_f3_c2_t0.7_r8,verify,16,2,3,2,0.7,8,1,CPM,84.4999,0.25,103.85,2,116.2019,0.0,0.0,0.25,True,22.7,272.25,3.2,0.016,45,False,True,8
ve_n16_m2_f3_c2_t0.7_r8,verify,16,2,3,2,0.7,8,1,CPM-blind,90.6999,0.25,113.5,2,104.6158,7.925,1.0,0.25,True,22.7,299.56,3.2,0.0,45,False,True,8
ve_n16_m2_f3_c2_t0.7_r8,verify,16,2,3,2,0.7,8,1,ALNS,90.6999,0.25,113.5,3,106.8575,7.279,1.0,0.25,True,22.7,299.56,3.2,0.797,10000,False,True,8
ve_n16_m2_f3_c2_t0.7_r8,verify,16,2,3,2,0.7,8,1,NSGA-II,90.6999,0.25,113.5,3,106.8575,7.279,1.0,0.25,True,22.7,299.56,3.2,0.974,10000,False,True,8
ve_n16_m2_f3_c2_t0.7_r8,verify,16,2,3,2,0.7,8,1,LPT+EDD,99.1497,1.0834,142.1502,3,25.5969,84.0191,1.0,0.25,False,22.7,336.78,13.868,0.0,3,False,True,8
ve_n16_m2_f3_c2_t0.7_r9,verify,16,2,3,2,0.7,9,1,CPM,83.7333,0.25,90.15,2,39.0951,0.0,0.0,0.25,True,57.8,44.87,3.2,0.0,77,False,True,9
ve_n16_m2_f3_c2_t0.7_r9,verify,16,2,3,2,0.7,9,1,CPM-blind,94.9333,0.25,101.35,2,29.4813,10.4028,1.0,0.25,True,57.8,64.24,3.2,0.016,49,False,True,9
ve_n16_m2_f3_c2_t0.7_r9,verify,16,2,3,2,0.7,9,1,ALNS,94.9333,0.25,101.35,2,29.4813,10.4028,1.0,0.25,True,57.8,64.24,3.2,0.676,10000,False,True,9
ve_n16_m2_f3_c2_t0.7_r9,verify,16,2,3,2,0.7,9,1,NSGA-II,94.9333,0.25,101.35,2,29.4813,10.4028,1.0,0.25,True,57.8,64.24,3.2,0.97,10000,False,True,9
ve_n16_m2_f3_c2_t0.7_r9,verify,16,2,3,2,0.7,9,1,LPT+EDD,117.1834,0.9167,117.1834,1,2.4377,69.5958,1.0,0.25,False,57.8,102.74,11.734,0.0,3,False,True,9
ve_n16_m3_f3_c2_t0.3_r0,verify,16,3,3,2,0.3,0,0,CPM,11.6,0.0,12.5,2,8.857,0.0,0.0,0.0,True,0.2,5700.0,0.0,0.028,385,False,True,0
ve_n16_m3_f3_c2_t0.3_r0,verify,16,3,3,2,0.3,0,0,CPM-blind,13.9333,0.0,14.6,2,6.0599,5.3753,1.0,0.0,True,0.2,6866.65,0.0,0.027,246,False,True,0
ve_n16_m3_f3_c2_t0.3_r0,verify,16,3,3,2,0.3,0,0,ALNS,11.9167,0.0,14.6,4,7.8257,2.375,1.0,0.0,True,0.2,5858.35,0.0,0.691,10000,False,True,0
ve_n16_m3_f3_c2_t0.3_r0,verify,16,3,3,2,0.3,0,0,NSGA-II,11.9167,0.0,14.6,3,7.7966,5.2183,1.0,0.0,True,0.2,5858.35,0.0,0.919,10000,False,True,0
ve_n16_m3_f3_c2_t0.3_r0,verify,16,3,3,2,0.3,0,0,LPT+EDD,16.5167,1.0,16.5167,1,0.5303,87.6208,1.0,0.0,False,0.2,8158.35,12.8,0.0,3,False,True,0
ve_n16_m3_f3_c2_t0.3_r1,verify,16,3,3,2,0.3,1,0,CPM,9.6,0.0,15.4,2,13.384,0.0,0.0,0.0,True,0.3,3100.0,0.0,0.031,411,False,True,1
ve_n16_m3_f3_c2_t0.3_r1,verify,16,3,3,2,0.3,1,0,CPM-blind,13.85,0.0,24.0,3,8.6172,6.7,1.0,0.0,True,0.3,4516.67,0.0,0.016,270,False,True,1
ve_n16_m3_f3_c2_t0.3_r1,verify,16,3,3,2,0.3,1,0,ALNS,13.85,0.0,24.0,3,8.6172,6.7,1.0,0.0,True,0.3,4516.67,0.0,0.688,10000,False,True,1
ve_n16_m3_f3_c2_t0.3_r1,verify,16,3,3,2,0.3,1,0,NSGA-II,13.85,0.0,24.0,3,8.6172,6.7,1.0,0.0,True,0.3,4516.67,0.0,0.952,10000,False,True,1
ve_n16_m3_f3_c2_t0.3_r1,verify,16,3,3,2,0.3,1,0,LPT+EDD,14.0834,0.6667,14.0834,1,2.2195,54.2967,1.0,0.0,False,0.3,4594.47,8.534,0.0,3,False,True,1
ve_n16_m3_f3_c2_t0.3_r2,verify,16,3,3,2,0.3,2,0,CPM,10.7833,0.0,20.4,3,13.8851,0.0,0.0,0.0,True,1.8,499.07,0.0,0.016,235,False,True,2
ve_n16_m3_f3_c2_t0.3_r2,verify,16,3,3,2,0.3,2,0,CPM-blind,12.9833,0.0,22.3,3,11.5216,2.1,1.0,0.0,True,1.8,621.29,0.0,0.016,146,False,True,2
ve_n16_m3_f3_c2_t0.3_r2,verify,16,3,3,2,0.3,2,0,ALNS,12.9167,0.0,22.3,3,11.5955,6.9653,1.0,0.0,True,1.8,617.59,0.0,0.596,10000,False,True,2
ve_n16_m3_f3_c2_t0.3_r2,verify,16,3,3,2,0.3,2,0,NSGA-II,12.9167,0.0,22.3,3,11.5955,6.9653,1.0,0.0,True,1.8,617.59,0.0,0.921,10000,False,True,2
ve_n16_m3_f3_c2_t0.3_r2,verify,16,3,3,2,0.3,2,0,LPT+EDD,18.2834,0.75,18.6,2,2.5442,48.005,1.0,0.0,False,1.8,915.74,9.6,0.0,3,False,True,2
ve_n16_m3_f3_c2_t0.3_r3,verify,16,3,3,2,0.3,3,0,CPM,19.8,0.0,40.0,3,32.319,0.0,0.0,0.0,True,2.3,760.87,0.0,0.031,258,False,True,3
ve_n16_m3_f3_c2_t0.3_r3,verify,16,3,3,2,0.3,3,0,CPM-blind,23.7333,0.0,42.1,4,27.1806,3.6333,1.0,0.0,True,2.3,931.88,0.0,0.016,177,False,True,3
ve_n16_m3_f3_c2_t0.3_r3,verify,16,3,3,2,0.3,3,0,ALNS,23.4167,0.0,42.1,5,27.4075,3.6333,1.0,0.0,True,2.3,918.12,0.0,0.75,10000,False,True,3
ve_n16_m3_f3_c2_t0.3_r3,verify,16,3,3,2,0.3,3,0,NSGA-II,24.2,0.0,42.1,3,26.8072,3.6333,1.0,0.0,True,2.3,952.17,0.0,0.984,10000,False,True,3
ve_n16_m3_f3_c2_t0.3_r3,verify,16,3,3,2,0.3,3,0,LPT+EDD,30.6667,1.1667,30.6667,1,3.6061,92.207,1.0,0.0,False,2.3,1233.33,14.934,0.0,3,False,True,3
ve_n16_m3_f3_c2_t0.3_r4,verify,16,3,3,2,0.3,4,0,CPM,29.5,0.0,29.5,1,87.3048,0.0,0.0,0.0,True,2.8,953.57,0.0,0.048,269,False,True,4
ve_n16_m3_f3_c2_t0.3_r4,verify,16,3,3,2,0.3,4,0,CPM-blind,31.1,0.0,31.1,1,83.6248,1.6,1.0,0.0,True,2.8,1010.71,0.0,0.047,258,False,True,4
ve_n16_m3_f3_c2_t0.3_r4,verify,16,3,3,2,0.3,4,0,ALNS,31.1,0.0,31.1,1,83.6248,1.6,1.0,0.0,True,2.8,1010.71,0.0,0.933,10000,False,True,4
ve_n16_m3_f3_c2_t0.3_r4,verify,16,3,3,2,0.3,4,0,NSGA-II,31.1,0.0,31.1,1,83.6248,1.6,1.0,0.0,True,2.8,1010.71,0.0,1.174,10000,False,True,4
ve_n16_m3_f3_c2_t0.3_r4,verify,16,3,3,2,0.3,4,0,LPT+EDD,39.15,1.9167,60.4169,2,9.0791,194.1475,1.0,0.0,False,2.8,1298.21,24.534,0.0,3,False,True,4
ve_n16_m3_f3_c2_t0.3_r5,verify,16,3,3,2,0.3,5,0,CPM,10.1833,0.0,31.1,4,25.0562,0.0,0.0,0.0,True,0.0,nan,0.0,0.063,394,False,True,5
ve_n16_m3_f3_c2_t0.3_r5,verify,16,3,3,2,0.3,5,0,CPM-blind,17.2333,0.0,37.0,4,19.293,5.0875,1.0,0.0,True,0.0,nan,0.0,0.016,159,False,True,5
ve_n16_m3_f3_c2_t0.3_r5,verify,16,3,3,2,0.3,5,0,ALNS,17.2333,0.0,37.0,4,19.293,5.0875,1.0,0.0,True,0.0,nan,0.0,0.764,10000,False,True,5
ve_n16_m3_f3_c2_t0.3_r5,verify,16,3,3,2,0.3,5,0,NSGA-II,17.2333,0.0,37.0,4,19.293,5.0875,1.0,0.0,True,0.0,nan,0.0,0.953,10000,False,True,5
ve_n16_m3_f3_c2_t0.3_r5,verify,16,3,3,2,0.3,5,0,LPT+EDD,19.4666,0.8333,19.4666,1,4.076,50.7564,1.0,0.0,False,0.0,nan,10.666,0.0,3,False,True,5
ve_n16_m3_f3_c2_t0.3_r6,verify,16,3,3,2,0.3,6,0,CPM,21.4,0.0,44.8,3,38.96,4.1871,0.0,0.0,True,2.9,637.93,0.0,0.046,294,False,True,6
ve_n16_m3_f3_c2_t0.3_r6,verify,16,3,3,2,0.3,6,0,CPM-blind,21.95,0.0,44.8,3,38.1732,4.5401,0.6667,0.0,True,2.9,656.9,0.0,0.017,182,False,True,6
ve_n16_m3_f3_c2_t0.3_r6,verify,16,3,3,2,0.3,6,0,ALNS,19.7834,0.0,44.8,4,40.1233,0.3375,0.5,0.0,True,2.9,582.19,0.0,0.715,10000,False,True,6
ve_n16_m3_f3_c2_t0.3_r6,verify,16,3,3,2,0.3,6,0,NSGA-II,19.7834,0.0,44.8,4,40.1233,0.3375,0.5,0.0,True,2.9,582.19,0.0,0.97,10000,False,True,6
ve_n16_m3_f3_c2_t0.3_r6,verify,16,3,3,2,0.3,6,0,LPT+EDD,25.7335,1.2501,38.8169,2,6.6826,91.1887,1.0,0.0,False,2.9,787.36,16.001,0.0,3,False,True,6
ve_n16_m3_f3_c2_t0.3_r7,verify,16,3,3,2,0.3,7,0,CPM,13.4499,0.0,30.4,3,18.6583,11.8945,0.3333,0.0,True,0.0,nan,0.0,0.016,139,False,True,7
ve_n16_m3_f3_c2_t0.3_r7,verify,16,3,3,2,0.3,7,0,CPM-blind,13.4499,0.0,30.4,3,18.6583,11.8945,0.3333,0.0,True,0.0,nan,0.0,0.016,139,False,True,7
ve_n16_m3_f3_c2_t0.3_r7,verify,16,3,3,2,0.3,7,0,ALNS,8.2667,0.0,30.4,5,21.3611,0.0,0.0,0.0,True,0.0,nan,0.0,1.201,10000,False,True,7
ve_n16_m3_f3_c2_t0.3_r7,verify,16,3,3,2,0.3,7,0,NSGA-II,8.2667,0.0,30.4,5,21.3611,0.0,0.0,0.0,True,0.0,nan,0.0,2.921,10000,False,True,7
ve_n16_m3_f3_c2_t0.3_r7,verify,16,3,3,2,0.3,7,0,LPT+EDD,8.2667,0.75,8.2667,1,9.3768,34.115,0.0,0.0,False,0.0,nan,9.6,0.0,3,False,True,7
ve_n16_m3_f3_c2_t0.3_r8,verify,16,3,3,2,0.3,8,0,CPM,15.5332,0.0,48.8,3,31.5224,0.0,0.0,0.0,True,1.7,813.72,0.0,0.063,230,False,True,8
ve_n16_m3_f3_c2_t0.3_r8,verify,16,3,3,2,0.3,8,0,CPM-blind,20.15,0.0,52.4,2,27.5408,5.7746,1.0,0.0,True,1.7,1085.29,0.0,0.047,140,False,True,8
ve_n16_m3_f3_c2_t0.3_r8,verify,16,3,3,2,0.3,8,0,ALNS,18.3167,0.0,52.4,3,28.4726,5.5307,1.0,0.0,True,1.7,977.45,0.0,1.951,10000,False,True,8
ve_n16_m3_f3_c2_t0.3_r8,verify,16,3,3,2,0.3,8,0,NSGA-II,18.3167,0.0,52.4,3,28.4726,5.5307,1.0,0.0,True,1.7,977.45,0.0,3.056,10000,False,True,8
ve_n16_m3_f3_c2_t0.3_r8,verify,16,3,3,2,0.3,8,0,LPT+EDD,25.85,0.75,25.85,1,5.7383,57.4439,1.0,0.0,False,1.7,1420.59,9.6,0.0,3,False,True,8
ve_n16_m3_f3_c2_t0.3_r9,verify,16,3,3,2,0.3,9,0,CPM,29.1166,0.0,36.3,4,81.1285,1.668,0.0,0.0,True,0.3,9605.53,0.0,0.234,349,False,True,9
ve_n16_m3_f3_c2_t0.3_r9,verify,16,3,3,2,0.3,9,0,CPM-blind,29.4166,0.0,36.6,4,80.3286,1.9092,1.0,0.0,True,0.3,9705.53,0.0,0.205,349,False,True,9
ve_n16_m3_f3_c2_t0.3_r9,verify,16,3,3,2,0.3,9,0,ALNS,29.1,0.0,36.6,5,80.8562,0.24,0.8,0.0,True,0.3,9600.0,0.0,2.538,10000,False,True,9
ve_n16_m3_f3_c2_t0.3_r9,verify,16,3,3,2,0.3,9,0,NSGA-II,29.1,0.0,36.6,4,80.5645,1.968,0.75,0.0,True,0.3,9600.0,0.0,3.047,10000,False,True,9
ve_n16_m3_f3_c2_t0.3_r9,verify,16,3,3,2,0.3,9,0,LPT+EDD,37.2833,1.9167,54.0503,2,10.3923,138.889,1.0,0.0,False,0.3,12327.77,24.534,0.001,3,False,True,9
ve_n16_m3_f3_c2_t0.5_r0,verify,16,3,3,2,0.5,0,0,CPM,37.3166,0.0,73.1,3,60.5875,3.433,0.0,0.0,True,7.3,411.19,0.0,0.105,146,False,True,0
ve_n16_m3_f3_c2_t0.5_r0,verify,16,3,3,2,0.5,0,0,CPM-blind,37.3166,0.0,73.1,3,60.5875,3.433,0.0,0.0,True,7.3,411.19,0.0,0.096,146,False,True,0
ve_n16_m3_f3_c2_t0.5_r0,verify,16,3,3,2,0.5,0,0,ALNS,37.3166,0.0,73.1,4,62.4576,0.0,0.0,0.0,True,7.3,411.19,0.0,2.134,10000,False,True,0
ve_n16_m3_f3_c2_t0.5_r0,verify,16,3,3,2,0.5,0,0,NSGA-II,37.3166,0.0,73.1,4,62.4576,0.0,0.0,0.0,True,7.3,411.19,0.0,2.924,10000,False,True,0
ve_n16_m3_f3_c2_t0.5_r0,verify,16,3,3,2,0.5,0,0,LPT+EDD,45.2166,0.8333,47.7499,2,28.3804,55.8077,1.0,0.0,False,7.3,519.41,10.666,0.0,3,False,True,0
ve_n16_m3_f3_c2_t0.5_r1,verify,16,3,3,2,0.5,1,0,CPM,45.6,0.0,79.6,2,49.5508,28.6455,0.0,0.0,True,5.1,794.12,0.0,0.073,140,False,True,1
ve_n16_m3_f3_c2_t0.5_r1,verify,16,3,3,2,0.5,1,0,CPM-blind,47.4,0.0,81.4,2,47.2257,29.5813,1.0,0.0,True,5.1,829.41,0.0,0.084,140,False,True,1
ve_n16_m3_f3_c2_t0.5_r1,verify,16,3,3,2,0.5,1,0,ALNS,36.9002,0.0,81.4,5,54.1648,0.72,0.4,0.0,True,5.1,623.53,0.0,2.158,10000,False,True,1
ve_n16_m3_f3_c2_t0.5_r1,verify,16,3,3,2,0.5,1,0,NSGA-II,36.9002,0.0,81.4,5,54.1648,0.72,0.4,0.0,True,5.1,623.53,0.0,2.891,10000,False,True,1
ve_n16_m3_f3_c2_t0.5_r1,verify,16,3,3,2,0.5,1,0,LPT+EDD,41.1502,1.0834,41.1502,1,10.2899,62.2051,1.0,0.0,False,5.1,706.87,13.868,0.0,3,False,True,1
ve_n16_m3_f3_c2_t0.5_r2,verify,16,3,3,2,0.5,2,0,CPM,51.6832,0.0,73.9,3,45.3458,10.515,0.3333,0.0,True,12.7,306.95,0.0,0.156,374,False,True,2
ve_n16_m3_f3_c2_t0.5_r2,verify,16,3,3,2,0.5,2,0,CPM-blind,52.65,0.0,74.1,2,44.1564,30.2709,1.0,0.0,True,12.7,314.57,0.0,0.093,244,False,True,2
ve_n16_m3_f3_c2_t0.5_r2,verify,16,3,3,2,0.5,2,0,ALNS,45.3833,0.0,74.1,5,51.1558,0.1,0.4,0.0,True,12.7,257.35,0.0,2.33,10000,False,True,2
ve_n16_m3_f3_c2_t0.5_r2,verify,16,3,3,2,0.5,2,0,NSGA-II,45.3833,0.0,74.1,4,51.0293,2.0196,0.5,0.0,True,12.7,257.35,0.0,2.919,10000,False,True,2
ve_n16_m3_f3_c2_t0.5_r2,verify,16,3,3,2,0.5,2,0,LPT+EDD,56.9001,1.1667,60.7001,2,11.6416,68.6461,1.0,0.0,False,12.7,348.03,14.934,0.0,3,False,True,2
ve_n16_m3_f3_c2_t0.5_r3,verify,16,3,3,2,0.5,3,0,CPM,37.5,0.0,64.8,3,43.3402,0.0,0.0,0.0,True,8.3,351.81,0.0,0.133,250,False,True,3
ve_n16_m3_f3_c2_t0.5_r3,verify,16,3,3,2,0.5,3,0,CPM-blind,40.1,0.0,66.6,3,39.9434,2.3333,1.0,0.0,True,8.3,383.13,0.0,0.077,156,False,True,3
ve_n16_m3_f3_c2_t0.5_r3,verify,16,3,3,2,0.5,3,0,ALNS,40.1,0.0,66.6,3,39.9434,2.3333,1.0,0.0,True,8.3,383.13,0.0,2.079,10000,False,True,3
ve_n16_m3_f3_c2_t0.5_r3,verify,16,3,3,2,0.5,3,0,NSGA-II,40.1,0.0,66.6,3,39.9434,2.3333,1.0,0.0,True,8.3,383.13,0.0,3.141,10000,False,True,3
ve_n16_m3_f3_c2_t0.5_r3,verify,16,3,3,2,0.5,3,0,LPT+EDD,47.4834,1.1667,47.4834,1,5.8017,92.4388,1.0,0.0,False,8.3,472.09,14.934,0.0,3,False,True,3
ve_n16_m3_f3_c2_t0.5_r4,verify,16,3,3,2,0.5,4,0,CPM,31.6,0.0,33.8,2,63.7722,0.0,0.0,0.0,True,2.6,1115.38,0.0,0.092,235,False,True,4
ve_n16_m3_f3_c2_t0.5_r4,verify,16,3,3,2,0.5,4,0,CPM-blind,39.2,0.0,41.4,2,45.595,7.6,1.0,0.0,True,2.6,1407.69,0.0,0.085,226,False,True,4
ve_n16_m3_f3_c2_t0.5_r4,verify,16,3,3,2,0.5,4,0,ALNS,34.95,0.0,41.4,6,51.7293,7.6,1.0,0.0,True,2.6,1244.23,0.0,2.173,10000,False,True,4
ve_n16_m3_f3_c2_t0.5_r4,verify,16,3,3,2,0.5,4,0,NSGA-II,34.95,0.0,41.4,6,51.7293,7.6,1.0,0.0,True,2.6,1244.23,0.0,2.941,10000,False,True,4
ve_n16_m3_f3_c2_t0.5_r4,verify,16,3,3,2,0.5,4,0,LPT+EDD,37.2833,1.5834,52.2668,2,15.8969,147.1727,1.0,0.0,False,2.6,1333.97,20.268,0.0,3,False,True,4
ve_n16_m3_f3_c2_t0.5_r5,verify,16,3,3,2,0.5,5,0,CPM,31.8,0.0,31.8,1,28.5291,37.5078,0.0,0.0,True,1.8,1666.67,0.0,0.068,210,False,True,5
ve_n16_m3_f3_c2_t0.5_r5,verify,16,3,3,2,0.5,5,0,CPM-blind,33.1,0.0,33.1,1,26.6116,38.1767,1.0,0.0,True,1.8,1738.89,0.0,0.058,210,False,True,5
ve_n16_m3_f3_c2_t0.5_r5,verify,16,3,3,2,0.5,5,0,ALNS,30.2667,0.0,33.1,3,28.6935,0.65,0.6667,0.0,True,1.8,1581.48,0.0,1.758,10000,False,True,5
ve_n16_m3_f3_c2_t0.5_r5,verify,16,3,3,2,0.5,5,0,NSGA-II,30.2667,0.0,33.1,3,28.6935,0.65,0.6667,0.0,True,1.8,1581.48,0.0,3.15,10000,False,True,5
ve_n16_m3_f3_c2_t0.5_r5,verify,16,3,3,2,0.5,5,0,LPT+EDD,36.3667,1.1667,45.5834,2,3.7874,80.9386,1.0,0.0,False,1.8,1920.37,14.934,0.008,3,False,True,5
ve_n16_m3_f3_c2_t0.5_r6,verify,16,3,3,2,0.5,6,0,CPM,36.55,0.0,48.1,3,69.9743,0.0,0.0,0.0,True,8.9,310.67,0.0,0.2,514,False,True,6
ve_n16_m3_f3_c2_t0.5_r6,verify,16,3,3,2,0.5,6,0,CPM-blind,47.35,0.0,53.1,2,52.7835,12.6777,1.0,0.0,True,8.9,432.02,0.0,0.111,284,False,True,6
ve_n16_m3_f3_c2_t0.5_r6,verify,16,3,3,2,0.5,6,0,ALNS,40.0167,0.0,53.1,4,61.6506,5.5333,1.0,0.0,True,8.9,349.63,0.0,2.062,10000,False,True,6
ve_n16_m3_f3_c2_t0.5_r6,verify,16,3,3,2,0.5,6,0,NSGA-II,40.0167,0.0,53.1,4,61.6506,5.5333,1.0,0.0,True,8.9,349.63,0.0,3.013,10000,False,True,6
ve_n16_m3_f3_c2_t0.5_r6,verify,16,3,3,2,0.5,6,0,LPT+EDD,44.9834,1.5,68.9001,2,8.875,128.165,1.0,0.0,False,8.9,405.43,19.2,0.001,3,False,True,6
ve_n16_m3_f3_c2_t0.5_r7,verify,16,3,3,2,0.5,7,0,CPM,29.5,0.0,53.7,3,29.5693,0.0,0.0,0.0,True,6.1,383.61,0.0,0.067,232,False,True,7
ve_n16_m3_f3_c2_t0.5_r7,verify,16,3,3,2,0.5,7,0,CPM-blind,36.15,0.0,61.1,3,23.043,7.15,1.0,0.0,True,6.1,492.62,0.0,0.055,144,False,True,7
ve_n16_m3_f3_c2_t0.5_r7,verify,16,3,3,2,0.5,7,0,ALNS,36.15,0.0,61.1,3,23.043,7.15,1.0,0.0,True,6.1,492.62,0.0,1.747,10000,False,True,7
ve_n16_m3_f3_c2_t0.5_r7,verify,16,3,3,2,0.5,7,0,NSGA-II,36.15,0.0,61.1,3,23.043,7.15,1.0,0.0,True,6.1,492.62,0.0,3.039,10000,False,True,7
ve_n16_m3_f3_c2_t0.5_r7,verify,16,3,3,2,0.5,7,0,LPT+EDD,40.35,0.75,40.35,1,4.8755,51.4806,1.0,0.0,False,6.1,561.48,9.6,0.0,3,False,True,7
ve_n16_m3_f3_c2_t0.5_r8,verify,16,3,3,2,0.5,8,0,CPM,27.45,0.0,28.7,2,15.9822,0.0,0.0,0.0,True,6.9,297.83,0.0,0.158,413,False,True,8
ve_n16_m3_f3_c2_t0.5_r8,verify,16,3,3,2,0.5,8,0,CPM-blind,34.1,0.0,34.1,1,9.2366,27.9201,1.0,0.0,True,6.9,394.2,0.0,0.092,230,False,True,8
ve_n16_m3_f3_c2_t0.5_r8,verify,16,3,3,2,0.5,8,0,ALNS,34.1,0.0,34.1,1,9.2366,27.9201,1.0,0.0,True,6.9,394.2,0.0,1.979,10000,False,True,8
ve_n16_m3_f3_c2_t0.5_r8,verify,16,3,3,2,0.5,8,0,NSGA-II,34.1,0.0,34.1,1,9.2366,27.9201,1.0,0.0,True,6.9,394.2,0.0,3.763,10000,False,True,8
ve_n16_m3_f3_c2_t0.5_r8,verify,16,3,3,2,0.5,8,0,LPT+EDD,37.6668,0.9167,37.6668,1,0.9136,67.5059,1.0,0.0,False,6.9,445.9,11.734,0.0,3,False,True,8
ve_n16_m3_f3_c2_t0.5_r9,verify,16,3,3,2,0.5,9,0,CPM,40.25,0.0,63.8,2,40.2479,0.0,0.0,0.0,True,10.4,287.02,0.0,0.034,98,False,True,9
ve_n16_m3_f3_c2_t0.5_r9,verify,16,3,3,2,0.5,9,0,CPM-blind,42.25,0.0,66.0,2,37.4311,2.1,1.0,0.0,True,10.4,306.25,0.0,0.033,98,False,True,9
ve_n16_m3_f3_c2_t0.5_r9,verify,16,3,3,2,0.5,9,0,ALNS,42.1666,0.0,66.0,3,37.5187,2.1,1.0,0.0,True,10.4,305.45,0.0,1.5,10000,False,True,9
ve_n16_m3_f3_c2_t0.5_r9,verify,16,3,3,2,0.5,9,0,NSGA-II,42.1666,0.0,66.0,3,37.5187,2.1,1.0,0.0,True,10.4,305.45,0.0,3.042,10000,False,True,9
ve_n16_m3_f3_c2_t0.5_r9,verify,16,3,3,2,0.5,9,0,LPT+EDD,49.1835,1.0,49.6667,2,9.28,88.2913,1.0,0.0,False,10.4,372.92,12.8,0.0,3,False,True,9
ve_n16_m3_f3_c2_t0.7_r0,verify,16,3,3,2,0.7,0,0,CPM,62.8833,0.0,83.8,3,51.7793,3.1618,0.0,0.0,True,40.0,57.21,0.0,0.143,306,False,True,0
ve_n16_m3_f3_c2_t0.7_r0,verify,16,3,3,2,0.7,0,0,CPM-blind,68.7333,0.0,95.4,2,42.5826,12.6756,1.0,0.0,True,40.0,71.83,0.0,0.066,130,False,True,0
ve_n16_m3_f3_c2_t0.7_r0,verify,16,3,3,2,0.7,0,0,ALNS,66.0666,0.0,95.4,4,46.1392,5.7794,0.75,0.0,True,40.0,65.17,0.0,1.904,10000,False,True,0
ve_n16_m3_f3_c2_t0.7_r0,verify,16,3,3,2,0.7,0,0,NSGA-II,66.0666,0.0,95.4,4,46.1392,5.7794,0.75,0.0,True,40.0,65.17,0.0,2.99,10000,False,True,0
ve_n16_m3_f3_c2_t0.7_r0,verify,16,3,3,2,0.7,0,0,LPT+EDD,83.4834,1.0833,86.5667,2,6.4814,81.3666,1.0,0.0,False,40.0,108.71,13.866,0.001,3,False,True,0
ve_n16_m3_f3_c2_t0.7_r1,verify,16,3,3,2,0.7,1,0,CPM,91.3999,0.0,110.9,3,34.5945,8.5079,0.3333,0.0,True,40.9,123.47,0.0,0.156,262,False,True,1
ve_n16_m3_f3_c2_t0.7_r1,verify,16,3,3,2,0.7,1,0,CPM-blind,92.3999,0.0,110.9,3,33.8861,8.613,0.3333,0.0,True,40.9,125.92,0.0,0.097,164,False,True,1
ve_n16_m3_f3_c2_t0.7_r1,verify,16,3,3,2,0.7,1,0,ALNS,86.8167,0.0,110.9,4,38.2987,0.0,0.0,0.0,True,40.9,112.27,0.0,2.343,10000,False,True,1
ve_n16_m3_f3_c2_t0.7_r1,verify,16,3,3,2,0.7,1,0,NSGA-II,86.8167,0.0,110.9,4,38.2987,0.0,0.0,0.0,True,40.9,112.27,0.0,3.105,10000,False,True,1
ve_n16_m3_f3_c2_t0.7_r1,verify,16,3,3,2,0.7,1,0,LPT+EDD,92.1833,0.75,110.15,2,10.6975,47.3884,1.0,0.0,False,40.9,125.39,9.6,0.0,3,False,True,1
ve_n16_m3_f3_c2_t0.7_r2,verify,16,3,3,2,0.7,2,0,CPM,65.5499,0.0,105.0,4,76.6471,3.1694,0.0,0.0,True,18.2,260.16,0.0,0.099,149,False,True,2
ve_n16_m3_f3_c2_t0.7_r2,verify,16,3,3,2,0.7,2,0,CPM-blind,65.5499,0.0,105.0,4,76.6471,3.1694,0.0,0.0,True,18.2,260.16,0.0,0.101,149,False,True,2
ve_n16_m3_f3_c2_t0.7_r2,verify,16,3,3,2,0.7,2,0,ALNS,65.5499,0.0,105.0,6,78.9263,0.0,0.0,0.0,True,18.2,260.16,0.0,2.099,10000,False,True,2
ve_n16_m3_f3_c2_t0.7_r2,verify,16,3,3,2,0.7,2,0,NSGA-II,65.5499,0.0,105.0,6,78.9263,0.0,0.0,0.0,True,18.2,260.16,0.0,2.959,10000,False,True,2
ve_n16_m3_f3_c2_t0.7_r2,verify,16,3,3,2,0.7,2,0,LPT+EDD,76.3163,1.5001,103.8336,2,11.4328,108.8218,1.0,0.0,False,18.2,319.32,19.201,0.0,3,False,True,2
ve_n16_m3_f3_c2_t0.7_r3,verify,16,3,3,2,0.7,3,0,CPM,74.05,0.0,114.9,2,73.3377,25.115,0.0,0.0,True,31.8,132.86,0.0,0.117,186,False,True,3
ve_n16_m3_f3_c2_t0.7_r3,verify,16,3,3,2,0.7,3,0,CPM-blind,74.25,0.0,117.9,2,72.3427,25.7723,1.0,0.0,True,31.8,133.49,0.0,0.133,186,False,True,3
ve_n16_m3_f3_c2_t0.7_r3,verify,16,3,3,2,0.7,3,0,ALNS,70.2502,0.0,117.9,5,76.1307,0.64,0.4,0.0,True,31.8,120.91,0.0,2.092,10000,False,True,3
ve_n16_m3_f3_c2_t0.7_r3,verify,16,3,3,2,0.7,3,0,NSGA-II,70.2502,0.0,117.9,5,76.1307,0.64,0.4,0.0,True,31.8,120.91,0.0,3.009,10000,False,True,3
ve_n16_m3_f3_c2_t0.7_r3,verify,16,3,3,2,0.7,3,0,LPT+EDD,85.3835,1.2501,85.3835,1,10.1944,82.5019,1.0,0.0,False,31.8,168.5,16.001,0.0,3,False,True,3
ve_n16_m3_f3_c2_t0.7_r4,verify,16,3,3,2,0.7,4,0,CPM,82.3333,0.0,107.0,3,51.9528,0.0,0.0,0.0,True,34.9,135.91,0.0,0.199,247,False,True,4
ve_n16_m3_f3_c2_t0.7_r4,verify,16,3,3,2,0.7,4,0,CPM-blind,85.3333,0.0,110.0,3,47.5278,3.0,1.0,0.0,True,34.9,144.51,0.0,0.2,242,False,True,4
ve_n16_m3_f3_c2_t0.7_r4,verify,16,3,3,2,0.7,4,0,ALNS,85.3333,0.0,110.0,3,47.5278,3.0,1.0,0.0,True,34.9,144.51,0.0,2.342,10000,False,True,4
ve_n16_m3_f3_c2_t0.7_r4,verify,16,3,3,2,0.7,4,0,NSGA-II,85.3333,0.0,110.0,3,47.5278,3.0,1.0,0.0,True,34.9,144.51,0.0,3.2,10000,False,True,4
ve_n16_m3_f3_c2_t0.7_r4,verify,16,3,3,2,0.7,4,0,LPT+EDD,97.4167,1.25,97.4167,1,5.5312,98.2285,1.0,0.0,False,34.9,179.13,16.0,0.0,3,False,True,4
ve_n16_m3_f3_c2_t0.7_r5,verify,16,3,3,2,0.7,5,0,CPM,83.9,0.0,92.4,2,28.9529,0.0,0.0,0.0,True,43.9,91.12,0.0,0.083,180,False,True,5
ve_n16_m3_f3_c2_t0.7_r5,verify,16,3,3,2,0.7,5,0,CPM-blind,83.9,0.0,92.4,2,28.9529,0.0,0.0,0.0,True,43.9,91.12,0.0,0.084,180,False,True,5
ve_n16_m3_f3_c2_t0.7_r5,verify,16,3,3,2,0.7,5,0,ALNS,83.9,0.0,92.4,2,28.9529,0.0,0.0,0.0,True,43.9,91.12,0.0,2.025,10000,False,True,5
ve_n16_m3_f3_c2_t0.7_r5,verify,16,3,3,2,0.7,5,0,NSGA-II,83.9,0.0,92.4,2,28.9529,0.0,0.0,0.0,True,43.9,91.12,0.0,3.207,10000,False,True,5
ve_n16_m3_f3_c2_t0.7_r5,verify,16,3,3,2,0.7,5,0,LPT+EDD,92.2335,1.4167,92.2335,1,2.5149,129.3187,1.0,0.0,False,43.9,110.1,18.134,0.001,3,False,True,5
ve_n16_m3_f3_c2_t0.7_r6,verify,16,3,3,2,0.7,6,0,CPM,61.2,0.0,90.2,3,46.4166,12.5064,0.3333,0.0,True,33.8,81.07,0.0,0.065,144,False,True,6
ve_n16_m3_f3_c2_t0.7_r6,verify,16,3,3,2,0.7,6,0,CPM-blind,61.2,0.0,90.2,3,46.4166,12.5064,0.3333,0.0,True,33.8,81.07,0.0,0.068,144,False,True,6
ve_n16_m3_f3_c2_t0.7_r6,verify,16,3,3,2,0.7,6,0,ALNS,60.5334,0.0,90.2,4,47.1235,0.0,0.0,0.0,True,33.8,79.09,0.0,1.959,10000,False,True,6
ve_n16_m3_f3_c2_t0.7_r6,verify,16,3,3,2,0.7,6,0,NSGA-II,60.5334,0.25,62.45,3,44.6185,9.3376,0.0,0.0,False,33.8,79.09,3.2,3.031,10000,False,True,6
ve_n16_m3_f3_c2_t0.7_r6,verify,16,3,3,2,0.7,6,0,LPT+EDD,67.1667,1.1667,67.1667,1,7.1617,77.9659,1.0,0.0,False,33.8,98.72,14.934,0.0,3,False,True,6
ve_n16_m3_f3_c2_t0.7_r7,verify,16,3,3,2,0.7,7,0,CPM,61.6499,0.0,79.4,3,48.3755,3.5371,0.0,0.0,True,33.8,82.4,0.0,0.083,226,False,True,7
ve_n16_m3_f3_c2_t0.7_r7,verify,16,3,3,2,0.7,7,0,CPM-blind,61.6499,0.0,81.0,3,47.8422,3.8571,0.3333,0.0,True,33.8,82.4,0.0,0.079,226,False,True,7
ve_n16_m3_f3_c2_t0.7_r7,verify,16,3,3,2,0.7,7,0,ALNS,61.6499,0.0,81.0,5,49.0126,0.32,0.2,0.0,True,33.8,82.4,0.0,1.998,10000,False,True,7
ve_n16_m3_f3_c2_t0.7_r7,verify,16,3,3,2,0.7,7,0,NSGA-II,61.6499,0.0,81.0,5,49.0126,0.32,0.2,0.0,True,33.8,82.4,0.0,2.848,10000,False,True,7
ve_n16_m3_f3_c2_t0.7_r7,verify,16,3,3,2,0.7,7,0,LPT+EDD,87.4002,1.3334,87.4002,1,2.2727,102.2264,1.0,0.0,False,33.8,158.58,17.068,0.001,3,False,True,7
ve_n16_m3_f3_c2_t0.7_r8,verify,16,3,3,2,0.7,8,0,CPM,80.05,0.0,105.4,3,62.7078,4.184,0.0,0.0,True,33.5,138.96,0.0,0.068,146,False,True,8
ve_n16_m3_f3_c2_t0.7_r8,verify,16,3,3,2,0.7,8,0,CPM-blind,81.15,0.0,106.5,3,60.6819,5.0422,1.0,0.0,True,33.5,142.24,0.0,0.073,146,False,True,8
ve_n16_m3_f3_c2_t0.7_r8,verify,16,3,3,2,0.7,8,0,ALNS,78.5667,0.0,106.5,4,63.7174,0.825,0.75,0.0,True,33.5,134.53,0.0,2.069,10000,False,True,8
ve_n16_m3_f3_c2_t0.7_r8,verify,16,3,3,2,0.7,8,0,NSGA-II,78.5667,0.0,106.5,4,63.7174,0.825,0.75,0.0,True,33.5,134.53,0.0,2.66,10000,False,True,8
ve_n16_m3_f3_c2_t0.7_r8,verify,16,3,3,2,0.7,8,0,LPT+EDD,80.8168,1.1667,88.8167,2,21.8678,81.9739,1.0,0.0,False,33.5,141.24,14.934,0.0,3,False,True,8
ve_n16_m3_f3_c2_t0.7_r9,verify,16,3,3,2,0.7,9,0,CPM,82.2832,0.0,150.2,3,124.5778,2.1743,0.0,0.0,True,34.7,137.13,0.0,0.07,134,False,True,9
ve_n16_m3_f3_c2_t0.7_r9,verify,16,3,3,2,0.7,9,0,CPM-blind,82.2832,0.0,152.3,3,123.3529,3.4289,0.6667,0.0,True,34.7,137.13,0.0,0.052,134,False,True,9
ve_n16_m3_f3_c2_t0.7_r9,verify,16,3,3,2,0.7,9,0,ALNS,82.2832,0.25,88.8,3,120.4454,17.0986,0.3333,0.0,False,34.7,137.13,3.2,1.9,10000,False,True,9
ve_n16_m3_f3_c2_t0.7_r9,verify,16,3,3,2,0.7,9,0,NSGA-II,82.2832,0.0,152.3,4,124.5029,1.05,0.5,0.0,True,34.7,137.13,0.0,2.905,10000,False,True,9
ve_n16_m3_f3_c2_t0.7_r9,verify,16,3,3,2,0.7,9,0,LPT+EDD,90.7833,0.8334,98.1835,2,59.8222,59.8163,1.0,0.0,False,34.7,161.62,10.668,0.0,3,False,True,9
ve_n16_m4_f3_c2_t0.3_r0,verify,16,4,3,2,0.3,0,-1,CPM,19.7333,0.0,29.9,3,10.1339,0.0,0.0,0.0,True,0.0,nan,0.0,0.367,490,False,True,0
ve_n16_m4_f3_c2_t0.3_r0,verify,16,4,3,2,0.3,0,-1,CPM-blind,20.9333,0.0,31.1,3,9.1339,1.2,1.0,0.0,True,0.0,nan,0.0,0.205,307,False,True,0
ve_n16_m4_f3_c2_t0.3_r0,verify,16,4,3,2,0.3,0,-1,ALNS,20.2667,0.0,31.1,4,9.245,1.2,1.0,0.0,True,0.0,nan,0.0,2.016,10000,False,True,0
ve_n16_m4_f3_c2_t0.3_r0,verify,16,4,3,2,0.3,0,-1,NSGA-II,20.2667,0.0,31.1,4,9.245,1.2,1.0,0.0,True,0.0,nan,0.0,3.072,10000,False,True,0
ve_n16_m4_f3_c2_t0.3_r0,verify,16,4,3,2,0.3,0,-1,LPT+EDD,23.8834,0.6667,23.8834,1,1.8878,39.3573,1.0,0.0,False,0.0,nan,8.534,0.0,3,False,True,0
ve_n16_m4_f3_c2_t0.3_r1,verify,16,4,3,2,0.3,1,-1,CPM,17.8,0.0,17.8,1,25.1661,0.0,0.0,0.0,True,1.5,1086.67,0.0,0.229,490,False,True,1
ve_n16_m4_f3_c2_t0.3_r1,verify,16,4,3,2,0.3,1,-1,CPM-blind,21.0,0.0,21.0,1,20.4461,3.2,1.0,0.0,True,1.5,1300.0,0.0,0.235,508,False,True,1
ve_n16_m4_f3_c2_t0.3_r1,verify,16,4,3,2,0.3,1,-1,ALNS,21.0,0.0,21.0,1,20.4461,3.2,1.0,0.0,True,1.5,1300.0,0.0,2.06,10000,False,True,1
ve_n16_m4_f3_c2_t0.3_r1,verify,16,4,3,2,0.3,1,-1,NSGA-II,21.0,0.0,21.0,1,20.4461,3.2,1.0,0.0,True,1.5,1300.0,0.0,3.803,10000,False,True,1
ve_n16_m4_f3_c2_t0.3_r1,verify,16,4,3,2,0.3,1,-1,LPT+EDD,25.95,1.1667,30.7834,2,2.3449,117.3902,1.0,0.0,False,1.5,1630.0,14.934,0.0,3,False,True,1
ve_n16_m4_f3_c2_t0.3_r2,verify,16,4,3,2,0.3,2,-1,CPM,13.6,0.0,13.6,1,23.0469,0.0,0.0,0.0,True,4.0,240.0,0.0,0.063,334,False,True,2
ve_n16_m4_f3_c2_t0.3_r2,verify,16,4,3,2,0.3,2,-1,CPM-blind,17.1,0.0,17.1,1,18.2051,3.5,1.0,0.0,True,4.0,327.5,0.0,0.079,352,False,True,2
ve_n16_m4_f3_c2_t0.3_r2,verify,16,4,3,2,0.3,2,-1,ALNS,17.1,0.0,17.1,1,18.2051,3.5,1.0,0.0,True,4.0,327.5,0.0,1.703,10000,False,True,2
ve_n16_m4_f3_c2_t0.3_r2,verify,16,4,3,2,0.3,2,-1,NSGA-II,17.1,0.0,17.1,1,18.2051,3.5,1.0,0.0,True,4.0,327.5,0.0,3.808,10000,False,True,2
ve_n16_m4_f3_c2_t0.3_r2,verify,16,4,3,2,0.3,2,-1,LPT+EDD,19.6167,1.0,26.6,2,2.9162,100.8415,1.0,0.0,False,4.0,390.42,12.8,0.0,3,False,True,2
ve_n16_m4_f3_c2_t0.3_r3,verify,16,4,3,2,0.3,3,-1,CPM,18.4,0.0,18.4,1,22.6161,0.0,0.0,0.0,True,1.5,1126.67,0.0,0.092,282,False,True,3
ve_n16_m4_f3_c2_t0.3_r3,verify,16,4,3,2,0.3,3,-1,CPM-blind,21.4,0.0,21.4,1,17.3661,3.0,1.0,0.0,True,1.5,1326.67,0.0,0.093,284,False,True,3
ve_n16_m4_f3_c2_t0.3_r3,verify,16,4,3,2,0.3,3,-1,ALNS,20.8501,0.0,21.4,3,17.884,3.0,1.0,0.0,True,1.5,1290.01,0.0,1.644,10000,False,True,3
ve_n16_m4_f3_c2_t0.3_r3,verify,16,4,3,2,0.3,3,-1,NSGA-II,20.8501,0.0,21.4,4,17.884,3.0,1.0,0.0,True,1.5,1290.01,0.0,3.006,10000,False,True,3
ve_n16_m4_f3_c2_t0.3_r3,verify,16,4,3,2,0.3,3,-1,LPT+EDD,22.5833,1.3334,27.5668,2,2.8109,133.6547,1.0,0.0,False,1.5,1405.55,17.068,0.0,3,False,True,3
ve_n16_m4_f3_c2_t0.3_r4,verify,16,4,3,2,0.3,4,-1,CPM,13.05,0.0,19.3,4,16.043,0.0,0.0,0.0,True,0.0,nan,0.0,0.172,313,False,True,4
ve_n16_m4_f3_c2_t0.3_r4,verify,16,4,3,2,0.3,4,-1,CPM-blind,13.35,0.0,23.6,3,14.3916,3.3601,1.0,0.0,True,0.0,nan,0.0,0.154,303,False,True,4
ve_n16_m4_f3_c2_t0.3_r4,verify,16,4,3,2,0.3,4,-1,ALNS,13.35,0.0,23.6,3,14.3916,3.3601,1.0,0.0,True,0.0,nan,0.0,1.909,10000,False,True,4
ve_n16_m4_f3_c2_t0.3_r4,verify,16,4,3,2,0.3,4,-1,NSGA-II,13.35,0.0,23.6,3,14.3916,3.3601,1.0,0.0,True,0.0,nan,0.0,3.099,10000,False,True,4
ve_n16_m4_f3_c2_t0.3_r4,verify,16,4,3,2,0.3,4,-1,LPT+EDD,15.9166,1.0833,15.9166,1,2.3007,81.2848,1.0,0.0,False,0.0,nan,13.866,0.0,3,False,True,4
ve_n16_m4_f3_c2_t0.3_r5,verify,16,4,3,2,0.3,5,-1,CPM,17.7499,0.0,29.9,3,30.7265,8.33,0.3333,0.0,True,0.0,nan,0.0,0.384,505,False,True,5
ve_n16_m4_f3_c2_t0.3_r5,verify,16,4,3,2,0.3,5,-1,CPM-blind,18.3,0.0,30.4,2,29.6585,14.2249,1.0,0.0,True,0.0,nan,0.0,0.225,315,False,True,5
ve_n16_m4_f3_c2_t0.3_r5,verify,16,4,3,2,0.3,5,-1,ALNS,17.6834,0.0,30.4,4,30.5669,0.3333,0.75,0.0,True,0.0,nan,0.0,2.124,10000,False,True,5
ve_n16_m4_f3_c2_t0.3_r5,verify,16,4,3,2,0.3,5,-1,NSGA-II,18.0167,0.0,30.4,3,30.1141,8.6674,1.0,0.0,True,0.0,nan,0.0,3.251,10000,False,True,5
ve_n16_m4_f3_c2_t0.3_r5,verify,16,4,3,2,0.3,5,-1,LPT+EDD,19.6834,1.75,19.6834,1,4.0581,144.5528,1.0,0.0,False,0.0,nan,22.4,0.0,3,False,True,5
ve_n16_m4_f3_c2_t0.3_r6,verify,16,4,3,2,0.3,6,-1,CPM,18.2,0.0,27.7,3,36.5388,0.0,0.0,0.0,True,0.7,2500.0,0.0,0.429,704,False,True,6
ve_n16_m4_f3_c2_t0.3_r6,verify,16,4,3,2,0.3,6,-1,CPM-blind,18.3,0.0,27.7,3,36.3888,0.0667,0.6667,0.0,True,0.7,2514.29,0.0,0.192,327,False,True,6
ve_n16_m4_f3_c2_t0.3_r6,verify,16,4,3,2,0.3,6,-1,ALNS,18.3,0.0,27.7,3,36.3888,0.0667,0.6667,0.0,True,0.7,2514.29,0.0,2.083,10000,False,True,6
ve_n16_m4_f3_c2_t0.3_r6,verify,16,4,3,2,0.3,6,-1,NSGA-II,18.3,0.0,27.7,3,36.3888,0.0667,0.6667,0.0,True,0.7,2514.29,0.0,3.2,10000,False,True,6
ve_n16_m4_f3_c2_t0.3_r6,verify,16,4,3,2,0.3,6,-1,LPT+EDD,23.5165,1.0,35.95,2,6.554,76.7665,1.0,0.0,False,0.7,3259.5,12.8,0.002,3,False,True,6
ve_n16_m4_f3_c2_t0.3_r7,verify,16,4,3,2,0.3,7,-1,CPM,11.85,0.0,17.0,4,10.3605,0.375,0.25,0.0,True,0.6,1875.0,0.0,0.109,330,False,True,7
ve_n16_m4_f3_c2_t0.3_r7,verify,16,4,3,2,0.3,7,-1,CPM-blind,13.75,0.0,18.4,4,8.1564,1.9,1.0,0.0,True,0.6,2191.67,0.0,0.116,330,False,True,7
ve_n16_m4_f3_c2_t0.3_r7,verify,16,4,3,2,0.3,7,-1,ALNS,13.75,0.0,18.4,4,8.398,1.175,0.75,0.0,True,0.6,2191.67,0.0,1.884,10000,False,True,7
ve_n16_m4_f3_c2_t0.3_r7,verify,16,4,3,2,0.3,7,-1,NSGA-II,13.75,0.0,18.4,4,8.398,1.175,0.75,0.0,True,0.6,2191.67,0.0,3.075,10000,False,True,7
ve_n16_m4_f3_c2_t0.3_r7,verify,16,4,3,2,0.3,7,-1,LPT+EDD,14.5333,1.0,17.8,2,1.6838,73.0739,1.0,0.0,False,0.6,2322.22,12.8,0.0,3,False,True,7
ve_n16_m4_f3_c2_t0.3_r8,verify,16,4,3,2,0.3,8,-1,CPM,13.75,0.0,14.5,2,20.8386,5.5719,0.0,0.0,True,0.7,1864.29,0.0,0.142,454,False,True,8
ve_n16_m4_f3_c2_t0.3_r8,verify,16,4,3,2,0.3,8,-1,CPM-blind,15.35,0.0,16.1,2,18.4786,6.703,1.0,0.0,True,0.7,2092.86,0.0,0.1,295,False,True,8
ve_n16_m4_f3_c2_t0.3_r8,verify,16,4,3,2,0.3,8,-1,ALNS,12.5167,0.0,16.1,3,21.4771,1.0667,0.6667,0.0,True,0.7,1688.1,0.0,1.903,10000,False,True,8
ve_n16_m4_f3_c2_t0.3_r8,verify,16,4,3,2,0.3,8,-1,NSGA-II,12.5167,0.0,16.1,2,21.3521,6.1052,0.5,0.0,True,0.7,1688.1,0.0,3.316,10000,False,True,8
ve_n16_m4_f3_c2_t0.3_r8,verify,16,4,3,2,0.3,8,-1,LPT+EDD,18.5167,1.0,24.55,2,2.9986,78.6119,1.0,0.0,False,0.7,2545.24,12.8,0.001,3,False,True,8
ve_n16_m4_f3_c2_t0.3_r9,verify,16,4,3,2,0.3,9,-1,CPM,11.3999,0.0,12.3,3,3.8281,0.0,0.0,0.0,True,1.3,776.92,0.0,0.393,575,False,True,9
ve_n16_m4_f3_c2_t0.3_r9,verify,16,4,3,2,0.3,9,-1,CPM-blind,11.8999,0.0,12.7,3,3.3282,0.4333,1.0,0.0,True,1.3,815.38,0.0,0.391,577,False,True,9
ve_n16_m4_f3_c2_t0.3_r9,verify,16,4,3,2,0.3,9,-1,ALNS,11.8999,0.0,12.7,3,3.3282,0.4333,1.0,0.0,True,1.3,815.38,0.0,2.416,10000,False,True,9
ve_n16_m4_f3_c2_t0.3_r9,verify,16,4,3,2,0.3,9,-1,NSGA-II,12.2833,0.0,12.7,2,2.9807,22.3593,1.0,0.0,True,1.3,844.87,0.0,3.409,10000,False,True,9
ve_n16_m4_f3_c2_t0.3_r9,verify,16,4,3,2,0.3,9,-1,LPT+EDD,12.0666,0.9166,12.0666,1,0.8225,52.7828,1.0,0.0,False,1.3,828.2,11.732,0.0,3,False,True,9
ve_n16_m4_f3_c2_t0.5_r0,verify,16,4,3,2,0.5,0,-1,CPM,47.95,0.0,49.2,2,11.5059,5.8044,0.0,0.0,True,13.9,244.96,0.0,0.2,252,False,True,0
ve_n16_m4_f3_c2_t0.5_r0,verify,16,4,3,2,0.5,0,-1,CPM-blind,49.75,0.0,51.0,2,9.181,7.2054,1.0,0.0,True,13.9,257.91,0.0,0.2,252,False,True,0
ve_n16_m4_f3_c2_t0.5_r0,verify,16,4,3,2,0.5,0,-1,ALNS,42.9167,0.0,51.0,2,14.9513,6.4044,0.5,0.0,True,13.9,208.75,0.0,2.366,10000,False,True,0
ve_n16_m4_f3_c2_t0.5_r0,verify,16,4,3,2,0.5,0,-1,NSGA-II,42.9167,0.0,51.0,2,14.9513,6.4044,0.5,0.0,True,13.9,208.75,0.0,3.316,10000,False,True,0
ve_n16_m4_f3_c2_t0.5_r0,verify,16,4,3,2,0.5,0,-1,LPT+EDD,48.6499,1.0833,48.6499,1,1.7604,86.1901,1.0,0.0,False,13.9,250.0,13.866,0.0,3,False,True,0
ve_n16_m4_f3_c2_t0.5_r1,verify,16,4,3,2,0.5,1,-1,CPM,44.3499,0.0,60.4,4,39.5264,3.3417,0.0,0.0,True,3.9,1037.18,0.0,0.55,471,False,True,1
ve_n16_m4_f3_c2_t0.5_r1,verify,16,4,3,2,0.5,1,-1,CPM-blind,46.7499,0.0,62.8,4,35.3264,5.253,1.0,0.0,True,3.9,1098.72,0.0,0.35,289,False,True,1
ve_n16_m4_f3_c2_t0.5_r1,verify,16,4,3,2,0.5,1,-1,ALNS,46.6834,0.0,62.8,4,36.187,7.6807,0.75,0.0,True,3.9,1097.01,0.0,2.208,10000,False,True,1
ve_n16_m4_f3_c2_t0.5_r1,verify,16,4,3,2,0.5,1,-1,NSGA-II,46.7499,0.0,62.8,5,36.058,4.7959,0.8,0.0,True,3.9,1098.72,0.0,3.092,10000,False,True,1
ve_n16_m4_f3_c2_t0.5_r1,verify,16,4,3,2,0.5,1,-1,LPT+EDD,51.6999,1.2501,62.5002,2,6.4892,83.5462,1.0,0.0,False,3.9,1225.64,16.001,0.0,3,False,True,1
ve_n16_m4_f3_c2_t0.5_r2,verify,16,4,3,2,0.5,2,-1,CPM,40.0499,0.0,43.2,4,79.4327,4.1901,0.25,0.0,True,17.6,127.56,0.0,0.239,581,False,True,2
ve_n16_m4_f3_c2_t0.5_r2,verify,16,4,3,2,0.5,2,-1,CPM-blind,40.0499,0.0,43.2,4,79.0994,4.4557,0.75,0.0,True,17.6,127.56,0.0,0.217,581,False,True,2
ve_n16_m4_f3_c2_t0.5_r2,verify,16,4,3,2,0.5,2,-1,ALNS,38.9666,0.0,43.2,4,80.696,0.4375,0.5,0.0,True,17.6,121.4,0.0,1.966,10000,False,True,2
ve_n16_m4_f3_c2_t0.5_r2,verify,16,4,3,2,0.5,2,-1,NSGA-II,38.9666,0.0,43.2,4,80.8835,0.25,0.5,0.0,True,17.6,121.4,0.0,3.042,10000,False,True,2
ve_n16_m4_f3_c2_t0.5_r2,verify,16,4,3,2,0.5,2,-1,LPT+EDD,53.2667,1.5834,71.8502,2,8.725,126.924,1.0,0.0,False,17.6,202.65,20.268,0.0,3,False,True,2
ve_n16_m4_f3_c2_t0.5_r3,verify,16,4,3,2,0.5,3,-1,CPM,26.65,0.0,39.6,3,21.6745,0.0,0.0,0.0,True,5.0,433.0,0.0,0.149,275,False,True,3
ve_n16_m4_f3_c2_t0.5_r3,verify,16,4,3,2,0.5,3,-1,CPM-blind,27.15,0.0,40.1,3,20.9828,0.5,1.0,0.0,True,5.0,443.0,0.0,0.167,275,False,True,3
ve_n16_m4_f3_c2_t0.5_r3,verify,16,4,3,2,0.5,3,-1,ALNS,27.15,0.0,40.1,3,20.9828,0.5,1.0,0.0,True,5.0,443.0,0.0,1.942,10000,False,True,3
ve_n16_m4_f3_c2_t0.5_r3,verify,16,4,3,2,0.5,3,-1,NSGA-II,27.15,0.0,40.1,3,20.9828,0.5,1.0,0.0,True,5.0,443.0,0.0,3.141,10000,False,True,3
ve_n16_m4_f3_c2_t0.5_r3,verify,16,4,3,2,0.5,3,-1,LPT+EDD,35.2667,1.1667,35.2667,1,2.1327,91.9496,1.0,0.0,False,5.0,605.33,14.934,0.0,3,False,True,3
ve_n16_m4_f3_c2_t0.5_r4,verify,16,4,3,2,0.5,4,-1,CPM,56.3666,0.0,77.7,4,87.4942,0.0,0.0,0.0,True,7.9,613.5,0.0,0.751,506,False,True,4
ve_n16_m4_f3_c2_t0.5_r4,verify,16,4,3,2,0.5,4,-1,CPM-blind,58.4666,0.0,79.8,4,81.7019,2.1,1.0,0.0,True,7.9,640.08,0.0,0.476,312,False,True,4
ve_n16_m4_f3_c2_t0.5_r4,verify,16,4,3,2,0.5,4,-1,ALNS,58.4666,0.0,79.8,4,81.7019,2.1,1.0,0.0,True,7.9,640.08,0.0,2.883,10000,False,True,4
ve_n16_m4_f3_c2_t0.5_r4,verify,16,4,3,2,0.5,4,-1,NSGA-II,58.4666,0.0,79.8,4,81.7019,2.1,1.0,0.0,True,7.9,640.08,0.0,3.264,10000,False,True,4
ve_n16_m4_f3_c2_t0.5_r4,verify,16,4,3,2,0.5,4,-1,LPT+EDD,69.1667,1.9168,81.2669,2,11.8139,149.6294,1.0,0.0,False,7.9,775.53,24.535,0.001,3,False,True,4
ve_n16_m4_f3_c2_t0.5_r5,verify,16,4,3,2,0.5,5,-1,CPM,38.6832,0.0,52.8,4,31.7158,2.1369,0.25,0.0,True,9.6,302.95,0.0,0.102,255,False,True,5
ve_n16_m4_f3_c2_t0.5_r5,verify,16,4,3,2,0.5,5,-1,CPM-blind,41.8832,0.0,60.8,3,25.6048,6.2367,1.0,0.0,True,9.6,336.28,0.0,0.101,255,False,True,5
ve_n16_m4_f3_c2_t0.5_r5,verify,16,4,3,2,0.5,5,-1,ALNS,41.1333,0.0,60.8,3,29.1623,17.5204,0.6667,0.0,True,9.6,328.47,0.0,1.885,10000,False,True,5
ve_n16_m4_f3_c2_t0.5_r5,verify,16,4,3,2,0.5,5,-1,NSGA-II,41.1333,0.0,60.8,3,29.1623,17.5204,0.6667,0.0,True,9.6,328.47,0.0,3.121,10000,False,True,5
ve_n16_m4_f3_c2_t0.5_r5,verify,16,4,3,2,0.5,5,-1,LPT+EDD,44.7,1.0833,44.7,1,4.8291,71.1965,1.0,0.0,False,9.6,365.62,13.866,0.006,3,False,True,5
ve_n16_m4_f3_c2_t0.5_r6,verify,16,4,3,2,0.5,6,-1,CPM,34.95,0.0,53.7,2,30.5193,30.046,0.0,0.0,True,1.1,3077.27,0.0,0.288,510,False,True,6
ve_n16_m4_f3_c2_t0.5_r6,verify,16,4,3,2,0.5,6,-1,CPM-blind,35.25,0.0,54.0,2,30.1043,30.1824,1.0,0.0,True,1.1,3104.55,0.0,0.202,327,False,True,6
ve_n16_m4_f3_c2_t0.5_r6,verify,16,4,3,2,0.5,6,-1,ALNS,32.7001,0.0,54.0,5,32.4027,0.12,0.4,0.0,True,1.1,2872.74,0.0,1.94,10000,False,True,6
ve_n16_m4_f3_c2_t0.5_r6,verify,16,4,3,2,0.5,6,-1,NSGA-II,32.7001,0.0,54.0,5,32.4027,0.12,0.4,0.0,True,1.1,2872.74,0.0,3.049,10000,False,True,6
ve_n16_m4_f3_c2_t0.5_r6,verify,16,4,3,2,0.5,6,-1,LPT+EDD,34.2001,1.1667,34.2001,1,5.6767,67.0247,1.0,0.0,False,1.1,3009.1,14.934,0.0,3,False,True,6
ve_n16_m4_f3_c2_t0.5_r7,verify,16,4,3,2,0.5,7,-1,CPM,51.2833,0.0,74.7,3,52.7339,0.0,0.0,0.0,True,0.1,51183.3,0.0,0.355,250,False,True,7
ve_n16_m4_f3_c2_t0.5_r7,verify,16,4,3,2,0.5,7,-1,CPM-blind,51.2833,0.0,74.7,3,52.7339,0.0,0.0,0.0,True,0.1,51183.3,0.0,0.337,250,False,True,7
ve_n16_m4_f3_c2_t0.5_r7,verify,16,4,3,2,0.5,7,-1,ALNS,51.2833,0.0,74.7,4,52.6131,0.15,0.5,0.0,True,0.1,51183.3,0.0,2.617,10000,False,True,7
ve_n16_m4_f3_c2_t0.5_r7,verify,16,4,3,2,0.5,7,-1,NSGA-II,51.7,0.0,74.7,2,52.2096,11.1109,0.0,0.0,True,0.1,51600.0,0.0,3.417,10000,False,True,7
ve_n16_m4_f3_c2_t0.5_r7,verify,16,4,3,2,0.5,7,-1,LPT+EDD,55.9001,1.5001,57.8501,2,9.1541,122.6765,1.0,0.0,False,0.1,55800.1,19.201,0.0,3,False,True,7
ve_n16_m4_f3_c2_t0.5_r8,verify,16,4,3,2,0.5,8,-1,CPM,34.85,0.0,40.5,3,11.1428,2.2079,0.0,0.0,True,7.7,352.6,0.0,0.266,447,False,True,8
ve_n16_m4_f3_c2_t0.5_r8,verify,16,4,3,2,0.5,8,-1,CPM-blind,36.1666,0.0,41.5,2,9.8419,6.8183,1.0,0.0,True,7.7,369.7,0.0,0.151,272,False,True,8
ve_n16_m4_f3_c2_t0.5_r8,verify,16,4,3,2,0.5,8,-1,ALNS,36.1666,0.0,41.5,3,10.1251,4.6805,0.6667,0.0,True,7.7,369.7,0.0,1.941,10000,False,True,8
ve_n16_m4_f3_c2_t0.5_r8,verify,16,4,3,2,0.5,8,-1,NSGA-II,36.1666,0.0,41.5,3,10.1251,4.6805,0.6667,0.0,True,7.7,369.7,0.0,3.119,10000,False,True,8
ve_n16_m4_f3_c2_t0.5_r8,verify,16,4,3,2,0.5,8,-1,LPT+EDD,39.1834,0.9167,39.1834,1,1.4311,64.6828,1.0,0.0,False,7.7,408.88,11.734,0.0,3,False,True,8
ve_n16_m4_f3_c2_t0.5_r9,verify,16,4,3,2,0.5,9,-1,CPM,31.85,0.0,50.4,2,45.2434,0.0,0.0,0.0,True,5.7,458.77,0.0,0.166,307,False,True,9
ve_n16_m4_f3_c2_t0.5_r9,verify,16,4,3,2,0.5,9,-1,CPM-blind,35.45,0.0,51.5,2,38.9083,2.35,1.0,0.0,True,5.7,521.93,0.0,0.157,307,False,True,9
ve_n16_m4_f3_c2_t0.5_r9,verify,16,4,3,2,0.5,9,-1,ALNS,35.45,0.0,51.5,2,38.9083,2.35,1.0,0.0,True,5.7,521.93,0.0,2.017,10000,False,True,9
ve_n16_m4_f3_c2_t0.5_r9,verify,16,4,3,2,0.5,9,-1,NSGA-II,35.45,0.0,51.5,2,38.9083,2.35,1.0,0.0,True,5.7,521.93,0.0,3.37,10000,False,True,9
ve_n16_m4_f3_c2_t0.5_r9,verify,16,4,3,2,0.5,9,-1,LPT+EDD,43.15,1.4167,47.5667,2,6.3875,129.7111,1.0,0.0,False,5.7,657.02,18.134,0.0,3,False,True,9
ve_n16_m4_f3_c2_t0.7_r0,verify,16,4,3,2,0.7,0,-1,CPM,67.7666,0.0,79.1,5,18.6735,0.0,0.0,0.0,True,40.1,68.99,0.0,0.124,255,False,True,0
ve_n16_m4_f3_c2_t0.7_r0,verify,16,4,3,2,0.7,0,-1,CPM-blind,67.7666,0.0,79.1,5,18.6735,0.0,0.0,0.0,True,40.1,68.99,0.0,0.126,255,False,True,0
ve_n16_m4_f3_c2_t0.7_r0,verify,16,4,3,2,0.7,0,-1,ALNS,67.7666,0.0,79.1,5,18.6735,0.0,0.0,0.0,True,40.1,68.99,0.0,1.779,10000,False,True,0
ve_n16_m4_f3_c2_t0.7_r0,verify,16,4,3,2,0.7,0,-1,NSGA-II,67.7666,0.0,79.1,5,18.6735,0.0,0.0,0.0,True,40.1,68.99,0.0,2.953,10000,False,True,0
ve_n16_m4_f3_c2_t0.7_r0,verify,16,4,3,2,0.7,0,-1,LPT+EDD,68.9334,0.9167,68.9334,1,3.6564,53.5349,1.0,0.0,False,40.1,71.9,11.734,0.0,3,False,True,0
ve_n16_m4_f3_c2_t0.7_r1,verify,16,4,3,2,0.7,1,-1,CPM,65.05,0.0,66.8,2,11.5908,0.0,0.0,0.0,True,39.8,63.44,0.0,0.2,333,False,True,1
ve_n16_m4_f3_c2_t0.7_r1,verify,16,4,3,2,0.7,1,-1,CPM-blind,70.05,0.0,71.8,2,8.3408,5.0,1.0,0.0,True,39.8,76.01,0.0,0.193,313,False,True,1
ve_n16_m4_f3_c2_t0.7_r1,verify,16,4,3,2,0.7,1,-1,ALNS,70.05,0.0,71.8,2,8.3408,5.0,1.0,0.0,True,39.8,76.01,0.0,1.743,10000,False,True,1
ve_n16_m4_f3_c2_t0.7_r1,verify,16,4,3,2,0.7,1,-1,NSGA-II,70.05,0.0,71.8,2,8.3408,5.0,1.0,0.0,True,39.8,76.01,0.0,3.308,10000,False,True,1
ve_n16_m4_f3_c2_t0.7_r1,verify,16,4,3,2,0.7,1,-1,LPT+EDD,75.05,0.5,75.05,1,1.2758,38.8009,1.0,0.0,False,39.8,88.57,6.4,0.001,3,False,True,1
ve_n16_m4_f3_c2_t0.7_r2,verify,16,4,3,2,0.7,2,-1,CPM,60.95,0.0,76.2,3,21.7693,10.0056,0.0,0.0,True,33.7,80.86,0.0,0.109,214,False,True,2
ve_n16_m4_f3_c2_t0.7_r2,verify,16,4,3,2,0.7,2,-1,CPM-blind,60.95,0.0,76.2,3,21.7693,10.0056,0.0,0.0,True,33.7,80.86,0.0,0.131,214,False,True,2
ve_n16_m4_f3_c2_t0.7_r2,verify,16,4,3,2,0.7,2,-1,ALNS,60.6167,0.0,76.2,5,22.0692,0.0,0.0,0.0,True,33.7,79.87,0.0,1.732,10000,False,True,2
ve_n16_m4_f3_c2_t0.7_r2,verify,16,4,3,2,0.7,2,-1,NSGA-II,60.6167,0.0,76.2,5,22.0692,0.0,0.0,0.0,True,33.7,79.87,0.0,2.961,10000,False,True,2
ve_n16_m4_f3_c2_t0.7_r2,verify,16,4,3,2,0.7,2,-1,LPT+EDD,60.6167,0.4167,61.6167,2,16.2407,13.8828,0.0,0.0,False,33.7,79.87,5.334,0.001,3,False,True,2
ve_n16_m4_f3_c2_t0.7_r3,verify,16,4,3,2,0.7,3,-1,CPM,72.4833,0.0,79.9,3,63.2835,0.0,0.0,0.0,True,37.4,93.81,0.0,0.434,608,False,True,3
ve_n16_m4_f3_c2_t0.7_r3,verify,16,4,3,2,0.7,3,-1,CPM-blind,73.1833,0.0,80.6,3,61.4168,0.7,1.0,0.0,True,37.4,95.68,0.0,0.422,604,False,True,3
ve_n16_m4_f3_c2_t0.7_r3,verify,16,4,3,2,0.7,3,-1,ALNS,73.1833,0.0,80.6,3,61.4168,0.7,1.0,0.0,True,37.4,95.68,0.0,2.302,10000,False,True,3
ve_n16_m4_f3_c2_t0.7_r3,verify,16,4,3,2,0.7,3,-1,NSGA-II,73.1833,0.0,80.6,3,61.4168,0.7,1.0,0.0,True,37.4,95.68,0.0,3.341,10000,False,True,3
ve_n16_m4_f3_c2_t0.7_r3,verify,16,4,3,2,0.7,3,-1,LPT+EDD,82.0666,2.1668,87.2669,2,6.5951,189.3476,1.0,0.0,False,37.4,119.43,27.735,0.0,3,False,True,3
ve_n16_m4_f3_c2_t0.7_r4,verify,16,4,3,2,0.7,4,-1,CPM,65.6,0.0,65.6,1,10.4583,66.6818,0.0,0.0,True,34.1,92.38,0.0,0.165,442,False,True,4
ve_n16_m4_f3_c2_t0.7_r4,verify,16,4,3,2,0.7,4,-1,CPM-blind,65.6,0.0,65.6,1,10.4583,66.6818,0.0,0.0,True,34.1,92.38,0.0,0.177,442,False,True,4
ve_n16_m4_f3_c2_t0.7_r4,verify,16,4,3,2,0.7,4,-1,ALNS,63.6,0.0,65.6,3,11.4749,0.0,0.0,0.0,True,34.1,86.51,0.0,1.785,10000,False,True,4
ve_n16_m4_f3_c2_t0.7_r4,verify,16,4,3,2,0.7,4,-1,NSGA-II,63.6,0.0,65.6,3,11.4749,0.0,0.0,0.0,True,34.1,86.51,0.0,3.124,10000,False,True,4
ve_n16_m4_f3_c2_t0.7_r4,verify,16,4,3,2,0.7,4,-1,LPT+EDD,63.6,1.1667,63.6,1,2.0714,50.006,0.0,0.0,False,34.1,86.51,14.934,0.0,3,False,True,4
ve_n16_m4_f3_c2_t0.7_r5,verify,16,4,3,2,0.7,5,-1,CPM,53.1333,0.0,53.8,2,14.7809,0.0,0.0,0.0,True,26.5,100.5,0.0,0.29,420,False,True,5
ve_n16_m4_f3_c2_t0.7_r5,verify,16,4,3,2,0.7,5,-1,CPM-blind,54.7333,0.0,55.4,2,12.2743,1.6,1.0,0.0,True,26.5,106.54,0.0,0.282,413,False,True,5
ve_n16_m4_f3_c2_t0.7_r5,verify,16,4,3,2,0.7,5,-1,ALNS,54.5165,0.0,55.4,3,12.4153,1.6,1.0,0.0,True,26.5,105.72,0.0,2.043,10000,False,True,5
ve_n16_m4_f3_c2_t0.7_r5,verify,16,4,3,2,0.7,5,-1,NSGA-II,54.5165,0.0,55.4,3,12.4153,1.6,1.0,0.0,True,26.5,105.72,0.0,3.247,10000,False,True,5
ve_n16_m4_f3_c2_t0.7_r5,verify,16,4,3,2,0.7,5,-1,LPT+EDD,56.1,1.3333,56.1,1,1.5423,116.6969,1.0,0.0,False,26.5,111.7,17.066,0.0,3,False,True,5
ve_n16_m4_f3_c2_t0.7_r6,verify,16,4,3,2,0.7,6,-1,CPM,73.35,0.0,80.6,2,26.3605,0.0,0.0,0.0,True,40.6,80.67,0.0,0.317,397,False,True,6
ve_n16_m4_f3_c2_t0.7_r6,verify,16,4,3,2,0.7,6,-1,CPM-blind,78.35,0.0,85.6,2,19.9018,5.0,1.0,0.0,True,40.6,92.98,0.0,0.222,252,False,True,6
ve_n16_m4_f3_c2_t0.7_r6,verify,16,4,3,2,0.7,6,-1,ALNS,75.5167,0.0,85.6,3,21.6727,5.0,1.0,0.0,True,40.6,86.0,0.0,0.87,10000,False,True,6
ve_n16_m4_f3_c2_t0.7_r6,verify,16,4,3,2,0.7,6,-1,NSGA-II,75.5167,0.0,85.6,3,21.6727,5.0,1.0,0.0,True,40.6,86.0,0.0,3.259,10000,False,True,6
ve_n16_m4_f3_c2_t0.7_r6,verify,16,4,3,2,0.7,6,-1,LPT+EDD,85.6001,1.0834,85.6001,1,1.9917,96.3454,1.0,0.0,False,40.6,110.84,13.868,0.0,3,False,True,6
ve_n16_m4_f3_c2_t0.7_r7,verify,16,4,3,2,0.7,7,-1,CPM,56.4166,0.0,65.9,3,18.4817,2.1983,0.0,0.0,True,32.4,74.13,0.0,0.301,446,False,True,7
ve_n16_m4_f3_c2_t0.7_r7,verify,16,4,3,2,0.7,7,-1,CPM-blind,56.4166,0.0,65.9,3,18.4817,2.1983,0.0,0.0,True,32.4,74.13,0.0,0.191,278,False,True,7
ve_n16_m4_f3_c2_t0.7_r7,verify,16,4,3,2,0.7,7,-1,ALNS,56.4166,0.0,65.9,4,19.1859,0.0,0.0,0.0,True,32.4,74.13,0.0,2.046,10000,False,True,7
ve_n16_m4_f3_c2_t0.7_r7,verify,16,4,3,2,0.7,7,-1,NSGA-II,56.4166,0.0,65.9,4,19.1859,0.0,0.0,0.0,True,32.4,74.13,0.0,3.079,10000,False,True,7
ve_n16_m4_f3_c2_t0.7_r7,verify,16,4,3,2,0.7,7,-1,LPT+EDD,74.4834,0.6667,74.4834,1,1.4081,42.1695,1.0,0.0,False,32.4,129.89,8.534,0.0,3,False,True,7
ve_n16_m4_f3_c2_t0.7_r8,verify,16,4,3,2,0.7,8,-1,CPM,66.8666,0.0,72.2,3,14.9029,0.0,0.0,0.0,True,37.2,79.75,0.0,0.159,428,False,True,8
ve_n16_m4_f3_c2_t0.7_r8,verify,16,4,3,2,0.7,8,-1,CPM-blind,66.8666,0.0,72.2,3,14.9029,0.0,0.0,0.0,True,37.2,79.75,0.0,0.095,268,False,True,8
ve_n16_m4_f3_c2_t0.7_r8,verify,16,4,3,2,0.7,8,-1,ALNS,66.8666,0.0,72.2,3,14.9029,0.0,0.0,0.0,True,37.2,79.75,0.0,1.916,10000,False,True,8
ve_n16_m4_f3_c2_t0.7_r8,verify,16,4,3,2,0.7,8,-1,NSGA-II,66.8666,0.0,72.2,3,14.9029,0.0,0.0,0.0,True,37.2,79.75,0.0,3.168,10000,False,True,8
ve_n16_m4_f3_c2_t0.7_r8,verify,16,4,3,2,0.7,8,-1,LPT+EDD,67.9333,1.0,67.9333,1,2.4973,72.2604,1.0,0.0,False,37.2,82.62,12.8,0.0,3,False,True,8
ve_n16_m4_f3_c2_t0.7_r9,verify,16,4,3,2,0.7,9,-1,CPM,62.65,0.0,64.4,2,70.4942,0.0,0.0,0.0,True,30.4,106.09,0.0,0.459,439,False,True,9
ve_n16_m4_f3_c2_t0.7_r9,verify,16,4,3,2,0.7,9,-1,CPM-blind,67.15,0.0,68.9,2,61.7946,4.5,1.0,0.0,True,30.4,120.89,0.0,0.459,439,False,True,9
ve_n16_m4_f3_c2_t0.7_r9,verify,16,4,3,2,0.7,9,-1,ALNS,67.15,0.0,68.9,2,61.7946,4.5,1.0,0.0,True,30.4,120.89,0.0,2.438,10000,False,True,9
ve_n16_m4_f3_c2_t0.7_r9,verify,16,4,3,2,0.7,9,-1,NSGA-II,67.15,0.0,68.9,2,61.7946,4.5,1.0,0.0,True,30.4,120.89,0.0,3.513,10000,False,True,9
ve_n16_m4_f3_c2_t0.7_r9,verify,16,4,3,2,0.7,9,-1,LPT+EDD,75.6665,1.5834,89.4002,2,7.1398,148.1491,1.0,0.0,False,30.4,148.9,20.268,0.0,3,False,True,9
ve_n20_m2_f3_c2_t0.3_r0,verify,20,2,3,2,0.3,0,1,CPM,11.2166,0.25,20.85,2,36.5583,0.0,0.0,0.25,True,0.0,nan,3.2,0.063,76,False,True,0
ve_n20_m2_f3_c2_t0.3_r0,verify,20,2,3,2,0.3,0,1,CPM-blind,15.1166,0.25,27.65,2,27.9545,5.35,1.0,0.25,True,0.0,nan,3.2,0.016,47,False,True,0
ve_n20_m2_f3_c2_t0.3_r0,verify,20,2,3,2,0.3,0,1,ALNS,15.0166,0.25,27.65,4,28.3725,5.35,1.0,0.25,True,0.0,nan,3.2,3.025,10000,False,True,0
ve_n20_m2_f3_c2_t0.3_r0,verify,20,2,3,2,0.3,0,1,NSGA-II,14.9333,0.25,27.75,3,28.1274,5.4,1.0,0.25,True,0.0,nan,3.2,3.277,10000,False,True,0
ve_n20_m2_f3_c2_t0.3_r0,verify,20,2,3,2,0.3,0,1,LPT+EDD,25.2831,0.9167,25.9168,2,7.4282,51.6496,1.0,0.25,False,0.0,nan,11.734,0.0,3,False,True,0
ve_n20_m2_f3_c2_t0.3_r1,verify,20,2,3,2,0.3,1,1,CPM,33.5499,0.25,67.65,4,84.8894,8.5638,0.25,0.25,True,0.0,nan,3.2,0.048,94,False,True,1
ve_n20_m2_f3_c2_t0.3_r1,verify,20,2,3,2,0.3,1,1,CPM-blind,33.5499,0.25,67.65,4,84.8894,8.5638,0.25,0.25,True,0.0,nan,3.2,0.047,94,False,True,1
ve_n20_m2_f3_c2_t0.3_r1,verify,20,2,3,2,0.3,1,1,ALNS,31.85,0.25,67.65,6,87.3437,0.0,0.0,0.25,True,0.0,nan,3.2,3.69,10000,False,True,1
ve_n20_m2_f3_c2_t0.3_r1,verify,20,2,3,2,0.3,1,1,NSGA-II,31.85,0.25,67.65,5,87.2465,1.5016,0.0,0.25,True,0.0,nan,3.2,3.166,10000,False,True,1
ve_n20_m2_f3_c2_t0.3_r1,verify,20,2,3,2,0.3,1,1,LPT+EDD,42.9496,1.3334,54.1335,2,25.9666,72.4853,1.0,0.25,False,0.0,nan,17.068,0.0,3,False,True,1
ve_n20_m2_f3_c2_t0.3_r2,verify,20,2,3,2,0.3,2,1,CPM,28.45,0.25,29.75,2,23.3985,14.8179,0.0,0.25,True,0.0,nan,3.2,0.079,125,False,True,2
ve_n20_m2_f3_c2_t0.3_r2,verify,20,2,3,2,0.3,2,1,CPM-blind,31.8166,0.25,32.1,2,19.1961,15.1749,1.0,0.25,True,0.0,nan,3.2,0.047,85,False,True,2
ve_n20_m2_f3_c2_t0.3_r2,verify,20,2,3,2,0.3,2,1,ALNS,24.0833,0.25,32.1,5,24.4568,4.0421,0.8,0.25,True,0.0,nan,3.2,3.28,10000,False,True,2
ve_n20_m2_f3_c2_t0.3_r2,verify,20,2,3,2,0.3,2,1,NSGA-II,24.0833,0.25,32.1,3,26.4889,2.8578,0.3333,0.25,True,0.0,nan,3.2,3.371,10000,False,True,2
ve_n20_m2_f3_c2_t0.3_r2,verify,20,2,3,2,0.3,2,1,LPT+EDD,41.3335,1.3334,41.3335,1,1.1978,76.9073,1.0,0.25,False,0.0,nan,17.068,0.0,3,False,True,2
ve_n20_m2_f3_c2_t0.3_r3,verify,20,2,3,2,0.3,3,1,CPM,49.1332,0.25,60.3,3,109.6031,2.0917,0.0,0.25,True,0.0,nan,3.2,0.048,80,False,True,3
ve_n20_m2_f3_c2_t0.3_r3,verify,20,2,3,2,0.3,3,1,CPM-blind,61.2332,0.25,72.4,3,80.3993,11.9457,1.0,0.25,True,0.0,nan,3.2,0.064,80,False,True,3
ve_n20_m2_f3_c2_t0.3_r3,verify,20,2,3,2,0.3,3,1,ALNS,51.1001,0.25,72.4,5,100.6301,11.0892,1.0,0.25,True,0.0,nan,3.2,3.784,10000,False,True,3
ve_n20_m2_f3_c2_t0.3_r3,verify,20,2,3,2,0.3,3,1,NSGA-II,51.5168,0.25,73.4,3,102.2585,7.5352,0.6667,0.25,True,0.0,nan,3.2,3.387,10000,False,True,3
ve_n20_m2_f3_c2_t0.3_r3,verify,20,2,3,2,0.3,3,1,LPT+EDD,60.2164,1.3334,86.2503,3,41.3291,95.0275,1.0,0.25,False,0.0,nan,17.068,0.0,3,False,True,3
ve_n20_m2_f3_c2_t0.3_r4,verify,20,2,3,2,0.3,4,1,CPM,26.0999,0.25,132.7,2,196.9965,11.5753,0.5,0.25,True,2.9,800.0,3.2,0.016,47,False,True,4
ve_n20_m2_f3_c2_t0.3_r4,verify,20,2,3,2,0.3,4,1,CPM-blind,27.3999,0.25,134.0,2,194.8082,11.6214,1.0,0.25,True,2.9,844.82,3.2,0.016,47,False,True,4
ve_n20_m2_f3_c2_t0.3_r4,verify,20,2,3,2,0.3,4,1,ALNS,27.3999,0.25,47.7,2,201.9969,0.65,0.5,0.25,True,2.9,844.82,3.2,2.228,10000,False,True,4
ve_n20_m2_f3_c2_t0.3_r4,verify,20,2,3,2,0.3,4,1,NSGA-II,27.3999,0.25,47.7,2,201.9969,0.65,0.5,0.25,True,2.9,844.82,3.2,3.313,10000,False,True,4
ve_n20_m2_f3_c2_t0.3_r4,verify,20,2,3,2,0.3,4,1,LPT+EDD,32.1335,0.9167,42.0834,3,111.5005,63.698,1.0,0.25,False,2.9,1008.05,11.734,0.0,3,False,True,4
ve_n20_m2_f3_c2_t0.3_r5,verify,20,2,3,2,0.3,5,1,CPM,11.0,0.25,11.0,1,48.1745,0.0,0.0,0.25,True,0.0,nan,3.2,0.015,42,False,True,5
ve_n20_m2_f3_c2_t0.3_r5,verify,20,2,3,2,0.3,5,1,CPM-blind,13.3,0.25,13.3,1,43.0378,2.3,1.0,0.25,True,0.0,nan,3.2,0.032,43,False,True,5
ve_n20_m2_f3_c2_t0.3_r5,verify,20,2,3,2,0.3,5,1,ALNS,13.3,0.25,13.3,1,43.0378,2.3,1.0,0.25,True,0.0,nan,3.2,2.674,10000,False,True,5
ve_n20_m2_f3_c2_t0.3_r5,verify,20,2,3,2,0.3,5,1,NSGA-II,13.3,0.25,13.3,1,43.0378,2.3,1.0,0.25,True,0.0,nan,3.2,3.877,10000,False,True,5
ve_n20_m2_f3_c2_t0.3_r5,verify,20,2,3,2,0.3,5,1,LPT+EDD,19.6668,1.0834,28.7003,3,11.1454,85.1989,1.0,0.25,False,0.0,nan,13.868,0.0,3,False,True,5
ve_n20_m2_f3_c2_t0.3_r6,verify,20,2,3,2,0.3,6,1,CPM,35.8332,0.25,59.5,2,85.3095,38.3861,0.0,0.25,True,0.0,nan,3.2,0.032,67,False,True,6
ve_n20_m2_f3_c2_t0.3_r6,verify,20,2,3,2,0.3,6,1,CPM-blind,40.8332,0.25,64.5,2,73.2263,40.6818,1.0,0.25,True,0.0,nan,3.2,0.031,67,False,True,6
ve_n20_m2_f3_c2_t0.3_r6,verify,20,2,3,2,0.3,6,1,ALNS,32.4667,0.25,64.5,7,89.574,7.1031,0.8571,0.25,True,0.0,nan,3.2,2.745,10000,False,True,6
ve_n20_m2_f3_c2_t0.3_r6,verify,20,2,3,2,0.3,6,1,NSGA-II,31.5334,0.25,64.5,6,90.9921,2.0,0.5,0.25,True,0.0,nan,3.2,3.138,10000,False,True,6
ve_n20_m2_f3_c2_t0.3_r6,verify,20,2,3,2,0.3,6,1,LPT+EDD,39.4165,1.3334,56.7836,3,28.6622,69.7989,1.0,0.25,False,0.0,nan,17.068,0.0,3,False,True,6
ve_n20_m2_f3_c2_t0.3_r7,verify,20,2,3,2,0.3,7,1,CPM,25.45,0.25,25.45,1,37.8543,33.3389,0.0,0.25,True,0.0,nan,3.2,0.032,73,False,True,7
ve_n20_m2_f3_c2_t0.3_r7,verify,20,2,3,2,0.3,7,1,CPM-blind,27.55,0.25,27.55,1,32.7791,34.085,1.0,0.25,True,0.0,nan,3.2,0.016,47,False,True,7
ve_n20_m2_f3_c2_t0.3_r7,verify,20,2,3,2,0.3,7,1,ALNS,24.7501,0.25,27.55,3,38.3374,0.7,0.3333,0.25,True,0.0,nan,3.2,3.014,10000,False,True,7
ve_n20_m2_f3_c2_t0.3_r7,verify,20,2,3,2,0.3,7,1,NSGA-II,25.0001,0.25,27.55,2,37.879,6.2573,0.5,0.25,True,0.0,nan,3.2,3.398,10000,False,True,7
ve_n20_m2_f3_c2_t0.3_r7,verify,20,2,3,2,0.3,7,1,LPT+EDD,31.6004,0.9167,36.4667,2,9.754,36.4848,1.0,0.25,False,0.0,nan,11.734,0.0,3,False,True,7
ve_n20_m2_f3_c2_t0.3_r8,verify,20,2,3,2,0.3,8,1,CPM,33.8999,0.25,37.5,3,40.7214,0.0,0.0,0.25,True,0.0,nan,3.2,0.127,228,False,True,8
ve_n20_m2_f3_c2_t0.3_r8,verify,20,2,3,2,0.3,8,1,CPM-blind,39.4833,0.25,44.6,4,30.5253,6.5722,1.0,0.25,True,0.0,nan,3.2,0.063,100,False,True,8
ve_n20_m2_f3_c2_t0.3_r8,verify,20,2,3,2,0.3,8,1,ALNS,38.7165,0.25,44.6,5,31.1133,6.5722,1.0,0.25,True,0.0,nan,3.2,3.273,10000,False,True,8
ve_n20_m2_f3_c2_t0.3_r8,verify,20,2,3,2,0.3,8,1,NSGA-II,41.2665,0.25,44.6,3,28.5637,6.5722,1.0,0.25,True,0.0,nan,3.2,3.244,10000,False,True,8
ve_n20_m2_f3_c2_t0.3_r8,verify,20,2,3,2,0.3,8,1,LPT+EDD,49.2333,1.3334,52.5168,2,4.6264,90.4902,1.0,0.25,False,0.0,nan,17.068,0.0,3,False,True,8
ve_n20_m2_f3_c2_t0.3_r9,verify,20,2,3,2,0.3,9,1,CPM,22.6165,0.25,36.45,5,90.7613,3.8075,0.6,0.25,True,0.0,nan,3.2,0.079,155,False,True,9
ve_n20_m2_f3_c2_t0.3_r9,verify,20,2,3,2,0.3,9,1,CPM-blind,24.3164,0.25,38.35,4,86.9971,5.8872,1.0,0.25,True,0.0,nan,3.2,0.048,89,False,True,9
ve_n20_m2_f3_c2_t0.3_r9,verify,20,2,3,2,0.3,9,1,ALNS,23.4666,0.25,38.35,6,92.0721,2.0652,0.5,0.25,True,0.0,nan,3.2,2.766,10000,False,True,9
ve_n20_m2_f3_c2_t0.3_r9,verify,20,2,3,2,0.3,9,1,NSGA-II,25.6333,0.25,38.35,3,88.0163,12.0841,0.3333,0.25,True,0.0,nan,3.2,3.18,10000,False,True,9
ve_n20_m2_f3_c2_t0.3_r9,verify,20,2,3,2,0.3,9,1,LPT+EDD,33.3834,1.3334,54.9669,3,19.0002,81.0825,1.0,0.25,False,0.0,nan,17.068,0.0,3,False,True,9
ve_n20_m2_f3_c2_t0.5_r0,verify,20,2,3,2,0.5,0,1,CPM,54.6,0.25,54.6,1,123.9642,0.0,0.0,0.25,True,6.8,702.94,3.2,0.03,69,False,True,0
ve_n20_m2_f3_c2_t0.5_r0,verify,20,2,3,2,0.5,0,1,CPM-blind,54.95,0.25,54.95,1,123.2467,0.35,1.0,0.25,True,6.8,708.09,3.2,0.018,69,False,True,0
ve_n20_m2_f3_c2_t0.5_r0,verify,20,2,3,2,0.5,0,1,ALNS,54.95,0.25,54.95,1,123.2467,0.35,1.0,0.25,True,6.8,708.09,3.2,2.422,10000,False,True,0
ve_n20_m2_f3_c2_t0.5_r0,verify,20,2,3,2,0.5,0,1,NSGA-II,54.95,0.25,54.95,1,123.2467,0.35,1.0,0.25,True,6.8,708.09,3.2,3.655,10000,False,True,0
ve_n20_m2_f3_c2_t0.5_r0,verify,20,2,3,2,0.5,0,1,LPT+EDD,90.2834,1.1667,103.7003,3,25.4099,103.9915,1.0,0.25,False,6.8,1227.7,14.934,0.0,3,False,True,0
ve_n20_m2_f3_c2_t0.5_r1,verify,20,2,3,2,0.5,1,1,CPM,59.95,0.25,85.95,3,26.3788,0.0,0.0,0.25,True,7.0,756.43,3.2,0.032,91,False,True,1
ve_n20_m2_f3_c2_t0.5_r1,verify,20,2,3,2,0.5,1,1,CPM-blind,60.9,0.25,86.75,3,25.6009,0.85,1.0,0.25,True,7.0,770.0,3.2,0.032,55,False,True,1
ve_n20_m2_f3_c2_t0.5_r1,verify,20,2,3,2,0.5,1,1,ALNS,60.9,0.25,86.75,3,25.6009,0.85,1.0,0.25,True,7.0,770.0,3.2,3.865,10000,False,True,1
ve_n20_m2_f3_c2_t0.5_r1,verify,20,2,3,2,0.5,1,1,NSGA-II,60.9,0.25,86.75,3,25.6009,0.85,1.0,0.25,True,7.0,770.0,3.2,3.257,10000,False,True,1
ve_n20_m2_f3_c2_t0.5_r1,verify,20,2,3,2,0.5,1,1,LPT+EDD,76.1834,0.9167,76.1834,1,3.8797,56.8143,1.0,0.25,False,7.0,988.33,11.734,0.008,3,False,True,1
ve_n20_m2_f3_c2_t0.5_r2,verify,20,2,3,2,0.5,2,1,CPM,67.8664,0.25,68.85,2,98.7157,0.0,0.0,0.25,True,11.6,485.06,3.2,0.054,116,False,True,2
ve_n20_m2_f3_c2_t0.5_r2,verify,20,2,3,2,0.5,2,1,CPM-blind,69.2832,0.25,72.35,2,95.2469,2.4584,1.0,0.25,True,11.6,497.27,3.2,0.032,73,False,True,2
ve_n20_m2_f3_c2_t0.5_r2,verify,20,2,3,2,0.5,2,1,ALNS,69.0167,0.25,72.35,3,95.6577,2.4584,1.0,0.25,True,11.6,494.97,3.2,3.243,10000,False,True,2
ve_n20_m2_f3_c2_t0.5_r2,verify,20,2,3,2,0.5,2,1,NSGA-II,69.2667,0.25,72.35,3,95.2668,2.4584,1.0,0.25,True,11.6,497.13,3.2,3.382,10000,False,True,2
ve_n20_m2_f3_c2_t0.5_r2,verify,20,2,3,2,0.5,2,1,LPT+EDD,85.583,1.3334,106.767,2,16.394,99.6403,1.0,0.25,False,11.6,637.78,17.068,0.0,3,False,True,2
ve_n20_m2_f3_c2_t0.5_r3,verify,20,2,3,2,0.5,3,1,CPM,69.95,0.25,69.95,1,22.724,46.6063,0.0,0.25,True,4.0,1648.75,3.2,0.032,87,False,True,3
ve_n20_m2_f3_c2_t0.5_r3,verify,20,2,3,2,0.5,3,1,CPM-blind,77.35,0.25,77.35,1,12.3021,49.9702,1.0,0.25,True,4.0,1833.75,3.2,0.032,41,False,True,3
ve_n20_m2_f3_c2_t0.5_r3,verify,20,2,3,2,0.5,3,1,ALNS,50.0834,0.25,77.35,5,40.075,1.48,0.2,0.25,True,4.0,1152.09,3.2,2.373,10000,False,True,3
ve_n20_m2_f3_c2_t0.5_r3,verify,20,2,3,2,0.5,3,1,NSGA-II,50.0834,0.25,77.35,5,40.075,1.48,0.2,0.25,True,4.0,1152.09,3.2,3.007,10000,False,True,3
ve_n20_m2_f3_c2_t0.5_r3,verify,20,2,3,2,0.5,3,1,LPT+EDD,57.2001,0.75,57.2001,1,26.2382,33.7727,1.0,0.25,False,4.0,1330.0,9.6,0.0,3,False,True,3
ve_n20_m2_f3_c2_t0.5_r4,verify,20,2,3,2,0.5,4,1,CPM,80.9998,0.25,218.5,2,365.7082,40.3043,0.5,0.25,True,11.8,586.44,3.2,0.032,77,False,True,4
ve_n20_m2_f3_c2_t0.5_r4,verify,20,2,3,2,0.5,4,1,CPM-blind,82.6998,0.25,220.2,2,361.7557,40.3892,1.0,0.25,True,11.8,600.85,3.2,0.048,77,False,True,4
ve_n20_m2_f3_c2_t0.5_r4,verify,20,2,3,2,0.5,4,1,ALNS,74.8832,0.25,132.85,5,382.5388,0.425,0.4,0.25,True,11.8,534.6,3.2,3.798,10000,False,True,4
ve_n20_m2_f3_c2_t0.5_r4,verify,20,2,3,2,0.5,4,1,NSGA-II,74.8832,0.3333,82.6998,3,373.2284,13.1343,0.3333,0.25,False,11.8,534.6,4.266,3.261,10000,False,True,4
ve_n20_m2_f3_c2_t0.5_r4,verify,20,2,3,2,0.5,4,1,LPT+EDD,100.3331,0.9167,104.8001,3,233.864,49.4076,1.0,0.25,False,11.8,750.28,11.734,0.0,3,False,True,4
ve_n20_m2_f3_c2_t0.5_r5,verify,20,2,3,2,0.5,5,1,CPM,33.2332,0.25,38.9,4,101.7878,0.0,0.0,0.25,True,2.9,1045.97,3.2,0.079,138,False,True,5
ve_n20_m2_f3_c2_t0.5_r5,verify,20,2,3,2,0.5,5,1,CPM-blind,37.2666,0.25,39.6,3,95.5637,9.0888,1.0,0.25,True,2.9,1185.06,3.2,0.047,86,False,True,5
ve_n20_m2_f3_c2_t0.5_r5,verify,20,2,3,2,0.5,5,1,ALNS,37.2666,0.25,39.6,3,95.5637,9.0888,1.0,0.25,True,2.9,1185.06,3.2,2.928,10000,False,True,5
ve_n20_m2_f3_c2_t0.5_r5,verify,20,2,3,2,0.5,5,1,NSGA-II,37.2666,0.25,39.6,3,95.5637,9.0888,1.0,0.25,True,2.9,1185.06,3.2,3.321,10000,False,True,5
ve_n20_m2_f3_c2_t0.5_r5,verify,20,2,3,2,0.5,5,1,LPT+EDD,41.0999,1.3334,75.767,2,18.6904,77.474,1.0,0.25,False,2.9,1317.24,17.068,0.0,3,False,True,5
ve_n20_m2_f3_c2_t0.5_r6,verify,20,2,3,2,0.5,6,1,CPM,59.5665,0.25,75.6,2,51.8333,10.4702,0.0,0.25,True,12.0,396.39,3.2,0.048,76,False,True,6
ve_n20_m2_f3_c2_t0.5_r6,verify,20,2,3,2,0.5,6,1,CPM-blind,60.1665,0.25,75.6,2,51.0783,10.6237,0.5,0.25,True,12.0,401.39,3.2,0.016,47,False,True,6
ve_n20_m2_f3_c2_t0.5_r6,verify,20,2,3,2,0.5,6,1,ALNS,59.2832,0.25,75.6,4,52.4104,0.15,0.25,0.25,True,12.0,394.03,3.2,2.79,10000,False,True,6
ve_n20_m2_f3_c2_t0.5_r6,verify,20,2,3,2,0.5,6,1,NSGA-II,59.2832,0.25,75.6,3,51.969,4.3698,0.3333,0.25,True,12.0,394.03,3.2,3.156,10000,False,True,6
ve_n20_m2_f3_c2_t0.5_r6,verify,20,2,3,2,0.5,6,1,LPT+EDD,73.7665,0.9167,85.9002,2,12.0046,47.3723,1.0,0.25,False,12.0,514.72,11.734,0.0,3,False,True,6
ve_n20_m2_f3_c2_t0.5_r7,verify,20,2,3,2,0.5,7,1,CPM,44.4332,0.25,105.6,4,92.2032,1.8661,0.0,0.25,True,10.2,335.62,3.2,0.038,94,False,True,7
ve_n20_m2_f3_c2_t0.5_r7,verify,20,2,3,2,0.5,7,1,CPM-blind,53.1332,0.25,110.6,4,82.9057,6.5074,1.0,0.25,True,10.2,420.91,3.2,0.048,94,False,True,7
ve_n20_m2_f3_c2_t0.5_r7,verify,20,2,3,2,0.5,7,1,ALNS,49.5002,0.25,110.6,7,85.91,4.85,0.8571,0.25,True,10.2,385.3,3.2,2.779,10000,False,True,7
ve_n20_m2_f3_c2_t0.5_r7,verify,20,2,3,2,0.5,7,1,NSGA-II,47.5835,0.25,110.6,7,87.4848,4.8456,0.8571,0.25,True,10.2,366.5,3.2,3.065,10000,False,True,7
ve_n20_m2_f3_c2_t0.5_r7,verify,20,2,3,2,0.5,7,1,LPT+EDD,59.4668,1.3334,59.4668,1,14.7455,89.0892,1.0,0.25,False,10.2,483.01,17.068,0.0,3,False,True,7
ve_n20_m2_f3_c2_t0.5_r8,verify,20,2,3,2,0.5,8,1,CPM,57.7332,0.25,63.55,2,27.4937,8.3549,0.0,0.25,True,3.4,1598.04,3.2,0.111,132,False,True,8
ve_n20_m2_f3_c2_t0.5_r8,verify,20,2,3,2,0.5,8,1,CPM-blind,64.0832,0.25,64.55,2,22.2142,15.0378,1.0,0.25,True,3.4,1784.8,3.2,0.048,88,False,True,8
ve_n20_m2_f3_c2_t0.5_r8,verify,20,2,3,2,0.5,8,1,ALNS,59.5332,0.25,64.55,2,26.8444,8.6882,0.5,0.25,True,3.4,1650.98,3.2,4.305,10000,False,True,8
ve_n20_m2_f3_c2_t0.5_r8,verify,20,2,3,2,0.5,8,1,NSGA-II,59.5332,0.25,64.55,2,26.8444,8.6882,0.5,0.25,True,3.4,1650.98,3.2,3.486,10000,False,True,8
ve_n20_m2_f3_c2_t0.5_r8,verify,20,2,3,2,0.5,8,1,LPT+EDD,72.9001,1.3334,72.9001,1,1.9344,79.0646,1.0,0.25,False,3.4,2044.12,17.068,0.0,3,False,True,8
ve_n20_m2_f3_c2_t0.5_r9,verify,20,2,3,2,0.5,9,1,CPM,54.2,0.25,54.2,1,46.4709,0.0,0.0,0.25,True,8.3,553.01,3.2,0.016,59,False,True,9
ve_n20_m2_f3_c2_t0.5_r9,verify,20,2,3,2,0.5,9,1,CPM-blind,58.1,0.25,58.1,1,41.336,3.9,1.0,0.25,True,8.3,600.0,3.2,0.032,59,False,True,9
ve_n20_m2_f3_c2_t0.5_r9,verify,20,2,3,2,0.5,9,1,ALNS,56.3168,0.25,58.1,3,42.8699,3.9,1.0,0.25,True,8.3,578.52,3.2,2.308,10000,False,True,9
ve_n20_m2_f3_c2_t0.5_r9,verify,20,2,3,2,0.5,9,1,NSGA-II,56.3168,0.25,58.1,3,42.8699,3.9,1.0,0.25,True,8.3,578.52,3.2,3.062,10000,False,True,9
ve_n20_m2_f3_c2_t0.5_r9,verify,20,2,3,2,0.5,9,1,LPT+EDD,73.9665,1.1667,80.4503,2,5.1302,95.3544,1.0,0.25,False,8.3,791.16,14.934,0.002,3,False,True,9
ve_n20_m2_f3_c2_t0.7_r0,verify,20,2,3,2,0.7,0,1,CPM,103.8999,0.25,127.4,2,53.8231,3.5152,0.0,0.25,True,23.1,349.78,3.2,0.018,45,False,True,0
ve_n20_m2_f3_c2_t0.7_r0,verify,20,2,3,2,0.7,0,1,CPM-blind,112.0999,0.25,131.85,2,45.7793,8.7939,1.0,0.25,True,23.1,385.28,3.2,0.016,45,False,True,0
ve_n20_m2_f3_c2_t0.7_r0,verify,20,2,3,2,0.7,0,1,ALNS,108.1335,0.25,131.85,4,51.0207,4.2167,0.75,0.25,True,23.1,368.11,3.2,2.442,10000,False,True,0
ve_n20_m2_f3_c2_t0.7_r0,verify,20,2,3,2,0.7,0,1,NSGA-II,108.1335,0.25,131.85,4,51.0207,4.2167,0.75,0.25,True,23.1,368.11,3.2,3.067,10000,False,True,0
ve_n20_m2_f3_c2_t0.7_r0,verify,20,2,3,2,0.7,0,1,LPT+EDD,127.0502,1.0834,143.0002,2,8.0454,75.2471,1.0,0.25,False,23.1,450.0,13.868,0.0,3,False,True,0
ve_n20_m2_f3_c2_t0.7_r1,verify,20,2,3,2,0.7,1,1,CPM,144.7331,0.25,226.3,4,128.4089,6.3019,0.25,0.25,True,51.1,183.24,3.2,0.047,78,False,True,1
ve_n20_m2_f3_c2_t0.7_r1,verify,20,2,3,2,0.7,1,1,CPM-blind,150.0331,0.25,228.5,4,123.1426,7.6818,1.0,0.25,True,51.1,193.61,3.2,0.074,78,False,True,1
ve_n20_m2_f3_c2_t0.7_r1,verify,20,2,3,2,0.7,1,1,ALNS,150.0165,0.25,183.6,4,124.6899,5.1555,0.5,0.25,True,51.1,193.57,3.2,4.486,10000,False,True,1
ve_n20_m2_f3_c2_t0.7_r1,verify,20,2,3,2,0.7,1,1,NSGA-II,150.0165,0.25,183.6,5,127.6238,2.0133,0.6,0.25,True,51.1,193.57,3.2,2.923,10000,False,True,1
ve_n20_m2_f3_c2_t0.7_r1,verify,20,2,3,2,0.7,1,1,LPT+EDD,173.8668,1.3334,173.8668,1,18.3133,86.0751,1.0,0.25,False,51.1,240.25,17.068,0.016,3,False,True,1
ve_n20_m2_f3_c2_t0.7_r2,verify,20,2,3,2,0.7,2,1,CPM,111.15,0.25,111.15,1,61.2392,0.0,0.0,0.25,True,61.5,80.73,3.2,0.048,95,False,True,2
ve_n20_m2_f3_c2_t0.7_r2,verify,20,2,3,2,0.7,2,1,CPM-blind,112.45,0.25,112.45,1,59.8851,1.3,1.0,0.25,True,61.5,82.85,3.2,0.016,45,False,True,2
ve_n20_m2_f3_c2_t0.7_r2,verify,20,2,3,2,0.7,2,1,ALNS,112.45,0.25,112.45,1,59.8851,1.3,1.0,0.25,True,61.5,82.85,3.2,2.11,10000,False,True,2
ve_n20_m2_f3_c2_t0.7_r2,verify,20,2,3,2,0.7,2,1,NSGA-II,112.45,0.25,112.45,1,59.8851,1.3,1.0,0.25,True,61.5,82.85,3.2,3.522,10000,False,True,2
ve_n20_m2_f3_c2_t0.7_r2,verify,20,2,3,2,0.7,2,1,LPT+EDD,140.3498,0.9167,153.5834,2,8.8902,79.0284,1.0,0.25,False,61.5,128.21,11.734,0.001,3,False,True,2
ve_n20_m2_f3_c2_t0.7_r3,verify,20,2,3,2,0.7,3,1,CPM,138.0331,0.25,214.45,3,222.2629,7.4119,0.3333,0.25,True,57.9,138.4,3.2,0.085,137,False,True,3
ve_n20_m2_f3_c2_t0.7_r3,verify,20,2,3,2,0.7,3,1,CPM-blind,147.6331,0.25,217.05,4,200.8595,10.9603,1.0,0.25,True,57.9,154.98,3.2,0.048,90,False,True,3
ve_n20_m2_f3_c2_t0.7_r3,verify,20,2,3,2,0.7,3,1,ALNS,147.6331,0.25,179.05,5,203.4674,6.6244,0.6,0.25,True,57.9,154.98,3.2,3.97,10000,False,True,3
ve_n20_m2_f3_c2_t0.7_r3,verify,20,2,3,2,0.7,3,1,NSGA-II,147.6331,0.25,179.05,5,203.4674,6.6244,0.6,0.25,True,57.9,154.98,3.2,3.078,10000,False,True,3
ve_n20_m2_f3_c2_t0.7_r3,verify,20,2,3,2,0.7,3,1,LPT+EDD,170.6834,1.3334,183.7835,2,73.7517,95.6249,1.0,0.25,False,57.9,194.79,17.068,0.0,3,False,True,3
ve_n20_m2_f3_c2_t0.7_r4,verify,20,2,3,2,0.7,4,1,CPM,134.65,0.25,134.65,1,105.0478,0.0,0.0,0.25,True,53.4,152.15,3.2,0.047,64,False,True,4
ve_n20_m2_f3_c2_t0.7_r4,verify,20,2,3,2,0.7,4,1,CPM-blind,134.75,0.25,134.75,1,104.8886,0.1,1.0,0.25,True,53.4,152.34,3.2,0.032,41,False,True,4
ve_n20_m2_f3_c2_t0.7_r4,verify,20,2,3,2,0.7,4,1,ALNS,134.75,0.25,134.75,1,104.8886,0.1,1.0,0.25,True,53.4,152.34,3.2,3.677,10000,False,True,4
ve_n20_m2_f3_c2_t0.7_r4,verify,20,2,3,2,0.7,4,1,NSGA-II,134.6997,0.25,134.75,2,104.9477,0.1,1.0,0.25,True,53.4,152.25,3.2,3.347,10000,False,True,4
ve_n20_m2_f3_c2_t0.7_r4,verify,20,2,3,2,0.7,4,1,LPT+EDD,170.8,0.9167,181.5001,3,21.0683,81.4851,1.0,0.25,False,53.4,219.85,11.734,0.001,3,False,True,4
ve_n20_m2_f3_c2_t0.7_r5,verify,20,2,3,2,0.7,5,1,CPM,156.85,0.25,156.85,1,80.6067,16.6826,0.0,0.25,True,53.3,194.28,3.2,0.071,106,False,True,5
ve_n20_m2_f3_c2_t0.7_r5,verify,20,2,3,2,0.7,5,1,CPM-blind,160.25,0.25,160.25,1,76.1298,18.5466,1.0,0.25,True,53.3,200.66,3.2,0.033,69,False,True,5
ve_n20_m2_f3_c2_t0.7_r5,verify,20,2,3,2,0.7,5,1,ALNS,155.3164,0.25,160.25,2,80.9817,1.7,0.5,0.25,True,53.3,191.4,3.2,4.057,10000,False,True,5
ve_n20_m2_f3_c2_t0.7_r5,verify,20,2,3,2,0.7,5,1,NSGA-II,155.3164,0.25,160.25,2,80.9817,1.7,0.5,0.25,True,53.3,191.4,3.2,3.475,10000,False,True,5
ve_n20_m2_f3_c2_t0.7_r5,verify,20,2,3,2,0.7,5,1,LPT+EDD,197.3335,1.3334,197.3335,1,4.8379,100.8165,1.0,0.25,False,53.3,270.23,17.068,0.0,3,False,True,5
ve_n20_m2_f3_c2_t0.7_r6,verify,20,2,3,2,0.7,6,1,CPM,121.1166,0.25,136.95,2,24.2321,0.0,0.0,0.25,True,45.0,169.15,3.2,0.032,53,False,True,6
ve_n20_m2_f3_c2_t0.7_r6,verify,20,2,3,2,0.7,6,1,CPM-blind,124.6166,0.25,140.45,2,21.2278,3.5,1.0,0.25,True,45.0,176.93,3.2,0.016,53,False,True,6
ve_n20_m2_f3_c2_t0.7_r6,verify,20,2,3,2,0.7,6,1,ALNS,122.7667,0.25,140.45,3,21.5824,3.5,1.0,0.25,True,45.0,172.81,3.2,2.756,10000,False,True,6
ve_n20_m2_f3_c2_t0.7_r6,verify,20,2,3,2,0.7,6,1,NSGA-II,122.7667,0.25,140.45,3,21.5824,3.5,1.0,0.25,True,45.0,172.81,3.2,3.092,10000,False,True,6
ve_n20_m2_f3_c2_t0.7_r6,verify,20,2,3,2,0.7,6,1,LPT+EDD,125.5167,0.9167,125.5167,1,5.7459,50.6362,1.0,0.25,False,45.0,178.93,11.734,0.001,3,False,True,6
ve_n20_m2_f3_c2_t0.7_r7,verify,20,2,3,2,0.7,7,1,CPM,139.8163,0.25,153.7,3,137.6274,10.7251,0.6667,0.25,True,50.1,179.07,3.2,0.032,46,False,True,7
ve_n20_m2_f3_c2_t0.7_r7,verify,20,2,3,2,0.7,7,1,CPM-blind,139.8163,0.25,153.7,3,137.6274,10.7251,0.6667,0.25,True,50.1,179.07,3.2,0.021,46,False,True,7
ve_n20_m2_f3_c2_t0.7_r7,verify,20,2,3,2,0.7,7,1,ALNS,133.9333,0.25,153.7,2,155.7644,0.0,0.0,0.25,True,50.1,167.33,3.2,2.947,10000,False,True,7
ve_n20_m2_f3_c2_t0.7_r7,verify,20,2,3,2,0.7,7,1,NSGA-II,133.9333,0.25,153.7,2,155.7644,0.0,0.0,0.25,True,50.1,167.33,3.2,3.413,10000,False,True,7
ve_n20_m2_f3_c2_t0.7_r7,verify,20,2,3,2,0.7,7,1,LPT+EDD,155.0163,1.0834,177.9003,3,60.5375,86.8642,1.0,0.25,False,50.1,209.41,13.868,0.0,3,False,True,7
ve_n20_m2_f3_c2_t0.7_r8,verify,20,2,3,2,0.7,8,1,CPM,151.183,0.25,174.65,4,330.1545,30.932,0.75,0.25,True,41.4,265.18,3.2,0.09,91,False,True,8
ve_n20_m2_f3_c2_t0.7_r8,verify,20,2,3,2,0.7,8,1,CPM-blind,151.183,0.25,174.65,4,330.1545,30.932,0.75,0.25,True,41.4,265.18,3.2,0.08,91,False,True,8
ve_n20_m2_f3_c2_t0.7_r8,verify,20,2,3,2,0.7,8,1,ALNS,147.3498,0.25,174.65,5,340.6225,5.5559,0.0,0.25,True,41.4,255.92,3.2,4.348,10000,False,True,8
ve_n20_m2_f3_c2_t0.7_r8,verify,20,2,3,2,0.7,8,1,NSGA-II,146.7664,0.25,174.95,6,341.2559,0.1,0.3333,0.25,True,41.4,254.51,3.2,3.136,10000,False,True,8
ve_n20_m2_f3_c2_t0.7_r8,verify,20,2,3,2,0.7,8,1,LPT+EDD,191.2666,1.3334,240.917,3,114.9514,89.903,1.0,0.25,False,41.4,362.0,17.068,0.001,3,False,True,8
ve_n20_m2_f3_c2_t0.7_r9,verify,20,2,3,2,0.7,9,1,CPM,124.25,0.25,124.25,1,175.9894,61.1183,0.0,0.25,True,34.3,262.24,3.2,0.042,64,False,True,9
ve_n20_m2_f3_c2_t0.7_r9,verify,20,2,3,2,0.7,9,1,CPM-blind,125.6,0.25,125.6,1,173.0982,61.5898,1.0,0.25,True,34.3,266.18,3.2,0.027,41,False,True,9
ve_n20_m2_f3_c2_t0.7_r9,verify,20,2,3,2,0.7,9,1,ALNS,122.4167,0.25,125.6,4,177.5392,0.4833,0.75,0.25,True,34.3,256.9,3.2,3.414,10000,False,True,9
ve_n20_m2_f3_c2_t0.7_r9,verify,20,2,3,2,0.7,9,1,NSGA-II,123.0667,0.25,125.6,3,176.8846,11.5621,0.6667,0.25,True,34.3,258.8,3.2,3.191,10000,False,True,9
ve_n20_m2_f3_c2_t0.7_r9,verify,20,2,3,2,0.7,9,1,LPT+EDD,150.9665,1.0834,186.7504,3,46.2137,72.214,1.0,0.25,False,34.3,340.14,13.868,0.0,3,False,True,9
ve_n20_m3_f3_c2_t0.3_r0,verify,20,3,3,2,0.3,0,0,CPM,21.8833,0.0,73.8,3,103.2078,10.4232,0.3333,0.0,True,0.0,nan,0.0,0.117,180,False,True,0
ve_n20_m3_f3_c2_t0.3_r0,verify,20,3,3,2,0.3,0,0,CPM-blind,22.2833,0.0,73.8,3,102.7677,10.4297,0.3333,0.0,True,0.0,nan,0.0,0.117,180,False,True,0
ve_n20_m3_f3_c2_t0.3_r0,verify,20,3,3,2,0.3,0,0,ALNS,20.8834,0.0,73.8,4,104.6104,0.0,0.0,0.0,True,0.0,nan,0.0,2.28,10000,False,True,0
ve_n20_m3_f3_c2_t0.3_r0,verify,20,3,3,2,0.3,0,0,NSGA-II,20.8834,0.0,73.8,4,104.6104,0.0,0.0,0.0,True,0.0,nan,0.0,3.01,10000,False,True,0
ve_n20_m3_f3_c2_t0.3_r0,verify,20,3,3,2,0.3,0,0,LPT+EDD,23.9334,1.2501,44.6503,3,36.8837,91.0309,1.0,0.0,False,0.0,nan,16.001,0.0,3,False,True,0
ve_n20_m3_f3_c2_t0.3_r1,verify,20,3,3,2,0.3,1,0,CPM,32.0333,0.0,74.2,3,105.2613,0.0333,0.3333,0.0,True,0.0,nan,0.0,0.349,266,False,True,1
ve_n20_m3_f3_c2_t0.3_r1,verify,20,3,3,2,0.3,1,0,CPM-blind,32.3333,0.0,74.5,3,104.5713,0.3333,1.0,0.0,True,0.0,nan,0.0,0.37,266,False,True,1
ve_n20_m3_f3_c2_t0.3_r1,verify,20,3,3,2,0.3,1,0,ALNS,31.9333,0.0,74.5,3,105.258,0.2,0.6667,0.0,True,0.0,nan,0.0,3.858,10000,False,True,1
ve_n20_m3_f3_c2_t0.3_r1,verify,20,3,3,2,0.3,1,0,NSGA-II,31.9333,0.0,74.5,3,105.258,0.2,0.6667,0.0,True,0.0,nan,0.0,3.395,10000,False,True,1
ve_n20_m3_f3_c2_t0.3_r1,verify,20,3,3,2,0.3,1,0,LPT+EDD,39.9166,2.0,39.9166,1,12.91,173.2856,1.0,0.0,False,0.0,nan,25.6,0.001,3,False,True,1
ve_n20_m3_f3_c2_t0.3_r2,verify,20,3,3,2,0.3,2,0,CPM,23.7833,0.0,31.0,3,24.0853,0.5833,0.3333,0.0,True,2.2,981.06,0.0,0.243,308,False,True,2
ve_n20_m3_f3_c2_t0.3_r2,verify,20,3,3,2,0.3,2,0,CPM-blind,23.7833,0.0,31.0,3,24.0853,0.5833,0.3333,0.0,True,2.2,981.06,0.0,0.237,308,False,True,2
ve_n20_m3_f3_c2_t0.3_r2,verify,20,3,3,2,0.3,2,0,ALNS,22.0333,0.0,31.0,3,27.0896,0.0,0.0,0.0,True,2.2,901.51,0.0,3.143,10000,False,True,2
ve_n20_m3_f3_c2_t0.3_r2,verify,20,3,3,2,0.3,2,0,NSGA-II,22.0333,0.0,31.0,3,27.0896,0.0,0.0,0.0,True,2.2,901.51,0.0,3.296,10000,False,True,2
ve_n20_m3_f3_c2_t0.3_r2,verify,20,3,3,2,0.3,2,0,LPT+EDD,23.0834,2.0,23.0834,1,3.605,172.278,1.0,0.0,False,2.2,949.25,25.6,0.0,3,False,True,2
ve_n20_m3_f3_c2_t0.3_r3,verify,20,3,3,2,0.3,3,0,CPM,22.1166,0.0,77.5,3,199.6541,0.0,0.0,0.0,True,0.0,nan,0.0,0.152,168,False,True,3
ve_n20_m3_f3_c2_t0.3_r3,verify,20,3,3,2,0.3,3,0,CPM-blind,24.3166,0.0,79.7,3,192.5775,2.2,1.0,0.0,True,0.0,nan,0.0,0.142,168,False,True,3
ve_n20_m3_f3_c2_t0.3_r3,verify,20,3,3,2,0.3,3,0,ALNS,23.8999,0.0,79.7,4,193.5359,2.2,1.0,0.0,True,0.0,nan,0.0,3.3,10000,False,True,3
ve_n20_m3_f3_c2_t0.3_r3,verify,20,3,3,2,0.3,3,0,NSGA-II,23.8999,0.0,79.7,4,193.5359,2.2,1.0,0.0,True,0.0,nan,0.0,3.246,10000,False,True,3
ve_n20_m3_f3_c2_t0.3_r3,verify,20,3,3,2,0.3,3,0,LPT+EDD,26.7332,1.5001,44.0503,3,90.7079,124.8643,1.0,0.0,False,0.0,nan,19.201,0.0,3,False,True,3
ve_n20_m3_f3_c2_t0.3_r4,verify,20,3,3,2,0.3,4,0,CPM,11.45,0.0,53.3,4,51.2057,0.0,0.0,0.0,True,0.0,nan,0.0,0.167,250,False,True,4
ve_n20_m3_f3_c2_t0.3_r4,verify,20,3,3,2,0.3,4,0,CPM-blind,12.55,0.0,53.3,4,49.9349,0.95,0.75,0.0,True,0.0,nan,0.0,0.093,153,False,True,4
ve_n20_m3_f3_c2_t0.3_r4,verify,20,3,3,2,0.3,4,0,ALNS,12.5333,0.0,53.3,5,49.9384,0.95,0.8,0.0,True,0.0,nan,0.0,2.622,10000,False,True,4
ve_n20_m3_f3_c2_t0.3_r4,verify,20,3,3,2,0.3,4,0,NSGA-II,12.5333,0.0,53.3,5,49.9384,0.95,0.8,0.0,True,0.0,nan,0.0,3.237,10000,False,True,4
ve_n20_m3_f3_c2_t0.3_r4,verify,20,3,3,2,0.3,4,0,LPT+EDD,12.6166,0.75,25.5,2,21.1698,43.4763,1.0,0.0,False,0.0,nan,9.6,0.0,3,False,True,4
ve_n20_m3_f3_c2_t0.3_r5,verify,20,3,3,2,0.3,5,0,CPM,24.0,0.0,30.0,2,16.6559,35.1683,0.0,0.0,True,2.9,727.59,0.0,0.088,239,False,True,5
ve_n20_m3_f3_c2_t0.3_r5,verify,20,3,3,2,0.3,5,0,CPM-blind,26.1,0.0,32.1,2,13.5586,36.2545,1.0,0.0,True,2.9,800.0,0.0,0.095,238,False,True,5
ve_n20_m3_f3_c2_t0.3_r5,verify,20,3,3,2,0.3,5,0,ALNS,19.4333,0.0,32.1,5,20.1831,0.84,0.4,0.0,True,2.9,570.11,0.0,2.275,10000,False,True,5
ve_n20_m3_f3_c2_t0.3_r5,verify,20,3,3,2,0.3,5,0,NSGA-II,19.4333,0.0,32.1,5,20.1831,0.84,0.4,0.0,True,2.9,570.11,0.0,3.021,10000,False,True,5
ve_n20_m3_f3_c2_t0.3_r5,verify,20,3,3,2,0.3,5,0,LPT+EDD,27.0664,1.2499,27.0664,1,2.0797,70.819,1.0,0.0,False,2.9,833.32,15.999,0.0,3,False,True,5
ve_n20_m3_f3_c2_t0.3_r6,verify,20,3,3,2,0.3,6,0,CPM,18.6833,0.0,27.6,3,77.9897,0.0,0.0,0.0,True,0.0,nan,0.0,0.237,284,False,True,6
ve_n20_m3_f3_c2_t0.3_r6,verify,20,3,3,2,0.3,6,0,CPM-blind,21.0833,0.0,30.0,3,70.7096,2.4,1.0,0.0,True,0.0,nan,0.0,0.254,284,False,True,6
ve_n20_m3_f3_c2_t0.3_r6,verify,20,3,3,2,0.3,6,0,ALNS,21.0833,0.0,30.0,3,70.7096,2.4,1.0,0.0,True,0.0,nan,0.0,2.704,10000,False,True,6
ve_n20_m3_f3_c2_t0.3_r6,verify,20,3,3,2,0.3,6,0,NSGA-II,21.0833,0.0,30.0,3,70.7096,2.4,1.0,0.0,True,0.0,nan,0.0,3.216,10000,False,True,6
ve_n20_m3_f3_c2_t0.3_r6,verify,20,3,3,2,0.3,6,0,LPT+EDD,30.2167,1.5834,40.2336,2,10.9566,132.0126,1.0,0.0,False,0.0,nan,20.268,0.0,3,False,True,6
ve_n20_m3_f3_c2_t0.3_r7,verify,20,3,3,2,0.3,7,0,CPM,23.6999,0.0,71.1,4,75.9928,2.1011,0.25,0.0,True,0.0,nan,0.0,0.243,244,False,True,7
ve_n20_m3_f3_c2_t0.3_r7,verify,20,3,3,2,0.3,7,0,CPM-blind,24.1999,0.0,72.2,4,74.7928,2.8464,1.0,0.0,True,0.0,nan,0.0,0.126,149,False,True,7
ve_n20_m3_f3_c2_t0.3_r7,verify,20,3,3,2,0.3,7,0,ALNS,23.3332,0.0,72.2,4,75.7465,0.7667,0.75,0.0,True,0.0,nan,0.0,3.068,10000,False,True,7
ve_n20_m3_f3_c2_t0.3_r7,verify,20,3,3,2,0.3,7,0,NSGA-II,23.3332,0.0,72.2,4,75.7604,0.725,0.75,0.0,True,0.0,nan,0.0,3.262,10000,False,True,7
ve_n20_m3_f3_c2_t0.3_r7,verify,20,3,3,2,0.3,7,0,LPT+EDD,28.1833,1.3333,28.1833,1,12.1884,97.5895,1.0,0.0,False,0.0,nan,17.066,0.0,3,False,True,7
ve_n20_m3_f3_c2_t0.3_r8,verify,20,3,3,2,0.3,8,0,CPM,26.35,0.0,32.1,2,61.0772,0.0,0.0,0.0,True,1.3,1926.92,0.0,0.297,312,False,True,8
ve_n20_m3_f3_c2_t0.3_r8,verify,20,3,3,2,0.3,8,0,CPM-blind,29.25,0.0,35.0,2,53.61,2.9,1.0,0.0,True,1.3,2150.0,0.0,0.273,308,False,True,8
ve_n20_m3_f3_c2_t0.3_r8,verify,20,3,3,2,0.3,8,0,ALNS,28.5667,0.0,35.0,3,54.7431,2.9,1.0,0.0,True,1.3,2097.44,0.0,2.912,10000,False,True,8
ve_n20_m3_f3_c2_t0.3_r8,verify,20,3,3,2,0.3,8,0,NSGA-II,28.5667,0.0,35.0,3,54.7431,2.9,1.0,0.0,True,1.3,2097.44,0.0,3.117,10000,False,True,8
ve_n20_m3_f3_c2_t0.3_r8,verify,20,3,3,2,0.3,8,0,LPT+EDD,42.6664,2.0001,45.1169,2,3.9645,188.2232,1.0,0.0,False,1.3,3182.03,25.601,0.0,3,False,True,8
ve_n20_m3_f3_c2_t0.3_r9,verify,20,3,3,2,0.3,9,0,CPM,16.55,0.0,19.8,3,10.745,10.4175,0.0,0.0,True,0.6,2658.33,0.0,0.157,298,False,True,9
ve_n20_m3_f3_c2_t0.3_r9,verify,20,3,3,2,0.3,9,0,CPM-blind,17.15,0.0,20.4,3,9.695,10.8686,1.0,0.0,True,0.6,2758.33,0.0,0.142,298,False,True,9
ve_n20_m3_f3_c2_t0.3_r9,verify,20,3,3,2,0.3,9,0,ALNS,16.5334,0.0,20.4,4,10.2088,0.45,0.75,0.0,True,0.6,2655.57,0.0,2.46,10000,False,True,9
ve_n20_m3_f3_c2_t0.3_r9,verify,20,3,3,2,0.3,9,0,NSGA-II,16.5334,0.0,20.4,4,10.2088,0.45,0.75,0.0,True,0.6,2655.57,0.0,3.044,10000,False,True,9
ve_n20_m3_f3_c2_t0.3_r9,verify,20,3,3,2,0.3,9,0,LPT+EDD,18.1333,1.5,18.1333,1,1.3267,108.3436,1.0,0.0,False,0.6,2922.22,19.2,0.0,3,False,True,9
ve_n20_m3_f3_c2_t0.5_r0,verify,20,3,3,2,0.5,0,0,CPM,90.5332,0.0,118.8,4,133.135,8.0063,0.5,0.0,True,18.5,389.37,0.0,0.509,413,False,True,0
ve_n20_m3_f3_c2_t0.5_r0,verify,20,3,3,2,0.5,0,0,CPM-blind,95.9832,0.0,123.8,4,116.8787,10.4889,1.0,0.0,True,18.5,418.83,0.0,0.338,255,False,True,0
ve_n20_m3_f3_c2_t0.5_r0,verify,20,3,3,2,0.5,0,0,ALNS,87.1334,0.0,123.8,5,141.3467,2.04,0.4,0.0,True,18.5,370.99,0.0,3.454,10000,False,True,0
ve_n20_m3_f3_c2_t0.5_r0,verify,20,3,3,2,0.5,0,0,NSGA-II,88.1501,0.0,124.4,4,138.1282,13.7621,1.0,0.0,True,18.5,376.49,0.0,3.328,10000,False,True,0
ve_n20_m3_f3_c2_t0.5_r0,verify,20,3,3,2,0.5,0,0,LPT+EDD,109.0498,1.5834,110.8502,2,39.7916,121.5661,1.0,0.0,False,18.5,489.46,20.268,0.0,3,False,True,0
ve_n20_m3_f3_c2_t0.5_r1,verify,20,3,3,2,0.5,1,0,CPM,82.3499,0.0,157.2,4,141.4641,1.7189,0.0,0.0,True,5.1,1514.7,0.0,0.269,253,False,True,1
ve_n20_m3_f3_c2_t0.5_r1,verify,20,3,3,2,0.5,1,0,CPM-blind,85.7499,0.0,160.6,4,135.4308,4.7963,1.0,0.0,True,5.1,1581.37,0.0,0.175,155,False,True,1
ve_n20_m3_f3_c2_t0.5_r1,verify,20,3,3,2,0.5,1,0,ALNS,85.7499,0.0,160.6,5,136.8725,2.77,0.8,0.0,True,5.1,1581.37,0.0,4.174,10000,False,True,1
ve_n20_m3_f3_c2_t0.5_r1,verify,20,3,3,2,0.5,1,0,NSGA-II,85.9999,0.0,160.6,4,136.6641,8.7959,0.75,0.0,True,5.1,1586.27,0.0,3.346,10000,False,True,1
ve_n20_m3_f3_c2_t0.5_r1,verify,20,3,3,2,0.5,1,0,LPT+EDD,97.7499,1.5,97.7499,1,19.9775,111.2725,1.0,0.0,False,5.1,1816.66,19.2,0.0,3,False,True,1
ve_n20_m3_f3_c2_t0.5_r2,verify,20,3,3,2,0.5,2,0,CPM,44.9166,0.0,86.4,3,137.5784,0.0,0.0,0.0,True,5.9,661.3,0.0,0.169,257,False,True,2
ve_n20_m3_f3_c2_t0.5_r2,verify,20,3,3,2,0.5,2,0,CPM-blind,60.4166,0.0,110.3,3,105.8295,17.9833,1.0,0.0,True,5.9,924.01,0.0,0.1,160,False,True,2
ve_n20_m3_f3_c2_t0.5_r2,verify,20,3,3,2,0.5,2,0,ALNS,60.4166,0.0,110.3,4,106.5212,17.9435,1.0,0.0,True,5.9,924.01,0.0,2.697,10000,False,True,2
ve_n20_m3_f3_c2_t0.5_r2,verify,20,3,3,2,0.5,2,0,NSGA-II,60.4166,0.0,110.3,4,106.5212,17.9435,1.0,0.0,True,5.9,924.01,0.0,3.188,10000,False,True,2
ve_n20_m3_f3_c2_t0.5_r2,verify,20,3,3,2,0.5,2,0,LPT+EDD,77.6331,1.5001,88.3337,3,17.9703,127.4014,1.0,0.0,False,5.9,1215.82,19.201,0.0,3,False,True,2
ve_n20_m3_f3_c2_t0.5_r3,verify,20,3,3,2,0.5,3,0,CPM,49.85,0.0,71.6,2,79.2285,0.0,0.0,0.0,True,10.8,361.57,0.0,0.225,298,False,True,3
ve_n20_m3_f3_c2_t0.5_r3,verify,20,3,3,2,0.5,3,0,CPM-blind,52.55,0.0,74.3,2,72.276,2.7,1.0,0.0,True,10.8,386.57,0.0,0.193,278,False,True,3
ve_n20_m3_f3_c2_t0.5_r3,verify,20,3,3,2,0.5,3,0,ALNS,52.55,0.0,74.3,2,72.276,2.7,1.0,0.0,True,10.8,386.57,0.0,3.069,10000,False,True,3
ve_n20_m3_f3_c2_t0.5_r3,verify,20,3,3,2,0.5,3,0,NSGA-II,52.55,0.0,74.3,2,72.276,2.7,1.0,0.0,True,10.8,386.57,0.0,3.401,10000,False,True,3
ve_n20_m3_f3_c2_t0.5_r3,verify,20,3,3,2,0.5,3,0,LPT+EDD,69.1501,1.5834,69.6001,2,13.1659,146.5737,1.0,0.0,False,10.8,540.28,20.268,0.0,3,False,True,3
ve_n20_m3_f3_c2_t0.5_r4,verify,20,3,3,2,0.5,4,0,CPM,49.3,0.0,69.8,2,118.1053,0.0,0.0,0.0,True,4.4,1020.45,0.0,0.436,485,False,True,4
ve_n20_m3_f3_c2_t0.5_r4,verify,20,3,3,2,0.5,4,0,CPM-blind,55.9,0.0,76.4,2,99.2953,6.6,1.0,0.0,True,4.4,1170.45,0.0,0.275,314,False,True,4
ve_n20_m3_f3_c2_t0.5_r4,verify,20,3,3,2,0.5,4,0,ALNS,53.3167,0.0,76.4,3,104.9354,6.6,1.0,0.0,True,4.4,1111.74,0.0,2.998,10000,False,True,4
ve_n20_m3_f3_c2_t0.5_r4,verify,20,3,3,2,0.5,4,0,NSGA-II,53.3167,0.0,76.4,3,104.9354,6.6,1.0,0.0,True,4.4,1111.74,0.0,3.317,10000,False,True,4
ve_n20_m3_f3_c2_t0.5_r4,verify,20,3,3,2,0.5,4,0,LPT+EDD,72.9165,1.9167,83.217,3,13.2049,181.1125,1.0,0.0,False,4.4,1557.19,24.534,0.001,3,False,True,4
ve_n20_m3_f3_c2_t0.5_r5,verify,20,3,3,2,0.5,5,0,CPM,35.4666,0.0,37.5,3,15.6819,0.0,0.0,0.0,True,9.6,269.44,0.0,0.238,309,False,True,5
ve_n20_m3_f3_c2_t0.5_r5,verify,20,3,3,2,0.5,5,0,CPM-blind,39.0999,0.0,44.3,3,9.3494,5.7444,1.0,0.0,True,9.6,307.29,0.0,0.236,326,False,True,5
ve_n20_m3_f3_c2_t0.5_r5,verify,20,3,3,2,0.5,5,0,ALNS,39.0999,0.0,44.3,4,9.8785,5.7444,1.0,0.0,True,9.6,307.29,0.0,2.89,10000,False,True,5
ve_n20_m3_f3_c2_t0.5_r5,verify,20,3,3,2,0.5,5,0,NSGA-II,39.0999,0.0,44.3,3,9.5869,11.9561,1.0,0.0,True,9.6,307.29,0.0,3.294,10000,False,True,5
ve_n20_m3_f3_c2_t0.5_r5,verify,20,3,3,2,0.5,5,0,LPT+EDD,46.3499,0.8333,46.3499,1,1.0331,48.5585,1.0,0.0,False,9.6,382.81,10.666,0.0,3,False,True,5
ve_n20_m3_f3_c2_t0.5_r6,verify,20,3,3,2,0.5,6,0,CPM,46.1,0.0,99.8,2,123.4786,13.8909,0.0,0.0,True,1.4,3192.86,0.0,0.118,130,False,True,6
ve_n20_m3_f3_c2_t0.5_r6,verify,20,3,3,2,0.5,6,0,CPM-blind,46.1,0.0,99.8,2,123.4786,13.8909,0.0,0.0,True,1.4,3192.86,0.0,0.115,130,False,True,6
ve_n20_m3_f3_c2_t0.5_r6,verify,20,3,3,2,0.5,6,0,ALNS,38.9834,0.0,99.8,4,135.493,1.7671,0.0,0.0,True,1.4,2684.53,0.0,2.446,10000,False,True,6
ve_n20_m3_f3_c2_t0.5_r6,verify,20,3,3,2,0.5,6,0,NSGA-II,39.3167,0.0,99.8,4,135.3322,5.0004,0.0,0.0,True,1.4,2708.34,0.0,3.115,10000,False,True,6
ve_n20_m3_f3_c2_t0.5_r6,verify,20,3,3,2,0.5,6,0,LPT+EDD,45.2998,1.5001,61.2169,3,36.254,119.1627,1.0,0.0,False,1.4,3135.7,19.201,0.0,3,False,True,6
ve_n20_m3_f3_c2_t0.5_r7,verify,20,3,3,2,0.5,7,0,CPM,55.0999,0.0,102.4,3,72.1165,4.0512,0.3333,0.0,True,3.3,1569.69,0.0,0.202,258,False,True,7
ve_n20_m3_f3_c2_t0.5_r7,verify,20,3,3,2,0.5,7,0,CPM-blind,58.6332,0.0,106.4,4,66.8397,5.8797,1.0,0.0,True,3.3,1676.76,0.0,0.127,165,False,True,7
ve_n20_m3_f3_c2_t0.5_r7,verify,20,3,3,2,0.5,7,0,ALNS,57.7999,0.0,106.4,4,70.022,2.6667,0.75,0.0,True,3.3,1651.51,0.0,2.923,10000,False,True,7
ve_n20_m3_f3_c2_t0.5_r7,verify,20,3,3,2,0.5,7,0,NSGA-II,59.0334,0.0,106.4,4,69.338,2.6667,0.75,0.0,True,3.3,1688.89,0.0,3.161,10000,False,True,7
ve_n20_m3_f3_c2_t0.5_r7,verify,20,3,3,2,0.5,7,0,LPT+EDD,82.6667,1.1667,82.6667,1,7.6643,99.8897,1.0,0.0,False,3.3,2405.05,14.934,0.0,3,False,True,7
ve_n20_m3_f3_c2_t0.5_r8,verify,20,3,3,2,0.5,8,0,CPM,58.7666,0.0,91.0,5,88.0422,3.2096,0.2,0.0,True,10.3,470.55,0.0,0.323,303,False,True,8
ve_n20_m3_f3_c2_t0.5_r8,verify,20,3,3,2,0.5,8,0,CPM-blind,58.7666,0.0,91.0,5,88.0422,3.2096,0.2,0.0,True,10.3,470.55,0.0,0.29,303,False,True,8
ve_n20_m3_f3_c2_t0.5_r8,verify,20,3,3,2,0.5,8,0,ALNS,58.7666,0.0,91.0,6,89.5805,0.0,0.0,0.0,True,10.3,470.55,0.0,3.487,10000,False,True,8
ve_n20_m3_f3_c2_t0.5_r8,verify,20,3,3,2,0.5,8,0,NSGA-II,62.5666,0.0,91.4,5,83.3255,4.5479,1.0,0.0,True,10.3,507.44,0.0,3.215,10000,False,True,8
ve_n20_m3_f3_c2_t0.5_r8,verify,20,3,3,2,0.5,8,0,LPT+EDD,62.2666,1.5834,84.0668,2,20.844,118.2135,1.0,0.0,False,10.3,504.53,20.268,0.0,3,False,True,8
ve_n20_m3_f3_c2_t0.5_r9,verify,20,3,3,2,0.5,9,0,CPM,73.5833,0.0,132.4,4,100.5419,0.0125,0.25,0.0,True,11.8,523.59,0.0,0.16,167,False,True,9
ve_n20_m3_f3_c2_t0.5_r9,verify,20,3,3,2,0.5,9,0,CPM-blind,74.7833,0.0,133.6,4,98.6618,1.2125,1.0,0.0,True,11.8,533.76,0.0,0.155,167,False,True,9
ve_n20_m3_f3_c2_t0.5_r9,verify,20,3,3,2,0.5,9,0,ALNS,73.7,0.0,133.6,3,99.873,8.9326,0.6667,0.0,True,11.8,524.58,0.0,3.921,10000,False,True,9
ve_n20_m3_f3_c2_t0.5_r9,verify,20,3,3,2,0.5,9,0,NSGA-II,74.1,0.0,134.0,3,99.2463,9.2335,1.0,0.0,True,11.8,527.97,0.0,3.422,10000,False,True,9
ve_n20_m3_f3_c2_t0.5_r9,verify,20,3,3,2,0.5,9,0,LPT+EDD,87.6168,1.1667,89.5667,2,23.9907,80.459,1.0,0.0,False,11.8,642.52,14.934,0.0,3,False,True,9
ve_n20_m3_f3_c2_t0.7_r0,verify,20,3,3,2,0.7,0,0,CPM,92.7832,0.0,107.7,4,77.1271,0.0,0.0,0.0,True,48.1,92.9,0.0,0.407,500,False,True,0
ve_n20_m3_f3_c2_t0.7_r0,verify,20,3,3,2,0.7,0,0,CPM-blind,101.5166,0.0,120.1,4,57.2476,10.6084,1.0,0.0,True,48.1,111.05,0.0,0.237,307,False,True,0
ve_n20_m3_f3_c2_t0.7_r0,verify,20,3,3,2,0.7,0,0,ALNS,101.5166,0.0,120.1,4,57.2476,10.6084,1.0,0.0,True,48.1,111.05,0.0,2.546,10000,False,True,0
ve_n20_m3_f3_c2_t0.7_r0,verify,20,3,3,2,0.7,0,0,NSGA-II,101.5166,0.0,120.1,4,57.2476,10.6084,1.0,0.0,True,48.1,111.05,0.0,3.176,10000,False,True,0
ve_n20_m3_f3_c2_t0.7_r0,verify,20,3,3,2,0.7,0,0,LPT+EDD,117.5001,1.75,117.5001,1,4.2927,133.2643,1.0,0.0,False,48.1,144.28,22.4,0.0,3,False,True,0
ve_n20_m3_f3_c2_t0.7_r1,verify,20,3,3,2,0.7,1,0,CPM,68.5,0.0,68.5,1,156.6938,0.0,0.0,0.0,True,29.1,135.4,0.0,0.276,408,False,True,1
ve_n20_m3_f3_c2_t0.7_r1,verify,20,3,3,2,0.7,1,0,CPM-blind,86.0665,0.0,90.1,3,109.6157,21.6,1.0,0.0,True,29.1,195.76,0.0,0.16,248,False,True,1
ve_n20_m3_f3_c2_t0.7_r1,verify,20,3,3,2,0.7,1,0,ALNS,86.0665,0.0,90.1,3,109.6157,21.6,1.0,0.0,True,29.1,195.76,0.0,2.698,10000,False,True,1
ve_n20_m3_f3_c2_t0.7_r1,verify,20,3,3,2,0.7,1,0,NSGA-II,85.6999,0.0,90.1,4,110.1321,21.6,1.0,0.0,True,29.1,194.5,0.0,3.225,10000,False,True,1
ve_n20_m3_f3_c2_t0.7_r1,verify,20,3,3,2,0.7,1,0,LPT+EDD,107.6,1.9167,116.6836,3,13.4409,197.6336,1.0,0.0,False,29.1,269.76,24.534,0.0,3,False,True,1
ve_n20_m3_f3_c2_t0.7_r2,verify,20,3,3,2,0.7,2,0,CPM,73.25,0.0,115.0,3,82.523,0.0,0.0,0.0,True,39.7,84.51,0.0,0.142,246,False,True,2
ve_n20_m3_f3_c2_t0.7_r2,verify,20,3,3,2,0.7,2,0,CPM-blind,80.85,0.0,127.1,3,69.7594,10.6,1.0,0.0,True,39.7,103.65,0.0,0.084,144,False,True,2
ve_n20_m3_f3_c2_t0.7_r2,verify,20,3,3,2,0.7,2,0,ALNS,80.85,0.0,127.1,3,69.7594,10.6,1.0,0.0,True,39.7,103.65,0.0,2.308,10000,False,True,2
ve_n20_m3_f3_c2_t0.7_r2,verify,20,3,3,2,0.7,2,0,NSGA-II,80.85,0.0,127.1,3,69.7594,10.6,1.0,0.0,True,39.7,103.65,0.0,3.184,10000,False,True,2
ve_n20_m3_f3_c2_t0.7_r2,verify,20,3,3,2,0.7,2,0,LPT+EDD,92.3834,1.0833,116.5999,2,12.5117,90.2428,1.0,0.0,False,39.7,132.7,13.866,0.0,3,False,True,2
ve_n20_m3_f3_c2_t0.7_r3,verify,20,3,3,2,0.7,3,0,CPM,77.4333,0.0,129.8,4,114.8812,0.0,0.0,0.0,True,27.0,186.79,0.0,0.204,308,False,True,3
ve_n20_m3_f3_c2_t0.7_r3,verify,20,3,3,2,0.7,3,0,CPM-blind,85.9833,0.0,144.8,3,101.0189,13.5479,1.0,0.0,True,27.0,218.46,0.0,0.127,180,False,True,3
ve_n20_m3_f3_c2_t0.7_r3,verify,20,3,3,2,0.7,3,0,ALNS,85.9833,0.0,144.8,3,101.0189,13.5479,1.0,0.0,True,27.0,218.46,0.0,2.536,10000,False,True,3
ve_n20_m3_f3_c2_t0.7_r3,verify,20,3,3,2,0.7,3,0,NSGA-II,87.15,0.0,144.8,2,100.1632,26.1939,1.0,0.0,True,27.0,222.78,0.0,3.388,10000,False,True,3
ve_n20_m3_f3_c2_t0.7_r3,verify,20,3,3,2,0.7,3,0,LPT+EDD,98.4001,1.3334,98.4001,1,14.4391,96.5668,1.0,0.0,False,27.0,264.44,17.068,0.0,3,False,True,3
ve_n20_m3_f3_c2_t0.7_r4,verify,20,3,3,2,0.7,4,0,CPM,85.45,0.0,100.6,3,71.5172,2.5117,0.0,0.0,True,38.2,123.69,0.0,0.228,306,False,True,4
ve_n20_m3_f3_c2_t0.7_r4,verify,20,3,3,2,0.7,4,0,CPM-blind,87.05,0.0,102.2,3,67.1036,3.512,1.0,0.0,True,38.2,127.88,0.0,0.245,306,False,True,4
ve_n20_m3_f3_c2_t0.7_r4,verify,20,3,3,2,0.7,4,0,ALNS,87.05,0.0,102.2,4,67.3854,1.2,0.75,0.0,True,38.2,127.88,0.0,2.732,10000,False,True,4
ve_n20_m3_f3_c2_t0.7_r4,verify,20,3,3,2,0.7,4,0,NSGA-II,87.05,0.0,102.2,4,67.3854,1.2,0.75,0.0,True,38.2,127.88,0.0,3.204,10000,False,True,4
ve_n20_m3_f3_c2_t0.7_r4,verify,20,3,3,2,0.7,4,0,LPT+EDD,97.5171,1.5834,99.6668,2,16.8956,129.5281,1.0,0.0,False,38.2,155.28,20.268,0.0,3,False,True,4
ve_n20_m3_f3_c2_t0.7_r5,verify,20,3,3,2,0.7,5,0,CPM,112.0499,0.0,289.8,3,263.3068,0.0,0.0,0.0,True,44.4,152.36,0.0,0.078,128,False,True,5
ve_n20_m3_f3_c2_t0.7_r5,verify,20,3,3,2,0.7,5,0,CPM-blind,123.0332,0.0,321.7,3,243.5845,18.2611,1.0,0.0,True,44.4,177.1,0.0,0.044,78,False,True,5
ve_n20_m3_f3_c2_t0.7_r5,verify,20,3,3,2,0.7,5,0,ALNS,113.1502,0.25,141.7,4,241.3652,56.8479,1.0,0.0,False,44.4,154.84,3.2,2.27,10000,False,True,5
ve_n20_m3_f3_c2_t0.7_r5,verify,20,3,3,2,0.7,5,0,NSGA-II,113.1502,0.0,321.7,5,249.6577,17.4162,1.0,0.0,True,44.4,154.84,0.0,3.071,10000,False,True,5
ve_n20_m3_f3_c2_t0.7_r5,verify,20,3,3,2,0.7,5,0,LPT+EDD,117.9169,0.6667,118.3167,2,147.9386,79.2143,1.0,0.0,False,44.4,165.58,8.534,0.0,3,False,True,5
ve_n20_m3_f3_c2_t0.7_r6,verify,20,3,3,2,0.7,6,0,CPM,79.95,0.0,118.1,2,97.009,0.0,0.0,0.0,True,40.6,96.92,0.0,0.157,348,False,True,6
ve_n20_m3_f3_c2_t0.7_r6,verify,20,3,3,2,0.7,6,0,CPM-blind,91.25,0.0,133.6,2,78.2561,13.4,1.0,0.0,True,40.6,124.75,0.0,0.094,224,False,True,6
ve_n20_m3_f3_c2_t0.7_r6,verify,20,3,3,2,0.7,6,0,ALNS,91.25,0.25,91.25,1,74.6661,23.9934,1.0,0.0,False,40.6,124.75,3.2,2.378,10000,False,True,6
ve_n20_m3_f3_c2_t0.7_r6,verify,20,3,3,2,0.7,6,0,NSGA-II,91.25,0.0,133.6,2,78.2561,13.4,1.0,0.0,True,40.6,124.75,0.0,3.342,10000,False,True,6
ve_n20_m3_f3_c2_t0.7_r6,verify,20,3,3,2,0.7,6,0,LPT+EDD,95.3999,1.3333,95.3999,1,12.2638,122.3374,1.0,0.0,False,40.6,134.98,17.066,0.0,3,False,True,6
ve_n20_m3_f3_c2_t0.7_r7,verify,20,3,3,2,0.7,7,0,CPM,94.8333,0.0,146.7,5,117.1171,4.7288,0.6,0.0,True,47.6,99.23,0.0,0.122,167,False,True,7
ve_n20_m3_f3_c2_t0.7_r7,verify,20,3,3,2,0.7,7,0,CPM-blind,94.8333,0.0,146.7,5,117.1171,4.7288,0.6,0.0,True,47.6,99.23,0.0,0.127,167,False,True,7
ve_n20_m3_f3_c2_t0.7_r7,verify,20,3,3,2,0.7,7,0,ALNS,94.5,0.0,146.7,4,121.4114,0.0,0.0,0.0,True,47.6,98.53,0.0,2.719,10000,False,True,7
ve_n20_m3_f3_c2_t0.7_r7,verify,20,3,3,2,0.7,7,0,NSGA-II,94.5,0.0,146.7,4,121.4114,0.0,0.0,0.0,True,47.6,98.53,0.0,3.185,10000,False,True,7
ve_n20_m3_f3_c2_t0.7_r7,verify,20,3,3,2,0.7,7,0,LPT+EDD,107.1165,1.1667,115.3001,2,42.6453,91.6301,1.0,0.0,False,47.6,125.03,14.934,0.0,3,False,True,7
ve_n20_m3_f3_c2_t0.7_r8,verify,20,3,3,2,0.7,8,0,CPM,84.3165,0.0,90.0,3,83.0693,11.669,0.0,0.0,True,29.8,182.94,0.0,0.309,360,False,True,8
ve_n20_m3_f3_c2_t0.7_r8,verify,20,3,3,2,0.7,8,0,CPM-blind,85.7165,0.0,91.5,3,79.0076,12.831,1.0,0.0,True,29.8,187.64,0.0,0.278,355,False,True,8
ve_n20_m3_f3_c2_t0.7_r8,verify,20,3,3,2,0.7,8,0,ALNS,83.6666,0.0,91.5,7,82.3212,1.0133,0.7143,0.0,True,29.8,180.76,0.0,3.229,10000,False,True,8
ve_n20_m3_f3_c2_t0.7_r8,verify,20,3,3,2,0.7,8,0,NSGA-II,83.6666,0.0,91.5,5,82.0574,4.3515,0.8,0.0,True,29.8,180.76,0.0,3.164,10000,False,True,8
ve_n20_m3_f3_c2_t0.7_r8,verify,20,3,3,2,0.7,8,0,LPT+EDD,102.5835,2.0,109.4665,2,5.6503,134.6719,1.0,0.0,False,29.8,244.24,25.6,0.0,3,False,True,8
ve_n20_m3_f3_c2_t0.7_r9,verify,20,3,3,2,0.7,9,0,CPM,102.8333,0.0,174.5,3,128.3166,30.0935,0.3333,0.0,True,35.7,188.05,0.0,0.198,246,False,True,9
ve_n20_m3_f3_c2_t0.7_r9,verify,20,3,3,2,0.7,9,0,CPM-blind,103.7333,0.0,175.4,3,126.8242,30.4114,1.0,0.0,True,35.7,190.57,0.0,0.137,152,False,True,9
ve_n20_m3_f3_c2_t0.7_r9,verify,20,3,3,2,0.7,9,0,ALNS,101.4497,0.0,175.4,5,132.9951,0.36,0.4,0.0,True,35.7,184.17,0.0,3.383,10000,False,True,9
ve_n20_m3_f3_c2_t0.7_r9,verify,20,3,3,2,0.7,9,0,NSGA-II,101.4497,0.0,175.4,5,132.9951,0.36,0.4,0.0,True,35.7,184.17,0.0,3.153,10000,False,True,9
ve_n20_m3_f3_c2_t0.7_r9,verify,20,3,3,2,0.7,9,0,LPT+EDD,120.7666,1.1667,152.6334,2,28.0056,80.7393,1.0,0.0,False,35.7,238.28,14.934,0.0,3,False,True,9
ve_n20_m4_f3_c2_t0.3_r0,verify,20,4,3,2,0.3,0,-1,CPM,16.0166,0.0,24.1,4,34.3159,0.0,0.0,0.0,True,3.0,433.89,0.0,0.185,316,False,True,0
ve_n20_m4_f3_c2_t0.3_r0,verify,20,4,3,2,0.3,0,-1,CPM-blind,22.0833,0.0,32.9,3,23.3398,7.9395,1.0,0.0,True,3.0,636.11,0.0,0.167,302,False,True,0
ve_n20_m4_f3_c2_t0.3_r0,verify,20,4,3,2,0.3,0,-1,ALNS,20.1667,0.0,32.9,5,24.86,6.2333,1.0,0.0,True,3.0,572.22,0.0,2.544,10000,False,True,0
ve_n20_m4_f3_c2_t0.3_r0,verify,20,4,3,2,0.3,0,-1,NSGA-II,20.1667,0.0,32.9,5,24.86,6.2333,1.0,0.0,True,3.0,572.22,0.0,3.084,10000,False,True,0
ve_n20_m4_f3_c2_t0.3_r0,verify,20,4,3,2,0.3,0,-1,LPT+EDD,32.0667,1.0,34.15,2,3.4102,72.6663,1.0,0.0,False,3.0,968.89,12.8,0.001,3,False,True,0
ve_n20_m4_f3_c2_t0.3_r1,verify,20,4,3,2,0.3,1,-1,CPM,20.3166,0.0,34.0,4,25.9956,0.075,0.25,0.0,True,1.5,1254.44,0.0,0.527,536,False,True,1
ve_n20_m4_f3_c2_t0.3_r1,verify,20,4,3,2,0.3,1,-1,CPM-blind,21.8166,0.0,35.5,4,23.6456,1.575,1.0,0.0,True,1.5,1354.44,0.0,0.346,330,False,True,1
ve_n20_m4_f3_c2_t0.3_r1,verify,20,4,3,2,0.3,1,-1,ALNS,21.8166,0.0,35.5,5,23.84,1.125,0.8,0.0,True,1.5,1354.44,0.0,2.776,10000,False,True,1
ve_n20_m4_f3_c2_t0.3_r1,verify,20,4,3,2,0.3,1,-1,NSGA-II,22.0833,0.0,35.5,5,23.5777,1.1917,0.8,0.0,True,1.5,1372.22,0.0,3.162,10000,False,True,1
ve_n20_m4_f3_c2_t0.3_r1,verify,20,4,3,2,0.3,1,-1,LPT+EDD,31.6333,1.3333,31.6333,1,1.9639,100.3684,1.0,0.0,False,1.5,2008.89,17.066,0.0,3,False,True,1
ve_n20_m4_f3_c2_t0.3_r2,verify,20,4,3,2,0.3,2,-1,CPM,18.35,0.0,21.1,2,90.6748,0.0,0.0,0.0,True,1.6,1046.88,0.0,0.708,674,False,True,2
ve_n20_m4_f3_c2_t0.3_r2,verify,20,4,3,2,0.3,2,-1,CPM-blind,21.85,0.0,24.6,2,81.0205,3.5,1.0,0.0,True,1.6,1265.62,0.0,0.72,693,False,True,2
ve_n20_m4_f3_c2_t0.3_r2,verify,20,4,3,2,0.3,2,-1,ALNS,20.9167,0.0,24.6,3,83.206,3.5,1.0,0.0,True,1.6,1207.29,0.0,3.185,10000,False,True,2
ve_n20_m4_f3_c2_t0.3_r2,verify,20,4,3,2,0.3,2,-1,NSGA-II,21.7167,0.0,24.6,3,81.2993,3.5,1.0,0.0,True,1.6,1257.29,0.0,3.36,10000,False,True,2
ve_n20_m4_f3_c2_t0.3_r2,verify,20,4,3,2,0.3,2,-1,LPT+EDD,29.15,2.2501,45.8835,2,8.5577,214.1335,1.0,0.0,False,1.6,1721.87,28.801,0.0,3,False,True,2
ve_n20_m4_f3_c2_t0.3_r3,verify,20,4,3,2,0.3,3,-1,CPM,19.1,0.0,22.6,2,12.385,29.1676,0.0,0.0,True,0.8,2287.5,0.0,0.292,462,False,True,3
ve_n20_m4_f3_c2_t0.3_r3,verify,20,4,3,2,0.3,3,-1,CPM-blind,21.6,0.0,25.1,2,9.385,30.4501,1.0,0.0,True,0.8,2600.0,0.0,0.274,469,False,True,3
ve_n20_m4_f3_c2_t0.3_r3,verify,20,4,3,2,0.3,3,-1,ALNS,18.9667,0.0,25.1,4,11.1768,9.5825,0.75,0.0,True,0.8,2270.84,0.0,2.518,10000,False,True,3
ve_n20_m4_f3_c2_t0.3_r3,verify,20,4,3,2,0.3,3,-1,NSGA-II,18.9334,0.0,25.1,4,10.796,1.25,0.5,0.0,True,0.8,2266.67,0.0,3.266,10000,False,True,3
ve_n20_m4_f3_c2_t0.3_r3,verify,20,4,3,2,0.3,3,-1,LPT+EDD,26.5,1.0,26.5,1,0.73,54.2944,1.0,0.0,False,0.8,3212.5,12.8,0.0,3,False,True,3
ve_n20_m4_f3_c2_t0.3_r4,verify,20,4,3,2,0.3,4,-1,CPM,21.8,0.0,21.8,1,42.945,0.0,0.0,0.0,True,1.9,1047.37,0.0,0.424,481,False,True,4
ve_n20_m4_f3_c2_t0.3_r4,verify,20,4,3,2,0.3,4,-1,CPM-blind,22.4,0.0,22.4,1,41.565,0.6,1.0,0.0,True,1.9,1078.95,0.0,0.459,510,False,True,4
ve_n20_m4_f3_c2_t0.3_r4,verify,20,4,3,2,0.3,4,-1,ALNS,22.4,0.0,22.4,1,41.565,0.6,1.0,0.0,True,1.9,1078.95,0.0,2.555,10000,False,True,4
ve_n20_m4_f3_c2_t0.3_r4,verify,20,4,3,2,0.3,4,-1,NSGA-II,22.4,0.0,22.4,1,41.565,0.6,1.0,0.0,True,1.9,1078.95,0.0,3.947,10000,False,True,4
ve_n20_m4_f3_c2_t0.3_r4,verify,20,4,3,2,0.3,4,-1,LPT+EDD,35.8834,2.0,35.8834,1,1.3765,200.4952,1.0,0.0,False,1.9,1788.6,25.6,0.001,3,False,True,4
ve_n20_m4_f3_c2_t0.3_r5,verify,20,4,3,2,0.3,5,-1,CPM,18.55,0.0,43.2,2,48.9765,0.0,0.0,0.0,True,0.0,nan,0.0,0.227,295,False,True,5
ve_n20_m4_f3_c2_t0.3_r5,verify,20,4,3,2,0.3,5,-1,CPM-blind,19.95,0.0,44.6,2,46.5267,1.4,1.0,0.0,True,0.0,nan,0.0,0.231,295,False,True,5
ve_n20_m4_f3_c2_t0.3_r5,verify,20,4,3,2,0.3,5,-1,ALNS,19.95,0.0,44.6,2,46.5267,1.4,1.0,0.0,True,0.0,nan,0.0,2.392,10000,False,True,5
ve_n20_m4_f3_c2_t0.3_r5,verify,20,4,3,2,0.3,5,-1,NSGA-II,19.95,0.0,44.6,2,46.5267,1.4,1.0,0.0,True,0.0,nan,0.0,3.497,10000,False,True,5
ve_n20_m4_f3_c2_t0.3_r5,verify,20,4,3,2,0.3,5,-1,LPT+EDD,24.1665,1.0,30.75,2,16.1262,88.3789,1.0,0.0,False,0.0,nan,12.8,0.0,3,False,True,5
ve_n20_m4_f3_c2_t0.3_r6,verify,20,4,3,2,0.3,6,-1,CPM,17.9165,0.0,30.3,5,32.8266,1.3898,0.0,0.0,True,0.0,nan,0.0,1.051,858,False,True,6
ve_n20_m4_f3_c2_t0.3_r6,verify,20,4,3,2,0.3,6,-1,CPM-blind,27.8498,0.0,40.4,5,19.4407,10.0065,1.0,0.0,True,0.0,nan,0.0,0.554,509,False,True,6
ve_n20_m4_f3_c2_t0.3_r6,verify,20,4,3,2,0.3,6,-1,ALNS,18.95,0.0,40.4,4,28.9889,10.0456,0.75,0.0,True,0.0,nan,0.0,2.149,10000,False,True,6
ve_n20_m4_f3_c2_t0.3_r6,verify,20,4,3,2,0.3,6,-1,NSGA-II,18.95,0.0,40.4,4,28.9889,10.0456,0.75,0.0,True,0.0,nan,0.0,0.848,10000,False,True,6
ve_n20_m4_f3_c2_t0.3_r6,verify,20,4,3,2,0.3,6,-1,LPT+EDD,19.3667,1.1667,19.3667,1,5.6493,61.2206,1.0,0.0,False,0.0,nan,14.934,0.0,3,False,True,6
ve_n20_m4_f3_c2_t0.3_r7,verify,20,4,3,2,0.3,7,-1,CPM,12.2999,0.0,37.7,3,58.3486,0.0,0.0,0.0,True,0.1,12199.9,0.0,0.104,543,False,True,7
ve_n20_m4_f3_c2_t0.3_r7,verify,20,4,3,2,0.3,7,-1,CPM-blind,19.65,0.0,48.5,3,46.7405,9.105,1.0,0.0,True,0.1,19550.0,0.0,0.065,331,False,True,7
ve_n20_m4_f3_c2_t0.3_r7,verify,20,4,3,2,0.3,7,-1,ALNS,18.4167,0.0,48.5,3,48.0957,8.7142,1.0,0.0,True,0.1,18316.7,0.0,0.838,10000,False,True,7
ve_n20_m4_f3_c2_t0.3_r7,verify,20,4,3,2,0.3,7,-1,NSGA-II,18.4167,0.0,50.3,3,47.6457,9.3142,1.0,0.0,True,0.1,18316.7,0.0,0.884,10000,False,True,7
ve_n20_m4_f3_c2_t0.3_r7,verify,20,4,3,2,0.3,7,-1,LPT+EDD,24.7167,1.25,24.7167,1,7.113,106.2089,1.0,0.0,False,0.1,24616.7,16.0,0.0,3,False,True,7
ve_n20_m4_f3_c2_t0.3_r8,verify,20,4,3,2,0.3,8,-1,CPM,14.0666,0.0,24.4,2,60.1861,0.0,0.0,0.0,True,0.0,nan,0.0,0.086,908,False,True,8
ve_n20_m4_f3_c2_t0.3_r8,verify,20,4,3,2,0.3,8,-1,CPM-blind,22.7999,0.0,31.1,2,45.5805,7.7167,1.0,0.0,True,0.0,nan,0.0,0.052,563,False,True,8
ve_n20_m4_f3_c2_t0.3_r8,verify,20,4,3,2,0.3,8,-1,ALNS,18.3166,0.0,31.1,6,50.6125,7.7167,1.0,0.0,True,0.0,nan,0.0,0.696,10000,False,True,8
ve_n20_m4_f3_c2_t0.3_r8,verify,20,4,3,2,0.3,8,-1,NSGA-II,18.4,0.0,31.1,5,50.5569,7.7167,1.0,0.0,True,0.0,nan,0.0,0.901,10000,False,True,8
ve_n20_m4_f3_c2_t0.3_r8,verify,20,4,3,2,0.3,8,-1,LPT+EDD,19.2667,1.4167,44.9334,2,8.2476,127.9008,1.0,0.0,False,0.0,nan,18.134,0.0,3,False,True,8
ve_n20_m4_f3_c2_t0.3_r9,verify,20,4,3,2,0.3,9,-1,CPM,14.4833,0.0,27.7,5,39.4951,0.13,0.2,0.0,True,1.5,865.55,0.0,0.131,550,False,True,9
ve_n20_m4_f3_c2_t0.3_r9,verify,20,4,3,2,0.3,9,-1,CPM-blind,16.1833,0.0,28.2,3,36.5261,3.7844,0.6667,0.0,True,1.5,978.89,0.0,0.068,298,False,True,9
ve_n20_m4_f3_c2_t0.3_r9,verify,20,4,3,2,0.3,9,-1,ALNS,16.1833,0.0,28.2,5,37.2494,0.9,0.6,0.0,True,1.5,978.89,0.0,0.948,10000,False,True,9
ve_n20_m4_f3_c2_t0.3_r9,verify,20,4,3,2,0.3,9,-1,NSGA-II,16.1833,0.0,28.2,5,37.2494,0.9,0.6,0.0,True,1.5,978.89,0.0,0.891,10000,False,True,9
ve_n20_m4_f3_c2_t0.3_r9,verify,20,4,3,2,0.3,9,-1,LPT+EDD,19.4832,1.4167,35.2167,2,5.4398,109.7057,1.0,0.0,False,1.5,1198.88,18.134,0.0,3,False,True,9
ve_n20_m4_f3_c2_t0.5_r0,verify,20,4,3,2,0.5,0,-1,CPM,33.7166,0.0,54.5,4,75.4693,2.431,0.25,0.0,True,7.6,343.64,0.0,0.111,571,False,True,0
ve_n20_m4_f3_c2_t0.5_r0,verify,20,4,3,2,0.5,0,-1,CPM-blind,38.7333,0.0,65.4,3,63.7232,11.8311,1.0,0.0,True,7.6,409.65,0.0,0.062,346,False,True,0
ve_n20_m4_f3_c2_t0.5_r0,verify,20,4,3,2,0.5,0,-1,ALNS,36.0666,0.0,65.4,4,69.3601,5.4138,0.75,0.0,True,7.6,374.56,0.0,0.854,10000,False,True,0
ve_n20_m4_f3_c2_t0.5_r0,verify,20,4,3,2,0.5,0,-1,NSGA-II,36.0666,0.0,65.4,4,69.3601,5.4138,0.75,0.0,True,7.6,374.56,0.0,0.933,10000,False,True,0
ve_n20_m4_f3_c2_t0.5_r0,verify,20,4,3,2,0.5,0,-1,LPT+EDD,45.9499,1.4166,49.4832,2,17.4216,113.1424,1.0,0.0,False,7.6,504.6,18.132,0.0,3,False,True,0
ve_n20_m4_f3_c2_t0.5_r1,verify,20,4,3,2,0.5,1,-1,CPM,41.1166,0.0,64.7,3,46.8478,2.9475,0.3333,0.0,True,3.6,1042.13,0.0,0.083,331,False,True,1
ve_n20_m4_f3_c2_t0.5_r1,verify,20,4,3,2,0.5,1,-1,CPM-blind,41.8166,0.0,65.4,3,45.6037,3.6183,1.0,0.0,True,3.6,1061.57,0.0,0.081,331,False,True,1
ve_n20_m4_f3_c2_t0.5_r1,verify,20,4,3,2,0.5,1,-1,ALNS,38.2333,0.0,65.4,3,50.4348,0.55,0.6667,0.0,True,3.6,962.04,0.0,0.869,10000,False,True,1
ve_n20_m4_f3_c2_t0.5_r1,verify,20,4,3,2,0.5,1,-1,NSGA-II,38.2333,0.0,65.4,3,50.4348,0.55,0.6667,0.0,True,3.6,962.04,0.0,0.963,10000,False,True,1
ve_n20_m4_f3_c2_t0.5_r1,verify,20,4,3,2,0.5,1,-1,LPT+EDD,44.1666,1.4166,44.1666,1,6.9534,122.7768,1.0,0.0,False,3.6,1126.85,18.132,0.0,3,False,True,1
ve_n20_m4_f3_c2_t0.5_r2,verify,20,4,3,2,0.5,2,-1,CPM,32.75,0.0,59.3,2,107.3767,0.0,0.0,0.0,True,6.3,419.84,0.0,0.111,455,False,True,2
ve_n20_m4_f3_c2_t0.5_r2,verify,20,4,3,2,0.5,2,-1,CPM-blind,38.05,0.0,72.2,2,92.8005,9.1,1.0,0.0,True,6.3,503.97,0.0,0.061,283,False,True,2
ve_n20_m4_f3_c2_t0.5_r2,verify,20,4,3,2,0.5,2,-1,ALNS,36.2167,0.0,72.2,3,96.4214,9.1,1.0,0.0,True,6.3,474.87,0.0,0.912,10000,False,True,2
ve_n20_m4_f3_c2_t0.5_r2,verify,20,4,3,2,0.5,2,-1,NSGA-II,36.2167,0.0,72.2,3,96.4214,9.1,1.0,0.0,True,6.3,474.87,0.0,0.989,10000,False,True,2
ve_n20_m4_f3_c2_t0.5_r2,verify,20,4,3,2,0.5,2,-1,LPT+EDD,50.4334,1.4167,52.9167,2,27.5825,130.1069,1.0,0.0,False,6.3,700.53,18.134,0.0,3,False,True,2
ve_n20_m4_f3_c2_t0.5_r3,verify,20,4,3,2,0.5,3,-1,CPM,50.1666,0.0,61.9,3,62.1076,0.0,0.0,0.0,True,9.8,411.9,0.0,0.184,868,False,True,3
ve_n20_m4_f3_c2_t0.5_r3,verify,20,4,3,2,0.5,3,-1,CPM-blind,56.8,0.0,67.3,2,49.1969,25.9297,1.0,0.0,True,9.8,479.59,0.0,0.108,515,False,True,3
ve_n20_m4_f3_c2_t0.5_r3,verify,20,4,3,2,0.5,3,-1,ALNS,53.6333,0.0,67.3,4,54.5529,14.7699,1.0,0.0,True,9.8,447.28,0.0,0.843,10000,False,True,3
ve_n20_m4_f3_c2_t0.5_r3,verify,20,4,3,2,0.5,3,-1,NSGA-II,53.6333,0.0,67.3,4,54.5529,14.7699,1.0,0.0,True,9.8,447.28,0.0,0.953,10000,False,True,3
ve_n20_m4_f3_c2_t0.5_r3,verify,20,4,3,2,0.5,3,-1,LPT+EDD,67.2502,1.7501,72.9836,2,4.667,137.7774,1.0,0.0,False,9.8,586.23,22.401,0.0,3,False,True,3
ve_n20_m4_f3_c2_t0.5_r4,verify,20,4,3,2,0.5,4,-1,CPM,59.4,0.0,95.1,2,102.4233,5.5684,0.0,0.0,True,12.1,390.91,0.0,0.131,509,False,True,4
ve_n20_m4_f3_c2_t0.5_r4,verify,20,4,3,2,0.5,4,-1,CPM-blind,63.35,0.0,97.1,2,93.8254,7.7878,1.0,0.0,True,12.1,423.55,0.0,0.089,315,False,True,4
ve_n20_m4_f3_c2_t0.5_r4,verify,20,4,3,2,0.5,4,-1,ALNS,58.3167,0.0,97.1,4,103.44,1.9833,0.75,0.0,True,12.1,381.96,0.0,0.917,10000,False,True,4
ve_n20_m4_f3_c2_t0.5_r4,verify,20,4,3,2,0.5,4,-1,NSGA-II,58.3167,0.0,97.1,4,103.44,1.9833,0.75,0.0,True,12.1,381.96,0.0,0.994,10000,False,True,4
ve_n20_m4_f3_c2_t0.5_r4,verify,20,4,3,2,0.5,4,-1,LPT+EDD,66.8003,1.9168,70.217,2,15.4348,170.2668,1.0,0.0,False,12.1,452.07,24.535,0.0,3,False,True,4
ve_n20_m4_f3_c2_t0.5_r5,verify,20,4,3,2,0.5,5,-1,CPM,44.85,0.0,48.5,3,59.2494,0.0,0.0,0.0,True,14.9,201.01,0.0,0.051,517,False,True,5
ve_n20_m4_f3_c2_t0.5_r5,verify,20,4,3,2,0.5,5,-1,CPM-blind,45.95,0.0,49.6,3,57.2235,1.1,1.0,0.0,True,14.9,208.39,0.0,0.048,526,False,True,5
ve_n20_m4_f3_c2_t0.5_r5,verify,20,4,3,2,0.5,5,-1,ALNS,45.95,0.0,49.6,3,57.2235,1.1,1.0,0.0,True,14.9,208.39,0.0,0.661,10000,False,True,5
ve_n20_m4_f3_c2_t0.5_r5,verify,20,4,3,2,0.5,5,-1,NSGA-II,45.95,0.0,49.6,3,57.2235,1.1,1.0,0.0,True,14.9,208.39,0.0,0.987,10000,False,True,5
ve_n20_m4_f3_c2_t0.5_r5,verify,20,4,3,2,0.5,5,-1,LPT+EDD,57.7668,1.25,69.6832,2,7.7937,102.8625,1.0,0.0,False,14.9,287.7,16.0,0.0,3,False,True,5
ve_n20_m4_f3_c2_t0.5_r6,verify,20,4,3,2,0.5,6,-1,CPM,50.3832,0.0,67.8,3,83.9361,0.0,0.0,0.0,True,11.9,323.39,0.0,0.231,690,False,True,6
ve_n20_m4_f3_c2_t0.5_r6,verify,20,4,3,2,0.5,6,-1,CPM-blind,53.5832,0.0,71.0,3,77.1625,3.2,1.0,0.0,True,11.9,350.28,0.0,0.204,664,False,True,6
ve_n20_m4_f3_c2_t0.5_r6,verify,20,4,3,2,0.5,6,-1,ALNS,53.5832,0.0,71.0,4,77.8292,3.2,1.0,0.0,True,11.9,350.28,0.0,2.312,10000,False,True,6
ve_n20_m4_f3_c2_t0.5_r6,verify,20,4,3,2,0.5,6,-1,NSGA-II,53.5832,0.0,71.0,4,77.8292,3.2,1.0,0.0,True,11.9,350.28,0.0,3.327,10000,False,True,6
ve_n20_m4_f3_c2_t0.5_r6,verify,20,4,3,2,0.5,6,-1,LPT+EDD,72.3668,1.6668,83.9338,2,7.5039,131.4618,1.0,0.0,False,11.9,508.12,21.335,0.0,3,False,True,6
ve_n20_m4_f3_c2_t0.5_r7,verify,20,4,3,2,0.5,7,-1,CPM,59.7832,0.0,66.8,3,53.9154,2.9745,0.3333,0.0,True,17.5,241.62,0.0,0.676,834,False,True,7
ve_n20_m4_f3_c2_t0.5_r7,verify,20,4,3,2,0.5,7,-1,CPM-blind,60.6832,0.0,67.7,3,52.0929,3.6948,1.0,0.0,True,17.5,246.76,0.0,0.447,522,False,True,7
ve_n20_m4_f3_c2_t0.5_r7,verify,20,4,3,2,0.5,7,-1,ALNS,57.5999,0.0,67.7,3,57.5632,0.6,0.6667,0.0,True,17.5,229.14,0.0,2.951,10000,False,True,7
ve_n20_m4_f3_c2_t0.5_r7,verify,20,4,3,2,0.5,7,-1,NSGA-II,57.5999,0.0,67.7,3,57.5632,0.6,0.6667,0.0,True,17.5,229.14,0.0,3.367,10000,False,True,7
ve_n20_m4_f3_c2_t0.5_r7,verify,20,4,3,2,0.5,7,-1,LPT+EDD,78.5834,1.75,78.5834,1,2.436,156.5541,1.0,0.0,False,17.5,349.05,22.4,0.0,3,False,True,7
ve_n20_m4_f3_c2_t0.5_r8,verify,20,4,3,2,0.5,8,-1,CPM,30.1833,0.0,44.3,4,52.3947,0.0,0.0,0.0,True,6.9,337.44,0.0,0.269,307,False,True,8
ve_n20_m4_f3_c2_t0.5_r8,verify,20,4,3,2,0.5,8,-1,CPM-blind,32.8833,0.0,47.0,3,47.361,5.586,1.0,0.0,True,6.9,376.57,0.0,0.256,292,False,True,8
ve_n20_m4_f3_c2_t0.5_r8,verify,20,4,3,2,0.5,8,-1,ALNS,32.8833,0.0,47.0,5,48.2509,2.7,1.0,0.0,True,6.9,376.57,0.0,2.434,10000,False,True,8
ve_n20_m4_f3_c2_t0.5_r8,verify,20,4,3,2,0.5,8,-1,NSGA-II,32.8833,0.0,47.0,4,48.1482,4.1082,1.0,0.0,True,6.9,376.57,0.0,2.055,10000,False,True,8
ve_n20_m4_f3_c2_t0.5_r8,verify,20,4,3,2,0.5,8,-1,LPT+EDD,45.9833,1.0,59.8,2,7.1789,72.0101,1.0,0.0,False,6.9,566.42,12.8,0.0,3,False,True,8
ve_n20_m4_f3_c2_t0.5_r9,verify,20,4,3,2,0.5,9,-1,CPM,37.6333,0.0,44.3,4,22.2157,0.05,0.25,0.0,True,8.3,353.41,0.0,0.37,557,False,True,9
ve_n20_m4_f3_c2_t0.5_r9,verify,20,4,3,2,0.5,9,-1,CPM-blind,37.6333,0.0,45.5,4,21.2157,0.95,1.0,0.0,True,8.3,353.41,0.0,0.557,557,False,True,9
ve_n20_m4_f3_c2_t0.5_r9,verify,20,4,3,2,0.5,9,-1,ALNS,37.6333,0.0,45.5,4,21.2157,0.95,1.0,0.0,True,8.3,353.41,0.0,2.766,10000,False,True,9
ve_n20_m4_f3_c2_t0.5_r9,verify,20,4,3,2,0.5,9,-1,NSGA-II,37.4333,0.0,45.5,3,21.1883,2.7263,0.6667,0.0,True,8.3,351.0,0.0,3.115,10000,False,True,9
ve_n20_m4_f3_c2_t0.5_r9,verify,20,4,3,2,0.5,9,-1,LPT+EDD,43.0999,1.5833,43.0999,1,2.0537,122.9918,1.0,0.0,False,8.3,419.28,20.266,0.0,3,False,True,9
ve_n20_m4_f3_c2_t0.7_r0,verify,20,4,3,2,0.7,0,-1,CPM,98.1166,0.0,122.8,3,66.7529,3.1586,0.3333,0.0,True,38.3,156.18,0.0,0.538,526,False,True,0
ve_n20_m4_f3_c2_t0.7_r0,verify,20,4,3,2,0.7,0,-1,CPM-blind,98.6166,0.0,122.8,3,66.0778,3.1586,0.3333,0.0,True,38.3,157.48,0.0,0.349,331,False,True,0
ve_n20_m4_f3_c2_t0.7_r0,verify,20,4,3,2,0.7,0,-1,ALNS,95.0333,0.0,122.8,3,72.0451,0.0,0.0,0.0,True,38.3,148.13,0.0,2.569,10000,False,True,0
ve_n20_m4_f3_c2_t0.7_r0,verify,20,4,3,2,0.7,0,-1,NSGA-II,95.0333,0.25,99.55,2,68.7251,11.3801,0.0,0.0,False,38.3,148.13,3.2,3.641,10000,False,True,0
ve_n20_m4_f3_c2_t0.7_r0,verify,20,4,3,2,0.7,0,-1,LPT+EDD,114.9503,1.5,119.7501,2,8.3587,131.9707,1.0,0.0,False,38.3,200.13,19.2,0.0,3,False,True,0
ve_n20_m4_f3_c2_t0.7_r1,verify,20,4,3,2,0.7,1,-1,CPM,93.4,0.0,104.3,3,38.8568,0.0,0.0,0.0,True,60.3,54.89,0.0,1.472,1196,False,True,1
ve_n20_m4_f3_c2_t0.7_r1,verify,20,4,3,2,0.7,1,-1,CPM-blind,98.15,0.0,109.3,2,32.2857,11.6491,1.0,0.0,True,60.3,62.77,0.0,0.979,791,False,True,1
ve_n20_m4_f3_c2_t0.7_r1,verify,20,4,3,2,0.7,1,-1,ALNS,98.15,0.0,109.3,2,32.2857,11.6491,1.0,0.0,True,60.3,62.77,0.0,2.98,10000,False,True,1
ve_n20_m4_f3_c2_t0.7_r1,verify,20,4,3,2,0.7,1,-1,NSGA-II,98.15,0.0,109.3,2,32.2857,11.6491,1.0,0.0,True,60.3,62.77,0.0,1.973,10000,False,True,1
ve_n20_m4_f3_c2_t0.7_r1,verify,20,4,3,2,0.7,1,-1,LPT+EDD,111.3668,1.1667,111.3668,1,2.6297,93.0996,1.0,0.0,False,60.3,84.69,14.934,0.002,3,False,True,1
ve_n20_m4_f3_c2_t0.7_r2,verify,20,4,3,2,0.7,2,-1,CPM,92.8166,0.0,124.9,3,95.6849,3.7512,0.3333,0.0,True,32.7,183.84,0.0,0.077,329,False,True,2
ve_n20_m4_f3_c2_t0.7_r2,verify,20,4,3,2,0.7,2,-1,CPM-blind,92.9166,0.0,125.0,3,95.455,3.8404,1.0,0.0,True,32.7,184.15,0.0,0.082,329,False,True,2
ve_n20_m4_f3_c2_t0.7_r2,verify,20,4,3,2,0.7,2,-1,ALNS,89.3333,0.0,125.0,3,103.5227,0.0667,0.6667,0.0,True,32.7,173.19,0.0,0.801,10000,False,True,2
ve_n20_m4_f3_c2_t0.7_r2,verify,20,4,3,2,0.7,2,-1,NSGA-II,89.3333,0.0,125.0,3,103.5227,0.0667,0.6667,0.0,True,32.7,173.19,0.0,0.945,10000,False,True,2
ve_n20_m4_f3_c2_t0.7_r2,verify,20,4,3,2,0.7,2,-1,LPT+EDD,99.2331,1.6668,110.967,2,20.9509,148.2438,1.0,0.0,False,32.7,203.47,21.335,0.0,3,False,True,2
ve_n20_m4_f3_c2_t0.7_r3,verify,20,4,3,2,0.7,3,-1,CPM,81.8165,0.0,117.0,4,129.1151,3.6198,0.5,0.0,True,32.7,150.2,0.0,0.079,320,False,True,3
ve_n20_m4_f3_c2_t0.7_r3,verify,20,4,3,2,0.7,3,-1,CPM-blind,81.8165,0.0,117.0,4,129.1151,3.6198,0.5,0.0,True,32.7,150.2,0.0,0.094,320,False,True,3
ve_n20_m4_f3_c2_t0.7_r3,verify,20,4,3,2,0.7,3,-1,ALNS,81.7333,0.0,117.0,3,131.6836,0.1,0.3333,0.0,True,32.7,149.95,0.0,0.785,10000,False,True,3
ve_n20_m4_f3_c2_t0.7_r3,verify,20,4,3,2,0.7,3,-1,NSGA-II,81.7333,0.0,117.0,3,131.7086,0.0,0.0,0.0,True,32.7,149.95,0.0,0.974,10000,False,True,3
ve_n20_m4_f3_c2_t0.7_r3,verify,20,4,3,2,0.7,3,-1,LPT+EDD,98.367,1.6668,102.867,2,35.823,148.2263,1.0,0.0,False,32.7,200.82,21.335,0.0,3,False,True,3
ve_n20_m4_f3_c2_t0.7_r4,verify,20,4,3,2,0.7,4,-1,CPM,75.9,0.0,75.9,1,43.8585,0.0,0.0,0.0,True,43.3,75.29,0.0,0.031,458,False,True,4
ve_n20_m4_f3_c2_t0.7_r4,verify,20,4,3,2,0.7,4,-1,CPM-blind,80.9,0.0,80.9,1,35.5666,5.0,1.0,0.0,True,43.3,86.84,0.0,0.031,436,False,True,4
ve_n20_m4_f3_c2_t0.7_r4,verify,20,4,3,2,0.7,4,-1,ALNS,80.9,0.0,80.9,1,35.5666,5.0,1.0,0.0,True,43.3,86.84,0.0,0.603,10000,False,True,4
ve_n20_m4_f3_c2_t0.7_r4,verify,20,4,3,2,0.7,4,-1,NSGA-II,80.9,0.0,80.9,1,35.5666,5.0,1.0,0.0,True,43.3,86.84,0.0,1.094,10000,False,True,4
ve_n20_m4_f3_c2_t0.7_r4,verify,20,4,3,2,0.7,4,-1,LPT+EDD,91.5501,1.1667,92.1334,2,5.1626,117.7939,1.0,0.0,False,43.3,111.43,14.934,0.0,3,False,True,4
ve_n20_m4_f3_c2_t0.7_r5,verify,20,4,3,2,0.7,5,-1,CPM,82.5,0.0,86.0,2,40.3226,22.0386,0.0,0.0,True,31.7,160.25,0.0,0.079,489,False,True,5
ve_n20_m4_f3_c2_t0.7_r5,verify,20,4,3,2,0.7,5,-1,CPM-blind,82.5,0.0,86.0,2,40.3226,22.0386,0.0,0.0,True,31.7,160.25,0.0,0.079,489,False,True,5
ve_n20_m4_f3_c2_t0.7_r5,verify,20,4,3,2,0.7,5,-1,ALNS,74.4167,0.0,86.0,5,53.4472,0.0,0.0,0.0,True,31.7,134.75,0.0,0.817,10000,False,True,5
ve_n20_m4_f3_c2_t0.7_r5,verify,20,4,3,2,0.7,5,-1,NSGA-II,74.4167,0.0,86.0,5,53.4472,0.0,0.0,0.0,True,31.7,134.75,0.0,0.962,10000,False,True,5
ve_n20_m4_f3_c2_t0.7_r5,verify,20,4,3,2,0.7,5,-1,LPT+EDD,81.3002,1.7501,91.0502,2,7.4746,134.0616,1.0,0.0,False,31.7,156.47,22.401,0.0,3,False,True,5
ve_n20_m4_f3_c2_t0.7_r6,verify,20,4,3,2,0.7,6,-1,CPM,75.25,0.0,80.5,2,38.773,0.0,0.0,0.0,True,49.0,53.57,0.0,0.074,639,False,True,6
ve_n20_m4_f3_c2_t0.7_r6,verify,20,4,3,2,0.7,6,-1,CPM-blind,75.55,0.0,80.8,2,38.138,0.3,1.0,0.0,True,49.0,54.18,0.0,0.094,639,False,True,6
ve_n20_m4_f3_c2_t0.7_r6,verify,20,4,3,2,0.7,6,-1,ALNS,75.55,0.0,80.8,2,38.138,0.3,1.0,0.0,True,49.0,54.18,0.0,0.803,10000,False,True,6
ve_n20_m4_f3_c2_t0.7_r6,verify,20,4,3,2,0.7,6,-1,NSGA-II,75.55,0.0,80.8,2,38.138,0.3,1.0,0.0,True,49.0,54.18,0.0,1.046,10000,False,True,6
ve_n20_m4_f3_c2_t0.7_r6,verify,20,4,3,2,0.7,6,-1,LPT+EDD,77.1333,1.4167,84.7167,2,8.7781,129.3931,1.0,0.0,False,49.0,57.41,18.134,0.0,3,False,True,6
ve_n20_m4_f3_c2_t0.7_r7,verify,20,4,3,2,0.7,7,-1,CPM,72.6,0.0,72.6,1,54.9947,0.0,0.0,0.0,True,47.4,53.16,0.0,0.035,380,False,True,7
ve_n20_m4_f3_c2_t0.7_r7,verify,20,4,3,2,0.7,7,-1,CPM-blind,78.1,0.0,78.1,1,44.3612,5.5,1.0,0.0,True,47.4,64.77,0.0,0.032,364,False,True,7
ve_n20_m4_f3_c2_t0.7_r7,verify,20,4,3,2,0.7,7,-1,ALNS,78.1,0.0,78.1,1,44.3612,5.5,1.0,0.0,True,47.4,64.77,0.0,0.718,10000,False,True,7
ve_n20_m4_f3_c2_t0.7_r7,verify,20,4,3,2,0.7,7,-1,NSGA-II,78.1,0.0,78.1,1,44.3612,5.5,1.0,0.0,True,47.4,64.77,0.0,3.661,10000,False,True,7
ve_n20_m4_f3_c2_t0.7_r7,verify,20,4,3,2,0.7,7,-1,LPT+EDD,85.6334,1.0,90.95,3,11.0152,101.6697,1.0,0.0,False,47.4,80.66,12.8,0.0,3,False,True,7
ve_n20_m4_f3_c2_t0.7_r8,verify,20,4,3,2,0.7,8,-1,CPM,76.35,0.0,106.1,2,80.1018,0.0,0.0,0.0,True,35.9,112.67,0.0,0.499,481,False,True,8
ve_n20_m4_f3_c2_t0.7_r8,verify,20,4,3,2,0.7,8,-1,CPM-blind,76.35,0.0,106.1,2,80.1018,0.0,0.0,0.0,True,35.9,112.67,0.0,0.297,301,False,True,8
ve_n20_m4_f3_c2_t0.7_r8,verify,20,4,3,2,0.7,8,-1,ALNS,76.35,0.0,106.1,2,80.1018,0.0,0.0,0.0,True,35.9,112.67,0.0,2.924,10000,False,True,8
ve_n20_m4_f3_c2_t0.7_r8,verify,20,4,3,2,0.7,8,-1,NSGA-II,76.35,0.0,106.1,2,80.1018,0.0,0.0,0.0,True,35.9,112.67,0.0,3.597,10000,False,True,8
ve_n20_m4_f3_c2_t0.7_r8,verify,20,4,3,2,0.7,8,-1,LPT+EDD,88.7997,1.4166,102.2499,3,15.4922,130.3959,1.0,0.0,False,35.9,147.35,18.132,0.0,3,False,True,8
ve_n20_m4_f3_c2_t0.7_r9,verify,20,4,3,2,0.7,9,-1,CPM,98.15,0.0,140.6,2,88.4088,0.0,0.0,0.0,True,44.9,118.6,0.0,0.377,325,False,True,9
ve_n20_m4_f3_c2_t0.7_r9,verify,20,4,3,2,0.7,9,-1,CPM-blind,98.15,0.0,140.6,2,88.4088,0.0,0.0,0.0,True,44.9,118.6,0.0,0.352,325,False,True,9
ve_n20_m4_f3_c2_t0.7_r9,verify,20,4,3,2,0.7,9,-1,ALNS,98.15,0.0,142.6,2,87.9088,1.0,0.5,0.0,True,44.9,118.6,0.0,2.959,10000,False,True,9
ve_n20_m4_f3_c2_t0.7_r9,verify,20,4,3,2,0.7,9,-1,NSGA-II,98.15,0.0,140.6,2,88.4088,0.0,0.0,0.0,True,44.9,118.6,0.0,3.592,10000,False,True,9
ve_n20_m4_f3_c2_t0.7_r9,verify,20,4,3,2,0.7,9,-1,LPT+EDD,112.8167,1.4167,112.8167,1,10.8856,130.9784,1.0,0.0,False,44.9,151.26,18.134,0.0,3,False,True,9
sm_n30_m2_f4_c2_t0.3_r0,small,30,2,4,2,0.3,0,2,CPM,83.3335,0.5833,177.6831,2,492.6829,41.8695,0.0,0.5833,True,0.0,nan,7.466,0.835,198,False,True,0
sm_n30_m2_f4_c2_t0.3_r0,small,30,2,4,2,0.3,0,2,CPM-blind,96.7669,0.5833,188.6831,3,441.4495,34.4162,1.0,0.5833,True,0.0,nan,7.466,0.612,138,False,True,0
sm_n30_m2_f4_c2_t0.3_r0,small,30,2,4,2,0.3,0,2,ALNS,74.317,0.5833,193.8164,7,513.626,5.9567,0.5714,0.5833,True,0.0,nan,7.466,7.63,10000,False,True,0
sm_n30_m2_f4_c2_t0.3_r0,small,30,2,4,2,0.3,0,2,NSGA-II,78.9833,0.6667,125.3669,5,485.2461,25.1677,1.0,0.5833,False,0.0,nan,8.534,3.517,10000,False,True,0
sm_n30_m2_f4_c2_t0.3_r0,small,30,2,4,2,0.3,0,2,LPT+EDD,94.4163,2.3334,114.8005,3,231.7465,134.0055,1.0,0.5833,False,0.0,nan,29.868,0.0,3,False,True,0
sm_n30_m2_f4_c2_t0.3_r1,small,30,2,4,2,0.3,1,2,CPM,32.8334,0.5833,182.5,3,233.5324,19.8682,1.0,0.5833,True,0.0,nan,7.466,0.303,148,False,True,1
sm_n30_m2_f4_c2_t0.3_r1,small,30,2,4,2,0.3,1,2,CPM-blind,32.8334,0.5833,182.5,3,233.5324,19.8682,1.0,0.5833,True,0.0,nan,7.466,0.206,91,False,True,1
sm_n30_m2_f4_c2_t0.3_r1,small,30,2,4,2,0.3,1,2,ALNS,32.5001,0.5833,61.1831,2,257.1424,0.0,0.0,0.5833,True,0.0,nan,7.466,6.235,10000,False,True,1
sm_n30_m2_f4_c2_t0.3_r1,small,30,2,4,2,0.3,1,2,NSGA-II,32.5001,0.5833,68.2831,2,256.5503,3.55,0.5,0.5833,True,0.0,nan,7.466,4.003,10000,False,True,1
sm_n30_m2_f4_c2_t0.3_r1,small,30,2,4,2,0.3,1,2,LPT+EDD,49.8835,1.8334,49.8835,1,43.0299,121.7388,1.0,0.5833,False,0.0,nan,23.468,0.001,3,False,True,1
sm_n30_m2_f4_c2_t0.3_r2,small,30,2,4,2,0.3,2,2,CPM,34.4833,0.5833,34.4833,1,138.8653,0.0,0.0,0.5833,True,0.0,nan,7.466,0.169,128,False,True,2
sm_n30_m2_f4_c2_t0.3_r2,small,30,2,4,2,0.3,2,2,CPM-blind,42.7333,0.5833,42.7333,1,123.1907,8.25,1.0,0.5833,True,0.0,nan,7.466,0.127,90,False,True,2
sm_n30_m2_f4_c2_t0.3_r2,small,30,2,4,2,0.3,2,2,ALNS,39.1999,0.5833,42.7333,2,129.0206,8.25,1.0,0.5833,True,0.0,nan,7.466,4.228,10000,False,True,2
sm_n30_m2_f4_c2_t0.3_r2,small,30,2,4,2,0.3,2,2,NSGA-II,39.1831,0.5833,43.2498,4,128.7539,8.7665,1.0,0.5833,True,0.0,nan,7.466,3.437,10000,False,True,2
sm_n30_m2_f4_c2_t0.3_r2,small,30,2,4,2,0.3,2,2,LPT+EDD,52.7165,1.9167,96.8835,2,20.0415,147.2187,1.0,0.5833,False,0.0,nan,24.534,0.0,3,False,True,2
sm_n30_m2_f4_c2_t0.3_r3,small,30,2,4,2,0.3,3,2,CPM,63.9664,0.5833,77.1333,3,241.0341,16.1389,0.6667,0.5833,True,0.0,nan,7.466,0.233,157,False,True,3
sm_n30_m2_f4_c2_t0.3_r3,small,30,2,4,2,0.3,3,2,CPM-blind,69.4164,0.5833,83.9333,3,224.3385,20.5827,1.0,0.5833,True,0.0,nan,7.466,0.142,99,False,True,3
sm_n30_m2_f4_c2_t0.3_r3,small,30,2,4,2,0.3,3,2,ALNS,55.9999,0.5833,83.9333,4,264.7678,1.7,0.25,0.5833,True,0.0,nan,7.466,5.629,10000,False,True,3
sm_n30_m2_f4_c2_t0.3_r3,small,30,2,4,2,0.3,3,2,NSGA-II,57.3999,0.5833,84.2333,3,261.5421,8.3771,0.6667,0.5833,True,0.0,nan,7.466,3.532,10000,False,True,3
sm_n30_m2_f4_c2_t0.3_r3,small,30,2,4,2,0.3,3,2,LPT+EDD,71.4328,1.9167,134.5836,3,73.9528,122.4308,1.0,0.5833,False,0.0,nan,24.534,0.0,3,False,True,3
sm_n30_m2_f4_c2_t0.3_r4,small,30,2,4,2,0.3,4,2,CPM,41.8167,0.5833,54.0998,2,328.8074,0.0,0.0,0.5833,True,0.0,nan,7.466,0.159,94,False,True,4
sm_n30_m2_f4_c2_t0.3_r4,small,30,2,4,2,0.3,4,2,CPM-blind,59.5167,0.5833,75.583,2,248.1684,19.5916,1.0,0.5833,True,0.0,nan,7.466,0.154,91,False,True,4
sm_n30_m2_f4_c2_t0.3_r4,small,30,2,4,2,0.3,4,2,ALNS,55.0167,0.5833,75.583,2,273.2487,22.1195,1.0,0.5833,True,0.0,nan,7.466,4.567,10000,False,True,4
sm_n30_m2_f4_c2_t0.3_r4,small,30,2,4,2,0.3,4,2,NSGA-II,55.4167,0.5833,76.0831,2,271.4536,22.2206,1.0,0.5833,True,0.0,nan,7.466,1.892,10000,False,True,4
sm_n30_m2_f4_c2_t0.3_r4,small,30,2,4,2,0.3,4,2,LPT+EDD,91.2838,1.8334,105.0671,3,61.4736,119.8123,1.0,0.5833,False,0.0,nan,23.468,0.0,3,False,True,4
sm_n30_m2_f4_c2_t0.3_r5,small,30,2,4,2,0.3,5,2,CPM,18.5833,0.5833,18.5833,1,182.3424,0.0,0.0,0.5833,True,0.0,nan,7.466,0.036,60,False,True,5
sm_n30_m2_f4_c2_t0.3_r5,small,30,2,4,2,0.3,5,2,CPM-blind,18.5833,0.5833,18.5833,1,182.3424,0.0,0.0,0.5833,True,0.0,nan,7.466,0.051,60,False,True,5
sm_n30_m2_f4_c2_t0.3_r5,small,30,2,4,2,0.3,5,2,ALNS,18.5833,0.5833,18.5833,1,182.3424,0.0,0.0,0.5833,True,0.0,nan,7.466,2.243,10000,False,True,5
sm_n30_m2_f4_c2_t0.3_r5,small,30,2,4,2,0.3,5,2,NSGA-II,18.5833,0.5833,18.5833,1,182.3424,0.0,0.0,0.5833,True,0.0,nan,7.466,3.818,10000,False,True,5
sm_n30_m2_f4_c2_t0.3_r5,small,30,2,4,2,0.3,5,2,LPT+EDD,24.8498,1.5834,92.2004,3,45.5667,123.6277,1.0,0.5833,False,0.0,nan,20.268,0.0,3,False,True,5
sm_n30_m2_f4_c2_t0.3_r6,small,30,2,4,2,0.3,6,2,CPM,48.5999,0.5833,58.8833,2,24.3459,0.0,0.0,0.5833,True,0.0,nan,7.466,0.161,155,False,True,6
sm_n30_m2_f4_c2_t0.3_r6,small,30,2,4,2,0.3,6,2,CPM-blind,60.5334,0.5833,67.4833,2,12.9056,10.2668,1.0,0.5833,True,0.0,nan,7.466,0.064,65,False,True,6
sm_n30_m2_f4_c2_t0.3_r6,small,30,2,4,2,0.3,6,2,ALNS,49.8333,0.5833,67.4833,5,21.7931,5.4418,1.0,0.5833,True,0.0,nan,7.466,7.237,10000,False,True,6
sm_n30_m2_f4_c2_t0.3_r6,small,30,2,4,2,0.3,6,2,NSGA-II,49.8333,0.5833,67.4833,5,21.7931,5.4418,1.0,0.5833,True,0.0,nan,7.466,3.509,10000,False,True,6
sm_n30_m2_f4_c2_t0.3_r6,small,30,2,4,2,0.3,6,2,LPT+EDD,63.6502,1.4167,63.6502,1,2.7989,63.8904,1.0,0.5833,False,0.0,nan,18.134,0.0,3,False,True,6
sm_n30_m2_f4_c2_t0.3_r7,small,30,2,4,2,0.3,7,2,CPM,42.7498,0.5833,88.0497,3,363.1632,2.2131,0.3333,0.5833,True,0.0,nan,7.466,0.17,104,False,True,7
sm_n30_m2_f4_c2_t0.3_r7,small,30,2,4,2,0.3,7,2,CPM-blind,66.1831,0.5833,109.583,3,254.6096,15.867,1.0,0.5833,True,0.0,nan,7.466,0.167,104,False,True,7
sm_n30_m2_f4_c2_t0.3_r7,small,30,2,4,2,0.3,7,2,ALNS,58.0832,0.5833,109.583,6,292.0621,9.1127,0.8333,0.5833,True,0.0,nan,7.466,6.506,10000,False,True,7
sm_n30_m2_f4_c2_t0.3_r7,small,30,2,4,2,0.3,7,2,NSGA-II,58.6833,0.5833,87.6333,6,291.1806,6.7534,0.6667,0.5833,True,0.0,nan,7.466,3.3,10000,False,True,7
sm_n30_m2_f4_c2_t0.3_r7,small,30,2,4,2,0.3,7,2,LPT+EDD,78.2663,1.9167,96.7335,2,95.1682,123.8503,1.0,0.5833,False,0.0,nan,24.534,0.0,3,False,True,7
sm_n30_m2_f4_c2_t0.3_r8,small,30,2,4,2,0.3,8,2,CPM,57.6333,0.5833,145.0332,4,166.2192,16.4309,0.5,0.5833,True,0.0,nan,7.466,0.243,165,False,True,8
sm_n30_m2_f4_c2_t0.3_r8,small,30,2,4,2,0.3,8,2,CPM-blind,68.1166,0.5833,155.9332,4,149.6712,26.4934,1.0,0.5833,True,0.0,nan,7.466,0.094,72,False,True,8
sm_n30_m2_f4_c2_t0.3_r8,small,30,2,4,2,0.3,8,2,ALNS,34.4001,0.5833,155.9332,8,193.1175,2.725,0.25,0.5833,True,0.0,nan,7.466,5.231,10000,False,True,8
sm_n30_m2_f4_c2_t0.3_r8,small,30,2,4,2,0.3,8,2,NSGA-II,34.7999,0.6667,73.2668,8,190.2258,10.95,0.75,0.5833,False,0.0,nan,8.534,3.325,10000,False,True,8
sm_n30_m2_f4_c2_t0.3_r8,small,30,2,4,2,0.3,8,2,LPT+EDD,42.8337,1.5834,56.0004,2,68.0593,70.0618,1.0,0.5833,False,0.0,nan,20.268,0.0,3,False,True,8
sm_n30_m2_f4_c2_t0.3_r9,small,30,2,4,2,0.3,9,2,CPM,56.1333,0.5833,56.1333,1,143.3556,0.0,0.0,0.5833,True,0.0,nan,7.466,0.063,52,False,True,9
sm_n30_m2_f4_c2_t0.3_r9,small,30,2,4,2,0.3,9,2,CPM-blind,56.1333,0.5833,56.1333,1,143.3556,0.0,0.0,0.5833,True,0.0,nan,7.466,0.078,52,False,True,9
sm_n30_m2_f4_c2_t0.3_r9,small,30,2,4,2,0.3,9,2,ALNS,56.1333,0.5833,56.1333,1,143.3556,0.0,0.0,0.5833,True,0.0,nan,7.466,7.025,10000,False,True,9
sm_n30_m2_f4_c2_t0.3_r9,small,30,2,4,2,0.3,9,2,NSGA-II,58.3333,0.5833,58.3333,1,132.7217,2.2,1.0,0.5833,True,0.0,nan,7.466,4.284,10000,False,True,9
sm_n30_m2_f4_c2_t0.3_r9,small,30,2,4,2,0.3,9,2,LPT+EDD,76.4675,1.3334,77.0834,2,35.9194,77.8807,1.0,0.5833,False,0.0,nan,17.068,0.0,3,False,True,9
sm_n30_m2_f4_c2_t0.5_r0,small,30,2,4,2,0.5,0,2,CPM,119.6001,0.5833,135.6164,3,583.4009,34.0092,0.3333,0.5833,True,2.1,5595.24,7.466,0.294,205,False,True,0
sm_n30_m2_f4_c2_t0.5_r0,small,30,2,4,2,0.5,0,2,CPM-blind,120.3667,0.5833,137.7164,3,580.0536,34.5803,1.0,0.5833,True,2.1,5631.75,7.466,0.163,129,False,True,0
sm_n30_m2_f4_c2_t0.5_r0,small,30,2,4,2,0.5,0,2,ALNS,117.8,0.5833,137.7164,10,593.9958,0.3185,0.3,0.5833,True,2.1,5509.52,7.466,5.774,10000,False,True,0
sm_n30_m2_f4_c2_t0.5_r0,small,30,2,4,2,0.5,0,2,NSGA-II,121.1828,0.5833,137.7164,3,585.839,47.4804,0.3333,0.5833,True,2.1,5670.61,7.466,2.44,10000,False,True,0
sm_n30_m2_f4_c2_t0.5_r0,small,30,2,4,2,0.5,0,2,LPT+EDD,153.233,2.0834,256.6673,3,144.0294,141.8621,1.0,0.5833,False,2.1,7196.81,26.668,0.0,3,False,True,0
sm_n30_m2_f4_c2_t0.5_r1,small,30,2,4,2,0.5,1,2,CPM,125.1833,0.5833,129.2333,3,116.2882,0.0,0.0,0.5833,True,8.5,1372.74,7.466,0.031,94,False,True,1
sm_n30_m2_f4_c2_t0.5_r1,small,30,2,4,2,0.5,1,2,CPM-blind,128.3833,0.5833,138.0333,3,105.8414,6.2667,1.0,0.5833,True,8.5,1410.39,7.466,0.031,57,False,True,1
sm_n30_m2_f4_c2_t0.5_r1,small,30,2,4,2,0.5,1,2,ALNS,128.3833,0.5833,138.0333,3,105.8414,6.2667,1.0,0.5833,True,8.5,1410.39,7.466,2.074,10000,False,True,1
sm_n30_m2_f4_c2_t0.5_r1,small,30,2,4,2,0.5,1,2,NSGA-II,131.2833,0.5833,141.3333,3,99.9024,9.7416,1.0,0.5833,True,8.5,1444.51,7.466,1.036,10000,False,True,1
sm_n30_m2_f4_c2_t0.5_r1,small,30,2,4,2,0.5,1,2,LPT+EDD,149.7833,1.4167,158.4002,2,28.7675,63.9077,1.0,0.5833,False,8.5,1662.16,18.134,0.0,3,False,True,1
sm_n30_m2_f4_c2_t0.5_r2,small,30,2,4,2,0.5,2,2,CPM,124.0001,0.5833,159.2165,2,166.8465,0.0,0.0,0.5833,True,0.5,24700.02,7.466,0.05,129,False,True,2
sm_n30_m2_f4_c2_t0.5_r2,small,30,2,4,2,0.5,2,2,CPM-blind,156.6168,0.5833,195.8165,2,103.2126,34.6084,1.0,0.5833,True,0.5,31223.36,7.466,0.028,81,False,True,2
sm_n30_m2_f4_c2_t0.5_r2,small,30,2,4,2,0.5,2,2,ALNS,140.8335,0.5833,195.8165,7,129.0572,23.2177,1.0,0.5833,True,0.5,28066.7,7.466,1.46,10000,False,True,2
sm_n30_m2_f4_c2_t0.5_r2,small,30,2,4,2,0.5,2,2,NSGA-II,141.2501,0.5833,195.8165,6,129.5503,22.2547,1.0,0.5833,True,0.5,28150.02,7.466,0.984,10000,False,True,2
sm_n30_m2_f4_c2_t0.5_r2,small,30,2,4,2,0.5,2,2,LPT+EDD,160.7001,1.8334,198.6673,2,25.5858,121.4917,1.0,0.5833,False,0.5,32040.02,23.468,0.0,3,False,True,2
sm_n30_m2_f4_c2_t0.5_r3,small,30,2,4,2,0.5,3,2,CPM,141.55,0.5833,181.7165,4,213.9047,21.4629,0.25,0.5833,True,4.7,2911.7,7.466,0.035,131,False,True,3
sm_n30_m2_f4_c2_t0.5_r3,small,30,2,4,2,0.5,3,2,CPM-blind,145.55,0.5833,185.6165,4,201.5796,23.441,1.0,0.5833,True,4.7,2996.81,7.466,0.047,131,False,True,3
sm_n30_m2_f4_c2_t0.5_r3,small,30,2,4,2,0.5,3,2,ALNS,140.4832,0.5833,185.6165,8,213.6094,2.89,0.625,0.5833,True,4.7,2889.0,7.466,1.602,10000,False,True,3
sm_n30_m2_f4_c2_t0.5_r3,small,30,2,4,2,0.5,3,2,NSGA-II,140.4665,0.5833,185.6165,7,213.3375,3.6424,0.8571,0.5833,True,4.7,2888.65,7.466,0.975,10000,False,True,3
sm_n30_m2_f4_c2_t0.5_r3,small,30,2,4,2,0.5,3,2,LPT+EDD,192.4666,1.5834,196.567,2,44.9482,69.9805,1.0,0.5833,False,4.7,3995.03,20.268,0.0,3,False,True,3
sm_n30_m2_f4_c2_t0.5_r4,small,30,2,4,2,0.5,4,2,CPM,79.45,0.5833,80.9498,2,476.1311,0.0,0.0,0.5833,True,6.7,1085.82,7.466,0.063,121,False,True,4
sm_n30_m2_f4_c2_t0.5_r4,small,30,2,4,2,0.5,4,2,CPM-blind,93.6498,0.5833,93.6498,1,426.7207,40.4327,1.0,0.5833,True,6.7,1297.76,7.466,0.034,76,False,True,4
sm_n30_m2_f4_c2_t0.5_r4,small,30,2,4,2,0.5,4,2,ALNS,91.4665,0.5833,93.6498,4,433.0175,13.7983,1.0,0.5833,True,6.7,1265.17,7.466,1.993,10000,False,True,4
sm_n30_m2_f4_c2_t0.5_r4,small,30,2,4,2,0.5,4,2,NSGA-II,91.7998,0.5833,93.6498,3,432.1676,13.7983,1.0,0.5833,True,6.7,1270.15,7.466,1.069,10000,False,True,4
sm_n30_m2_f4_c2_t0.5_r4,small,30,2,4,2,0.5,4,2,LPT+EDD,132.7837,1.8334,193.5004,3,103.2509,145.4851,1.0,0.5833,False,6.7,1881.85,23.468,0.0,3,False,True,4
sm_n30_m2_f4_c2_t0.5_r5,small,30,2,4,2,0.5,5,2,CPM,85.6164,0.5833,142.5833,4,143.8644,0.0,0.0,0.5833,True,10.9,685.47,7.466,0.028,122,False,True,5
sm_n30_m2_f4_c2_t0.5_r5,small,30,2,4,2,0.5,5,2,CPM-blind,95.7164,0.5833,150.3833,4,126.0164,8.375,1.0,0.5833,True,10.9,778.13,7.466,0.031,73,False,True,5
sm_n30_m2_f4_c2_t0.5_r5,small,30,2,4,2,0.5,5,2,ALNS,93.0164,0.5833,150.3833,4,129.5714,7.7,1.0,0.5833,True,10.9,753.36,7.466,1.883,10000,False,True,5
sm_n30_m2_f4_c2_t0.5_r5,small,30,2,4,2,0.5,5,2,NSGA-II,93.8164,0.5833,150.3833,5,127.7,8.5584,1.0,0.5833,True,10.9,760.7,7.466,3.088,10000,False,True,5
sm_n30_m2_f4_c2_t0.5_r5,small,30,2,4,2,0.5,5,2,LPT+EDD,122.1829,1.4167,153.3335,2,27.2846,77.7744,1.0,0.5833,False,10.9,1020.94,18.134,0.0,3,False,True,5
sm_n30_m2_f4_c2_t0.5_r6,small,30,2,4,2,0.5,6,2,CPM,132.1331,0.5833,132.1331,1,68.2388,38.8964,0.0,0.5833,True,1.6,8158.32,7.466,0.201,132,False,True,6
sm_n30_m2_f4_c2_t0.5_r6,small,30,2,4,2,0.5,6,2,CPM-blind,145.5664,0.5833,145.5664,1,47.6397,44.5789,1.0,0.5833,True,1.6,8997.9,7.466,0.138,86,False,True,6
sm_n30_m2_f4_c2_t0.5_r6,small,30,2,4,2,0.5,6,2,ALNS,130.4333,0.5833,145.5664,4,66.063,4.4778,0.5,0.5833,True,1.6,8052.08,7.466,5.837,10000,False,True,6
sm_n30_m2_f4_c2_t0.5_r6,small,30,2,4,2,0.5,6,2,NSGA-II,131.0167,0.5833,145.5664,4,65.5156,7.2646,0.75,0.5833,True,1.6,8088.54,7.466,3.595,10000,False,True,6
sm_n30_m2_f4_c2_t0.5_r6,small,30,2,4,2,0.5,6,2,LPT+EDD,159.6669,1.8334,159.6669,1,4.8073,91.2383,1.0,0.5833,False,1.6,9879.18,23.468,0.0,3,False,True,6
sm_n30_m2_f4_c2_t0.5_r7,small,30,2,4,2,0.5,7,2,CPM,160.2336,0.5833,201.1998,3,150.334,20.9094,0.3333,0.5833,True,10.4,1440.71,7.466,0.423,147,False,True,7
sm_n30_m2_f4_c2_t0.5_r7,small,30,2,4,2,0.5,7,2,CPM-blind,185.3502,0.5833,215.8498,2,97.8894,33.8547,1.0,0.5833,True,10.4,1682.21,7.466,0.391,151,False,True,7
sm_n30_m2_f4_c2_t0.5_r7,small,30,2,4,2,0.5,7,2,ALNS,154.767,0.5833,215.8498,7,154.8725,6.7273,0.5714,0.5833,True,10.4,1388.14,7.466,6.669,10000,False,True,7
sm_n30_m2_f4_c2_t0.5_r7,small,30,2,4,2,0.5,7,2,NSGA-II,160.5336,0.6667,178.4502,4,147.0013,9.8332,0.5,0.5833,False,10.4,1443.59,8.534,3.591,10000,False,True,7
sm_n30_m2_f4_c2_t0.5_r7,small,30,2,4,2,0.5,7,2,LPT+EDD,204.2672,2.3334,204.2672,1,11.3894,136.8371,1.0,0.5833,False,10.4,1864.11,29.868,0.0,3,False,True,7
sm_n30_m2_f4_c2_t0.5_r8,small,30,2,4,2,0.5,8,2,CPM,130.6667,0.5833,133.9164,2,48.5827,9.0948,0.5,0.5833,True,5.0,2513.33,7.466,0.359,181,False,True,8
sm_n30_m2_f4_c2_t0.5_r8,small,30,2,4,2,0.5,8,2,CPM-blind,134.7669,0.5833,139.1164,3,41.3787,12.6974,1.0,0.5833,True,5.0,2595.34,7.466,0.206,117,False,True,8
sm_n30_m2_f4_c2_t0.5_r8,small,30,2,4,2,0.5,8,2,ALNS,126.1667,0.5833,141.5497,3,54.4544,2.5444,0.3333,0.5833,True,5.0,2423.33,7.466,6.155,10000,False,True,8
sm_n30_m2_f4_c2_t0.5_r8,small,30,2,4,2,0.5,8,2,NSGA-II,127.9667,0.5833,143.0331,3,52.5206,11.3938,0.6667,0.5833,True,5.0,2459.33,7.466,3.606,10000,False,True,8
sm_n30_m2_f4_c2_t0.5_r8,small,30,2,4,2,0.5,8,2,LPT+EDD,147.4836,1.8334,147.4836,1,4.4621,104.655,1.0,0.5833,False,5.0,2849.67,23.468,0.0,3,False,True,8
sm_n30_m2_f4_c2_t0.5_r9,small,30,2,4,2,0.5,9,2,CPM,158.6333,0.5833,158.6333,1,371.998,67.5375,0.0,0.5833,True,16.1,885.3,7.466,0.152,66,False,True,9
sm_n30_m2_f4_c2_t0.5_r9,small,30,2,4,2,0.5,9,2,CPM-blind,163.6333,0.5833,163.6333,1,352.8732,69.1606,1.0,0.5833,True,16.1,916.36,7.466,0.158,66,False,True,9
sm_n30_m2_f4_c2_t0.5_r9,small,30,2,4,2,0.5,9,2,ALNS,141.2666,0.5833,163.6333,6,424.5424,1.8166,0.3333,0.5833,True,16.1,777.43,7.466,6.29,10000,False,True,9
sm_n30_m2_f4_c2_t0.5_r9,small,30,2,4,2,0.5,9,2,NSGA-II,141.2666,0.5833,163.6333,7,424.2426,0.9833,0.4286,0.5833,True,16.1,777.43,7.466,3.51,10000,False,True,9
sm_n30_m2_f4_c2_t0.5_r9,small,30,2,4,2,0.5,9,2,LPT+EDD,197.783,1.9167,231.717,2,76.9092,110.8308,1.0,0.5833,False,16.1,1128.47,24.534,0.0,3,False,True,9
sm_n30_m2_f4_c2_t0.7_r0,small,30,2,4,2,0.7,0,2,CPM,238.5001,0.5833,342.2998,4,226.1537,0.0,0.0,0.5833,True,49.1,385.74,7.466,0.343,188,False,True,0
sm_n30_m2_f4_c2_t0.7_r0,small,30,2,4,2,0.7,0,2,CPM-blind,250.6335,0.5833,358.0998,3,208.6656,15.843,1.0,0.5833,True,49.1,410.46,7.466,0.19,96,False,True,0
sm_n30_m2_f4_c2_t0.7_r0,small,30,2,4,2,0.7,0,2,ALNS,250.6335,0.6667,261.4669,2,205.5956,32.2085,1.0,0.5833,False,49.1,410.46,8.534,9.268,10000,False,True,0
sm_n30_m2_f4_c2_t0.7_r0,small,30,2,4,2,0.7,0,2,NSGA-II,250.6335,0.5833,358.0998,3,208.6656,15.843,1.0,0.5833,True,49.1,410.46,7.466,3.709,10000,False,True,0
sm_n30_m2_f4_c2_t0.7_r0,small,30,2,4,2,0.7,0,2,LPT+EDD,276.8336,1.8334,276.8336,1,33.4557,105.3473,1.0,0.5833,False,49.1,463.82,23.468,0.0,3,False,True,0
sm_n30_m2_f4_c2_t0.7_r1,small,30,2,4,2,0.7,1,2,CPM,284.5166,0.5833,291.9333,2,459.0192,54.1717,0.0,0.5833,True,73.2,288.68,7.466,0.191,73,False,True,1
sm_n30_m2_f4_c2_t0.7_r1,small,30,2,4,2,0.7,1,2,CPM-blind,293.7166,0.5833,301.1333,2,422.9866,59.0603,1.0,0.5833,True,73.2,301.25,7.466,0.207,73,False,True,1
sm_n30_m2_f4_c2_t0.7_r1,small,30,2,4,2,0.7,1,2,ALNS,282.4497,0.5833,301.1333,6,457.8101,4.6,0.6667,0.5833,True,73.2,285.86,7.466,7.946,10000,False,True,1
sm_n30_m2_f4_c2_t0.7_r1,small,30,2,4,2,0.7,1,2,NSGA-II,286.283,0.5833,301.1333,4,446.2757,22.0633,1.0,0.5833,True,73.2,291.1,7.466,3.5,10000,False,True,1
sm_n30_m2_f4_c2_t0.7_r1,small,30,2,4,2,0.7,1,2,LPT+EDD,326.5156,1.9167,364.717,2,115.8968,115.8841,1.0,0.5833,False,73.2,346.06,24.534,0.0,3,False,True,1
sm_n30_m2_f4_c2_t0.7_r2,small,30,2,4,2,0.7,2,2,CPM,287.7164,0.5833,287.7164,1,147.9754,45.0689,0.0,0.5833,True,57.2,403.0,7.466,0.222,130,False,True,2
sm_n30_m2_f4_c2_t0.7_r2,small,30,2,4,2,0.7,2,2,CPM-blind,306.7836,0.5833,309.7164,2,108.569,41.3344,1.0,0.5833,True,57.2,436.33,7.466,0.159,83,False,True,2
sm_n30_m2_f4_c2_t0.7_r2,small,30,2,4,2,0.7,2,2,ALNS,265.0334,0.5833,309.7164,6,177.045,2.8412,0.3333,0.5833,True,57.2,363.35,7.466,5.382,10000,False,True,2
sm_n30_m2_f4_c2_t0.7_r2,small,30,2,4,2,0.7,2,2,NSGA-II,266.5334,0.5833,309.7164,5,174.8894,5.3314,0.8,0.5833,True,57.2,365.97,7.466,3.373,10000,False,True,2
sm_n30_m2_f4_c2_t0.7_r2,small,30,2,4,2,0.7,2,2,LPT+EDD,325.3668,1.8334,331.4503,2,24.1197,102.1979,1.0,0.5833,False,57.2,468.82,23.468,0.0,3,False,True,2
sm_n30_m2_f4_c2_t0.7_r3,small,30,2,4,2,0.7,3,2,CPM,212.4331,0.5833,231.3333,5,263.5333,0.0,0.0,0.5833,True,52.9,301.57,7.466,0.367,188,False,True,3
sm_n30_m2_f4_c2_t0.7_r3,small,30,2,4,2,0.7,3,2,CPM-blind,233.3168,0.5833,247.1333,4,227.3674,18.9394,1.0,0.5833,True,52.9,341.05,7.466,0.22,114,False,True,3
sm_n30_m2_f4_c2_t0.7_r3,small,30,2,4,2,0.7,3,2,ALNS,233.3168,0.5833,247.1333,5,228.0503,18.1514,1.0,0.5833,True,52.9,341.05,7.466,6.787,10000,False,True,3
sm_n30_m2_f4_c2_t0.7_r3,small,30,2,4,2,0.7,3,2,NSGA-II,233.3168,0.5833,247.1333,5,228.0503,18.1514,1.0,0.5833,True,52.9,341.05,7.466,3.596,10000,False,True,3
sm_n30_m2_f4_c2_t0.7_r3,small,30,2,4,2,0.7,3,2,LPT+EDD,252.6669,1.8334,327.4839,2,41.9077,122.0456,1.0,0.5833,False,52.9,377.63,23.468,0.0,3,False,True,3
sm_n30_m2_f4_c2_t0.7_r4,small,30,2,4,2,0.7,4,2,CPM,282.0333,0.5833,285.0333,2,324.1914,13.8985,0.0,0.5833,True,97.9,188.08,7.466,0.269,144,False,True,4
sm_n30_m2_f4_c2_t0.7_r4,small,30,2,4,2,0.7,4,2,CPM-blind,288.5333,0.5833,291.5333,2,301.7123,18.4875,1.0,0.5833,True,97.9,194.72,7.466,0.174,91,False,True,4
sm_n30_m2_f4_c2_t0.7_r4,small,30,2,4,2,0.7,4,2,ALNS,280.3163,0.5833,291.5333,4,324.0599,4.3333,0.75,0.5833,True,97.9,186.33,7.466,6.03,10000,False,True,4
sm_n30_m2_f4_c2_t0.7_r4,small,30,2,4,2,0.7,4,2,NSGA-II,280.3163,0.5833,291.5333,3,323.81,5.2713,0.6667,0.5833,True,97.9,186.33,7.466,3.592,10000,False,True,4
sm_n30_m2_f4_c2_t0.7_r4,small,30,2,4,2,0.7,4,2,LPT+EDD,337.3828,1.9167,341.0336,2,76.2655,110.7664,1.0,0.5833,False,97.9,244.62,24.534,0.0,3,False,True,4
sm_n30_m2_f4_c2_t0.7_r5,small,30,2,4,2,0.7,5,2,CPM,267.6669,0.5833,279.2331,3,446.8065,0.0,0.0,0.5833,True,42.5,529.8,7.466,0.317,164,False,True,5
sm_n30_m2_f4_c2_t0.7_r5,small,30,2,4,2,0.7,5,2,CPM-blind,299.0836,0.5833,310.8331,3,369.1978,34.2279,1.0,0.5833,True,42.5,603.73,7.466,0.206,105,False,True,5
sm_n30_m2_f4_c2_t0.7_r5,small,30,2,4,2,0.7,5,2,ALNS,296.6669,0.5833,310.8331,6,379.5239,29.3507,1.0,0.5833,True,42.5,598.04,7.466,6.033,10000,False,True,5
sm_n30_m2_f4_c2_t0.7_r5,small,30,2,4,2,0.7,5,2,NSGA-II,296.9836,0.5833,310.8331,3,379.0159,32.8738,1.0,0.5833,True,42.5,598.78,7.466,3.595,10000,False,True,5
sm_n30_m2_f4_c2_t0.7_r5,small,30,2,4,2,0.7,5,2,LPT+EDD,387.867,2.0834,416.6674,3,54.2284,175.0392,1.0,0.5833,False,42.5,812.63,26.668,0.0,3,False,True,5
sm_n30_m2_f4_c2_t0.7_r6,small,30,2,4,2,0.7,6,2,CPM,259.5165,0.5833,308.883,2,718.0649,0.0,0.0,0.5833,True,87.6,196.25,7.466,0.3,139,False,True,6
sm_n30_m2_f4_c2_t0.7_r6,small,30,2,4,2,0.7,6,2,CPM-blind,303.2494,0.5833,335.2163,3,569.9884,35.6562,1.0,0.5833,True,87.6,246.18,7.466,0.174,91,False,True,6
sm_n30_m2_f4_c2_t0.7_r6,small,30,2,4,2,0.7,6,2,ALNS,297.0998,0.5833,336.183,5,587.0588,35.6562,1.0,0.5833,True,87.6,239.16,7.466,6.617,10000,False,True,6
sm_n30_m2_f4_c2_t0.7_r6,small,30,2,4,2,0.7,6,2,NSGA-II,297.0998,0.5833,340.7163,3,585.2686,35.6562,1.0,0.5833,True,87.6,239.16,7.466,3.611,10000,False,True,6
sm_n30_m2_f4_c2_t0.7_r6,small,30,2,4,2,0.7,6,2,LPT+EDD,393.7827,1.9167,427.0169,2,108.0953,188.8139,1.0,0.5833,False,87.6,349.52,24.534,0.0,3,False,True,6
sm_n30_m2_f4_c2_t0.7_r7,small,30,2,4,2,0.7,7,2,CPM,307.9167,0.5833,308.7498,2,153.4904,11.2732,0.0,0.5833,True,92.9,231.45,7.466,0.253,152,False,True,7
sm_n30_m2_f4_c2_t0.7_r7,small,30,2,4,2,0.7,7,2,CPM-blind,326.5167,0.5833,327.3498,2,124.9685,26.1558,1.0,0.5833,True,92.9,251.47,7.466,0.174,87,False,True,7
sm_n30_m2_f4_c2_t0.7_r7,small,30,2,4,2,0.7,7,2,ALNS,302.1833,0.5833,327.3498,5,153.0247,6.2875,0.8,0.5833,True,92.9,225.28,7.466,7.652,10000,False,True,7
sm_n30_m2_f4_c2_t0.7_r7,small,30,2,4,2,0.7,7,2,NSGA-II,302.1833,0.5833,327.3498,4,152.4832,8.7584,0.75,0.5833,True,92.9,225.28,7.466,3.528,10000,False,True,7
sm_n30_m2_f4_c2_t0.7_r7,small,30,2,4,2,0.7,7,2,LPT+EDD,370.2169,1.8334,370.2169,1,10.7731,109.2645,1.0,0.5833,False,92.9,298.51,23.468,0.0,3,False,True,7
sm_n30_m2_f4_c2_t0.7_r8,small,30,2,4,2,0.7,8,2,CPM,287.983,0.5833,372.6497,2,969.6807,13.568,0.5,0.5833,True,75.2,282.96,7.466,0.381,141,False,True,8
sm_n30_m2_f4_c2_t0.7_r8,small,30,2,4,2,0.7,8,2,CPM-blind,314.683,0.5833,398.7497,2,809.0172,22.8445,1.0,0.5833,True,75.2,318.46,7.466,0.234,89,False,True,8
sm_n30_m2_f4_c2_t0.7_r8,small,30,2,4,2,0.7,8,2,ALNS,288.1826,0.5833,371.9833,11,961.8032,6.7936,0.9091,0.5833,True,75.2,283.22,7.466,9.088,10000,False,True,8
sm_n30_m2_f4_c2_t0.7_r8,small,30,2,4,2,0.7,8,2,NSGA-II,301.4163,0.5833,371.4833,9,888.5975,9.3667,0.8889,0.5833,True,75.2,300.82,7.466,3.406,10000,False,True,8
sm_n30_m2_f4_c2_t0.7_r8,small,30,2,4,2,0.7,8,2,LPT+EDD,397.9156,1.9167,411.467,2,207.102,145.2371,1.0,0.5833,False,75.2,429.14,24.534,0.0,3,False,True,8
sm_n30_m2_f4_c2_t0.7_r9,small,30,2,4,2,0.7,9,2,CPM,307.3,0.5833,325.0664,2,1047.8284,83.3531,0.0,0.5833,True,65.9,366.31,7.466,0.585,124,False,True,9
sm_n30_m2_f4_c2_t0.7_r9,small,30,2,4,2,0.7,9,2,CPM-blind,328.7,0.5833,342.9664,2,932.1204,90.7198,1.0,0.5833,True,65.9,398.79,7.466,0.585,113,False,True,9
sm_n30_m2_f4_c2_t0.7_r9,small,30,2,4,2,0.7,9,2,ALNS,303.4333,0.5833,342.9664,10,1049.6722,7.6117,0.6,0.5833,True,65.9,360.45,7.466,9.465,10000,False,True,9
sm_n30_m2_f4_c2_t0.7_r9,small,30,2,4,2,0.7,9,2,NSGA-II,304.0664,0.75,347.3666,7,1014.002,12.0992,0.8571,0.5833,False,65.9,361.41,9.6,3.546,10000,False,True,9
sm_n30_m2_f4_c2_t0.7_r9,small,30,2,4,2,0.7,9,2,LPT+EDD,350.4668,2.3334,453.6672,3,329.1593,146.9591,1.0,0.5833,False,65.9,431.82,29.868,0.016,3,False,True,9
sm_n30_m4_f4_c2_t0.3_r0,small,30,4,4,2,0.3,0,0,CPM,32.9832,0.0,107.1,3,408.1898,0.0,0.0,0.0,True,0.0,nan,0.0,5.106,946,False,True,0
sm_n30_m4_f4_c2_t0.3_r0,small,30,4,4,2,0.3,0,0,CPM-blind,48.0832,0.0,116.7,3,343.9813,10.9,1.0,0.0,True,0.0,nan,0.0,4.257,963,False,True,0
sm_n30_m4_f4_c2_t0.3_r0,small,30,4,4,2,0.3,0,0,ALNS,37.6334,0.0,116.7,7,382.4149,10.1309,1.0,0.0,True,0.0,nan,0.0,5.287,10000,False,True,0
sm_n30_m4_f4_c2_t0.3_r0,small,30,4,4,2,0.3,0,0,NSGA-II,39.2334,0.0,116.7,6,376.9759,10.1309,1.0,0.0,True,0.0,nan,0.0,3.672,10000,False,True,0
sm_n30_m4_f4_c2_t0.3_r0,small,30,4,4,2,0.3,0,0,LPT+EDD,48.5501,3.4168,61.2838,3,84.3504,315.4202,1.0,0.0,False,0.0,nan,43.735,0.0,3,False,True,0
sm_n30_m4_f4_c2_t0.3_r1,small,30,4,4,2,0.3,1,0,CPM,32.55,0.0,84.0,3,187.8948,0.0,0.0,0.0,True,0.0,nan,0.0,4.781,1782,False,True,1
sm_n30_m4_f4_c2_t0.3_r1,small,30,4,4,2,0.3,1,0,CPM-blind,38.4334,0.0,96.0,6,165.9443,11.4083,1.0,0.0,True,0.0,nan,0.0,3.182,1186,False,True,1
sm_n30_m4_f4_c2_t0.3_r1,small,30,4,4,2,0.3,1,0,ALNS,35.5168,0.0,96.0,9,174.1958,10.3,1.0,0.0,True,0.0,nan,0.0,4.228,10000,False,True,1
sm_n30_m4_f4_c2_t0.3_r1,small,30,4,4,2,0.3,1,0,NSGA-II,35.2168,0.0,96.0,8,174.9733,10.3,1.0,0.0,True,0.0,nan,0.0,3.5,10000,False,True,1
sm_n30_m4_f4_c2_t0.3_r1,small,30,4,4,2,0.3,1,0,LPT+EDD,47.2335,2.4167,47.2335,1,20.2838,217.7845,1.0,0.0,False,0.0,nan,30.934,0.0,3,False,True,1
sm_n30_m4_f4_c2_t0.3_r2,small,30,4,4,2,0.3,2,0,CPM,19.15,0.0,59.2,3,200.1262,3.0052,0.0,0.0,True,0.0,nan,0.0,3.675,905,False,True,2
sm_n30_m4_f4_c2_t0.3_r2,small,30,4,4,2,0.3,2,0,CPM-blind,20.15,0.0,61.9,3,195.4097,3.9302,0.6667,0.0,True,0.0,nan,0.0,3.769,921,False,True,2
sm_n30_m4_f4_c2_t0.3_r2,small,30,4,4,2,0.3,2,0,ALNS,20.1833,0.0,61.9,5,197.0596,0.975,0.6,0.0,True,0.0,nan,0.0,4.718,10000,False,True,2
sm_n30_m4_f4_c2_t0.3_r2,small,30,4,4,2,0.3,2,0,NSGA-II,20.15,0.0,61.9,4,197.2006,0.925,0.5,0.0,True,0.0,nan,0.0,3.512,10000,False,True,2
sm_n30_m4_f4_c2_t0.3_r2,small,30,4,4,2,0.3,2,0,LPT+EDD,27.7833,3.0833,55.0999,3,34.4671,282.2197,1.0,0.0,False,0.0,nan,39.466,0.0,3,False,True,2
sm_n30_m4_f4_c2_t0.3_r3,small,30,4,4,2,0.3,3,0,CPM,27.9331,0.0,46.0,3,87.7036,0.0,0.0,0.0,True,0.0,nan,0.0,7.356,2038,False,True,3
sm_n30_m4_f4_c2_t0.3_r3,small,30,4,4,2,0.3,3,0,CPM-blind,37.9,0.0,48.5,3,55.0645,7.832,1.0,0.0,True,0.0,nan,0.0,4.858,1309,False,True,3
sm_n30_m4_f4_c2_t0.3_r3,small,30,4,4,2,0.3,3,0,ALNS,34.7331,0.0,48.5,8,62.5287,7.4026,1.0,0.0,True,0.0,nan,0.0,5.399,10000,False,True,3
sm_n30_m4_f4_c2_t0.3_r3,small,30,4,4,2,0.3,3,0,NSGA-II,35.7333,0.0,48.5,5,60.9325,7.5455,1.0,0.0,True,0.0,nan,0.0,3.547,10000,False,True,3
sm_n30_m4_f4_c2_t0.3_r3,small,30,4,4,2,0.3,3,0,LPT+EDD,46.1832,3.1666,46.1832,1,3.4028,283.6921,1.0,0.0,False,0.0,nan,40.532,0.0,3,False,True,3
sm_n30_m4_f4_c2_t0.3_r4,small,30,4,4,2,0.3,4,0,CPM,30.9665,0.0,71.9,4,279.1719,14.3041,0.0,0.0,True,0.0,nan,0.0,10.962,1601,False,True,4
sm_n30_m4_f4_c2_t0.3_r4,small,30,4,4,2,0.3,4,0,CPM-blind,33.2665,0.0,80.8,4,266.5453,16.5531,1.0,0.0,True,0.0,nan,0.0,5.969,1020,False,True,4
sm_n30_m4_f4_c2_t0.3_r4,small,30,4,4,2,0.3,4,0,ALNS,28.7999,0.0,80.8,6,283.9632,4.2167,0.5,0.0,True,0.0,nan,0.0,5.837,10000,False,True,4
sm_n30_m4_f4_c2_t0.3_r4,small,30,4,4,2,0.3,4,0,NSGA-II,29.2666,0.0,80.8,5,282.1669,11.5861,0.6,0.0,True,0.0,nan,0.0,3.816,10000,False,True,4
sm_n30_m4_f4_c2_t0.3_r4,small,30,4,4,2,0.3,4,0,LPT+EDD,37.2165,3.9168,81.7839,3,34.7029,321.5118,1.0,0.0,False,0.0,nan,50.135,0.0,3,False,True,4
sm_n30_m4_f4_c2_t0.3_r5,small,30,4,4,2,0.3,5,0,CPM,30.9833,0.0,90.9,4,389.6434,0.0,0.0,0.0,True,0.0,nan,0.0,8.025,1592,False,True,5
sm_n30_m4_f4_c2_t0.3_r5,small,30,4,4,2,0.3,5,0,CPM-blind,37.4499,0.0,104.6,4,355.527,11.2364,1.0,0.0,True,0.0,nan,0.0,5.458,1049,False,True,5
sm_n30_m4_f4_c2_t0.3_r5,small,30,4,4,2,0.3,5,0,ALNS,37.4499,0.25,50.15,3,351.7729,19.7632,1.0,0.0,False,0.0,nan,3.2,4.764,10000,False,True,5
sm_n30_m4_f4_c2_t0.3_r5,small,30,4,4,2,0.3,5,0,NSGA-II,39.5332,0.0,104.6,4,347.8294,15.2122,1.0,0.0,True,0.0,nan,0.0,3.805,10000,False,True,5
sm_n30_m4_f4_c2_t0.3_r5,small,30,4,4,2,0.3,5,0,LPT+EDD,60.4829,3.4166,107.8332,3,44.0452,305.6262,1.0,0.0,False,0.0,nan,43.732,0.0,3,False,True,5
sm_n30_m4_f4_c2_t0.3_r6,small,30,4,4,2,0.3,6,0,CPM,17.8666,0.0,54.4,4,261.5517,0.0,0.0,0.0,True,0.0,nan,0.0,6.561,1503,False,True,6
sm_n30_m4_f4_c2_t0.3_r6,small,30,4,4,2,0.3,6,0,CPM-blind,28.45,0.0,73.1,3,212.1463,12.9132,1.0,0.0,True,0.0,nan,0.0,4.264,949,False,True,6
sm_n30_m4_f4_c2_t0.3_r6,small,30,4,4,2,0.3,6,0,ALNS,25.0834,0.0,73.1,6,226.6184,12.3034,1.0,0.0,True,0.0,nan,0.0,5.23,10000,False,True,6
sm_n30_m4_f4_c2_t0.3_r6,small,30,4,4,2,0.3,6,0,NSGA-II,25.0834,0.0,73.1,6,225.9375,13.445,1.0,0.0,True,0.0,nan,0.0,3.613,10000,False,True,6
sm_n30_m4_f4_c2_t0.3_r6,small,30,4,4,2,0.3,6,0,LPT+EDD,36.7168,3.1668,54.9836,2,39.2178,284.834,1.0,0.0,False,0.0,nan,40.535,0.0,3,False,True,6
sm_n30_m4_f4_c2_t0.3_r7,small,30,4,4,2,0.3,7,0,CPM,18.0498,0.0,63.8,6,157.1014,0.0,0.0,0.0,True,0.0,nan,0.0,7.796,1697,False,True,7
sm_n30_m4_f4_c2_t0.3_r7,small,30,4,4,2,0.3,7,0,CPM-blind,25.5499,0.0,80.5,5,135.2546,15.5241,1.0,0.0,True,0.0,nan,0.0,5.074,975,False,True,7
sm_n30_m4_f4_c2_t0.3_r7,small,30,4,4,2,0.3,7,0,ALNS,25.3166,0.0,80.5,8,136.1233,11.6864,1.0,0.0,True,0.0,nan,0.0,4.175,10000,False,True,7
sm_n30_m4_f4_c2_t0.3_r7,small,30,4,4,2,0.3,7,0,NSGA-II,26.7666,0.0,80.5,5,134.403,22.7931,1.0,0.0,True,0.0,nan,0.0,3.515,10000,False,True,7
sm_n30_m4_f4_c2_t0.3_r7,small,30,4,4,2,0.3,7,0,LPT+EDD,27.4501,2.1667,27.4501,1,19.6652,136.8998,1.0,0.0,False,0.0,nan,27.734,0.0,3,False,True,7
sm_n30_m4_f4_c2_t0.3_r8,small,30,4,4,2,0.3,8,0,CPM,29.5499,0.0,180.6,4,522.0471,0.0,0.0,0.0,True,0.0,nan,0.0,1.881,728,False,True,8
sm_n30_m4_f4_c2_t0.3_r8,small,30,4,4,2,0.3,8,0,CPM-blind,31.9499,0.0,184.2,4,512.5074,3.675,1.0,0.0,True,0.0,nan,0.0,1.199,436,False,True,8
sm_n30_m4_f4_c2_t0.3_r8,small,30,4,4,2,0.3,8,0,ALNS,31.9499,0.25,78.5,4,508.5565,29.054,1.0,0.0,False,0.0,nan,3.2,4.646,10000,False,True,8
sm_n30_m4_f4_c2_t0.3_r8,small,30,4,4,2,0.3,8,0,NSGA-II,31.9499,0.25,78.5,4,508.5232,29.154,1.0,0.0,False,0.0,nan,3.2,3.572,10000,False,True,8
sm_n30_m4_f4_c2_t0.3_r8,small,30,4,4,2,0.3,8,0,LPT+EDD,46.1666,2.4168,95.1005,3,121.0015,207.7898,1.0,0.0,False,0.0,nan,30.935,0.0,3,False,True,8
sm_n30_m4_f4_c2_t0.3_r9,small,30,4,4,2,0.3,9,0,CPM,28.5833,0.0,208.2,4,801.4853,0.0,0.0,0.0,True,0.0,nan,0.0,2.357,775,False,True,9
sm_n30_m4_f4_c2_t0.3_r9,small,30,4,4,2,0.3,9,0,CPM-blind,44.1499,0.0,226.7,3,739.2848,24.629,1.0,0.0,True,0.0,nan,0.0,1.456,437,False,True,9
sm_n30_m4_f4_c2_t0.3_r9,small,30,4,4,2,0.3,9,0,ALNS,37.1333,0.25,81.5,4,753.5954,44.1533,1.0,0.0,False,0.0,nan,3.2,5.342,10000,False,True,9
sm_n30_m4_f4_c2_t0.3_r9,small,30,4,4,2,0.3,9,0,NSGA-II,38.0665,0.0,227.1,5,756.9332,16.7639,1.0,0.0,True,0.0,nan,0.0,3.618,10000,False,True,9
sm_n30_m4_f4_c2_t0.3_r9,small,30,4,4,2,0.3,9,0,LPT+EDD,44.5001,2.4168,96.5171,3,269.9458,209.5608,1.0,0.0,False,0.0,nan,30.935,0.0,3,False,True,9
sm_n30_m4_f4_c2_t0.5_r0,small,30,4,4,2,0.5,0,0,CPM,78.1998,0.0,196.5,5,249.0202,2.3286,0.0,0.0,True,15.2,414.47,0.0,5.079,946,False,True,0
sm_n30_m4_f4_c2_t0.5_r0,small,30,4,4,2,0.5,0,0,CPM-blind,83.5664,0.0,202.0,5,238.5811,5.9636,1.0,0.0,True,15.2,449.78,0.0,4.685,935,False,True,0
sm_n30_m4_f4_c2_t0.5_r0,small,30,4,4,2,0.5,0,0,ALNS,83.6998,0.0,202.0,8,247.9577,4.2333,0.875,0.0,True,15.2,450.66,0.0,5.887,10000,False,True,0
sm_n30_m4_f4_c2_t0.5_r0,small,30,4,4,2,0.5,0,0,NSGA-II,83.6998,0.0,202.0,7,247.6883,5.1369,1.0,0.0,True,15.2,450.66,0.0,3.655,10000,False,True,0
sm_n30_m4_f4_c2_t0.5_r0,small,30,4,4,2,0.5,0,0,LPT+EDD,106.9495,1.7499,106.9495,1,31.9677,125.4473,1.0,0.0,False,15.2,603.62,22.399,0.0,3,False,True,0
sm_n30_m4_f4_c2_t0.5_r1,small,30,4,4,2,0.5,1,0,CPM,82.9,0.0,241.4,4,593.3819,13.0875,0.25,0.0,True,11.3,633.63,0.0,2.184,1053,False,True,1
sm_n30_m4_f4_c2_t0.5_r1,small,30,4,4,2,0.5,1,0,CPM-blind,104.3,0.0,304.9,4,522.9903,31.9113,1.0,0.0,True,11.3,823.01,0.0,1.092,475,False,True,1
sm_n30_m4_f4_c2_t0.5_r1,small,30,4,4,2,0.5,1,0,ALNS,100.55,0.0,304.9,5,538.0596,28.5006,1.0,0.0,True,11.3,789.82,0.0,4.32,10000,False,True,1
sm_n30_m4_f4_c2_t0.5_r1,small,30,4,4,2,0.5,1,0,NSGA-II,104.3,0.0,304.9,4,532.245,28.2256,0.75,0.0,True,11.3,823.01,0.0,3.515,10000,False,True,1
sm_n30_m4_f4_c2_t0.5_r1,small,30,4,4,2,0.5,1,0,LPT+EDD,119.05,1.9167,122.3501,2,141.975,176.827,1.0,0.0,False,11.3,953.54,24.534,0.0,3,False,True,1
sm_n30_m4_f4_c2_t0.5_r2,small,30,4,4,2,0.5,2,0,CPM,73.8499,0.0,130.5,4,292.7307,0.0,0.0,0.0,True,12.8,476.95,0.0,4.526,1416,False,True,2
sm_n30_m4_f4_c2_t0.5_r2,small,30,4,4,2,0.5,2,0,CPM-blind,88.2,0.0,150.7,3,243.8761,16.2481,1.0,0.0,True,12.8,589.06,0.0,2.623,861,False,True,2
sm_n30_m4_f4_c2_t0.5_r2,small,30,4,4,2,0.5,2,0,ALNS,88.2,0.0,150.7,3,243.8761,16.2481,1.0,0.0,True,12.8,589.06,0.0,4.649,10000,False,True,2
sm_n30_m4_f4_c2_t0.5_r2,small,30,4,4,2,0.5,2,0,NSGA-II,87.2,0.0,150.7,4,245.6845,16.2481,1.0,0.0,True,12.8,581.25,0.0,3.638,10000,False,True,2
sm_n30_m4_f4_c2_t0.5_r2,small,30,4,4,2,0.5,2,0,LPT+EDD,123.1001,2.8333,124.8499,2,20.6003,253.9538,1.0,0.0,False,12.8,861.72,36.266,0.0,3,False,True,2
sm_n30_m4_f4_c2_t0.5_r3,small,30,4,4,2,0.5,3,0,CPM,92.65,0.0,259.0,7,653.8918,0.0,0.0,0.0,True,4.4,2005.68,0.0,6.737,1447,False,True,3
sm_n30_m4_f4_c2_t0.5_r3,small,30,4,4,2,0.5,3,0,CPM-blind,108.1169,0.0,268.4,6,605.5507,12.5296,1.0,0.0,True,4.4,2357.2,0.0,4.052,939,False,True,3
sm_n30_m4_f4_c2_t0.5_r3,small,30,4,4,2,0.5,3,0,ALNS,108.0667,0.0,268.4,10,609.7051,12.39,1.0,0.0,True,4.4,2356.06,0.0,4.821,10000,False,True,3
sm_n30_m4_f4_c2_t0.5_r3,small,30,4,4,2,0.5,3,0,NSGA-II,109.3167,0.0,268.4,9,607.0634,14.1492,1.0,0.0,True,4.4,2384.47,0.0,3.495,10000,False,True,3
sm_n30_m4_f4_c2_t0.5_r3,small,30,4,4,2,0.5,3,0,LPT+EDD,133.7002,2.4167,185.3167,3,160.7555,181.0126,1.0,0.0,False,4.4,2938.64,30.934,0.0,3,False,True,3
sm_n30_m4_f4_c2_t0.5_r4,small,30,4,4,2,0.5,4,0,CPM,115.2167,0.0,456.1,6,757.252,3.3688,0.1667,0.0,True,6.1,1788.8,0.0,2.897,887,False,True,4
sm_n30_m4_f4_c2_t0.5_r4,small,30,4,4,2,0.5,4,0,CPM-blind,120.9333,0.0,462.7,6,743.0456,9.9047,1.0,0.0,True,6.1,1882.51,0.0,1.501,513,False,True,4
sm_n30_m4_f4_c2_t0.5_r4,small,30,4,4,2,0.5,4,0,ALNS,120.9333,0.25,191.95,7,740.087,50.8035,0.8571,0.0,False,6.1,1882.51,3.2,5.58,10000,False,True,4
sm_n30_m4_f4_c2_t0.5_r4,small,30,4,4,2,0.5,4,0,NSGA-II,121.4667,0.25,191.95,6,739.0119,51.0505,0.8333,0.0,False,6.1,1891.26,3.2,3.714,10000,False,True,4
sm_n30_m4_f4_c2_t0.5_r4,small,30,4,4,2,0.5,4,0,LPT+EDD,147.3335,1.9167,147.3335,1,105.7702,167.433,1.0,0.0,False,6.1,2315.3,24.534,0.0,3,False,True,4
sm_n30_m4_f4_c2_t0.5_r5,small,30,4,4,2,0.5,5,0,CPM,86.9165,0.0,267.9,5,520.5291,0.0,0.0,0.0,True,8.0,986.46,0.0,8.765,1501,False,True,5
sm_n30_m4_f4_c2_t0.5_r5,small,30,4,4,2,0.5,5,0,CPM-blind,90.9165,0.0,273.5,4,510.9291,7.766,1.0,0.0,True,8.0,1036.46,0.0,5.489,945,False,True,5
sm_n30_m4_f4_c2_t0.5_r5,small,30,4,4,2,0.5,5,0,ALNS,90.9165,0.25,106.35,3,503.8416,39.3406,1.0,0.0,False,8.0,1036.46,3.2,6.062,10000,False,True,5
sm_n30_m4_f4_c2_t0.5_r5,small,30,4,4,2,0.5,5,0,NSGA-II,91.9333,0.25,106.35,2,502.4859,53.5741,1.0,0.0,False,8.0,1049.17,3.2,4.0,10000,False,True,5
sm_n30_m4_f4_c2_t0.5_r5,small,30,4,4,2,0.5,5,0,LPT+EDD,102.8998,2.3333,102.8998,1,66.3161,184.3093,1.0,0.0,False,8.0,1186.25,29.866,0.0,3,False,True,5
sm_n30_m4_f4_c2_t0.5_r6,small,30,4,4,2,0.5,6,0,CPM,52.9,0.0,149.3,3,270.7034,2.54,0.0,0.0,True,12.1,337.19,0.0,2.074,1240,False,True,6
sm_n30_m4_f4_c2_t0.5_r6,small,30,4,4,2,0.5,6,0,CPM-blind,56.75,0.0,150.6,3,261.3618,4.3059,1.0,0.0,True,12.1,369.01,0.0,1.345,769,False,True,6
sm_n30_m4_f4_c2_t0.5_r6,small,30,4,4,2,0.5,6,0,ALNS,56.75,0.0,150.6,4,268.7547,2.1375,0.75,0.0,True,12.1,369.01,0.0,3.989,10000,False,True,6
sm_n30_m4_f4_c2_t0.5_r6,small,30,4,4,2,0.5,6,0,NSGA-II,57.0999,0.0,150.6,5,267.8465,2.3375,0.8,0.0,True,12.1,371.9,0.0,3.576,10000,False,True,6
sm_n30_m4_f4_c2_t0.5_r6,small,30,4,4,2,0.5,6,0,LPT+EDD,80.5333,2.3333,80.5333,1,28.7086,209.8286,1.0,0.0,False,12.1,565.56,29.866,0.016,3,False,True,6
sm_n30_m4_f4_c2_t0.5_r7,small,30,4,4,2,0.5,7,0,CPM,66.55,0.0,107.1,5,125.6819,3.1627,0.0,0.0,True,16.3,308.28,0.0,7.896,2267,False,True,7
sm_n30_m4_f4_c2_t0.5_r7,small,30,4,4,2,0.5,7,0,CPM-blind,74.5666,0.0,123.0,7,103.4512,12.2706,1.0,0.0,True,16.3,357.46,0.0,3.323,993,False,True,7
sm_n30_m4_f4_c2_t0.5_r7,small,30,4,4,2,0.5,7,0,ALNS,74.5666,0.0,123.0,13,107.113,8.9236,0.9231,0.0,True,16.3,357.46,0.0,4.258,10000,False,True,7
sm_n30_m4_f4_c2_t0.5_r7,small,30,4,4,2,0.5,7,0,NSGA-II,74.5666,0.0,123.0,12,107.1033,9.2752,0.9167,0.0,True,16.3,357.46,0.0,3.385,10000,False,True,7
sm_n30_m4_f4_c2_t0.5_r7,small,30,4,4,2,0.5,7,0,LPT+EDD,107.4665,1.8333,107.4665,1,8.1694,130.9558,1.0,0.0,False,16.3,559.3,23.466,0.0,3,False,True,7
sm_n30_m4_f4_c2_t0.5_r8,small,30,4,4,2,0.5,8,0,CPM,82.4164,0.0,282.1,4,509.7551,6.667,0.0,0.0,True,6.6,1148.73,0.0,2.676,788,False,True,8
sm_n30_m4_f4_c2_t0.5_r8,small,30,4,4,2,0.5,8,0,CPM-blind,82.4164,0.0,282.1,4,508.6552,7.1143,0.5,0.0,True,6.6,1148.73,0.0,1.758,511,False,True,8
sm_n30_m4_f4_c2_t0.5_r8,small,30,4,4,2,0.5,8,0,ALNS,82.9499,0.25,166.3,5,501.0902,24.2936,0.8,0.0,False,6.6,1156.82,3.2,4.858,10000,False,True,8
sm_n30_m4_f4_c2_t0.5_r8,small,30,4,4,2,0.5,8,0,NSGA-II,86.7166,0.0,282.1,3,502.957,20.474,0.6667,0.0,True,6.6,1213.89,0.0,3.784,10000,False,True,8
sm_n30_m4_f4_c2_t0.5_r8,small,30,4,4,2,0.5,8,0,LPT+EDD,109.6669,2.25,109.6669,1,65.534,179.7375,1.0,0.0,False,6.6,1561.62,28.8,0.0,3,False,True,8
sm_n30_m4_f4_c2_t0.5_r9,small,30,4,4,2,0.5,9,0,CPM,104.1502,0.0,331.4,5,985.1427,0.0,0.0,0.0,True,0.0,nan,0.0,3.595,843,False,True,9
sm_n30_m4_f4_c2_t0.5_r9,small,30,4,4,2,0.5,9,0,CPM-blind,112.6502,0.0,341.1,6,949.314,9.7333,1.0,0.0,True,0.0,nan,0.0,2.152,525,False,True,9
sm_n30_m4_f4_c2_t0.5_r9,small,30,4,4,2,0.5,9,0,ALNS,113.3834,0.25,200.9,4,942.3841,40.4777,1.0,0.0,False,0.0,nan,3.2,5.615,10000,False,True,9
sm_n30_m4_f4_c2_t0.5_r9,small,30,4,4,2,0.5,9,0,NSGA-II,113.8834,0.0,341.1,4,949.5837,27.6424,1.0,0.0,True,0.0,nan,0.0,3.843,10000,False,True,9
sm_n30_m4_f4_c2_t0.5_r9,small,30,4,4,2,0.5,9,0,LPT+EDD,134.8836,2.4168,143.7338,2,360.4408,193.6455,1.0,0.0,False,0.0,nan,30.935,0.0,3,False,True,9
sm_n30_m4_f4_c2_t0.7_r0,small,30,4,4,2,0.7,0,0,CPM,158.4333,0.0,346.2,5,578.0879,2.702,0.4,0.0,True,49.0,223.33,0.0,2.42,1035,False,True,0
sm_n30_m4_f4_c2_t0.7_r0,small,30,4,4,2,0.7,0,0,CPM-blind,161.3333,0.0,347.1,5,570.4895,4.3552,1.0,0.0,True,49.0,229.25,0.0,1.503,641,False,True,0
sm_n30_m4_f4_c2_t0.7_r0,small,30,4,4,2,0.7,0,0,ALNS,161.3333,0.25,181.35,5,569.3456,34.507,0.6,0.0,False,49.0,229.25,3.2,3.591,10000,False,True,0
sm_n30_m4_f4_c2_t0.7_r0,small,30,4,4,2,0.7,0,0,NSGA-II,161.3333,0.25,181.35,5,569.3456,34.507,0.6,0.0,False,49.0,229.25,3.2,3.484,10000,False,True,0
sm_n30_m4_f4_c2_t0.7_r0,small,30,4,4,2,0.7,0,0,LPT+EDD,187.6,2.1667,209.0168,3,127.424,188.758,1.0,0.0,False,49.0,282.86,27.734,0.0,3,False,True,0
sm_n30_m4_f4_c2_t0.7_r1,small,30,4,4,2,0.7,1,0,CPM,186.2501,0.0,276.7,7,349.4799,6.0338,0.4286,0.0,True,100.7,84.96,0.0,2.868,861,False,True,1
sm_n30_m4_f4_c2_t0.7_r1,small,30,4,4,2,0.7,1,0,CPM-blind,189.4501,0.0,277.8,7,340.7347,7.043,1.0,0.0,True,100.7,88.13,0.0,2.995,869,False,True,1
sm_n30_m4_f4_c2_t0.7_r1,small,30,4,4,2,0.7,1,0,ALNS,188.8335,0.0,277.8,9,355.1881,3.3625,0.2222,0.0,True,100.7,87.52,0.0,4.312,10000,False,True,1
sm_n30_m4_f4_c2_t0.7_r1,small,30,4,4,2,0.7,1,0,NSGA-II,188.8335,0.0,277.8,9,355.1881,3.3625,0.2222,0.0,True,100.7,87.52,0.0,3.47,10000,False,True,1
sm_n30_m4_f4_c2_t0.7_r1,small,30,4,4,2,0.7,1,0,LPT+EDD,202.5501,2.9167,202.5501,1,40.7454,227.842,1.0,0.0,False,100.7,101.14,37.334,0.0,3,False,True,1
sm_n30_m4_f4_c2_t0.7_r2,small,30,4,4,2,0.7,2,0,CPM,171.1165,0.0,329.4,6,492.7329,5.2878,0.1667,0.0,True,96.3,77.69,0.0,1.333,496,False,True,2
sm_n30_m4_f4_c2_t0.7_r2,small,30,4,4,2,0.7,2,0,CPM-blind,174.0165,0.0,332.3,6,484.4679,7.2006,1.0,0.0,True,96.3,80.7,0.0,1.302,496,False,True,2
sm_n30_m4_f4_c2_t0.7_r2,small,30,4,4,2,0.7,2,0,ALNS,174.0165,0.0,332.3,8,497.4047,1.8125,0.625,0.0,True,96.3,80.7,0.0,4.867,10000,False,True,2
sm_n30_m4_f4_c2_t0.7_r2,small,30,4,4,2,0.7,2,0,NSGA-II,175.4332,0.0,332.3,7,494.9018,4.6212,0.5714,0.0,True,96.3,82.17,0.0,3.584,10000,False,True,2
sm_n30_m4_f4_c2_t0.7_r2,small,30,4,4,2,0.7,2,0,LPT+EDD,207.9499,1.8334,219.6168,2,153.4354,138.4312,1.0,0.0,False,96.3,115.94,23.468,0.0,3,False,True,2
sm_n30_m4_f4_c2_t0.7_r3,small,30,4,4,2,0.7,3,0,CPM,195.35,0.0,299.8,6,603.5537,10.2853,0.3333,0.0,True,57.1,242.12,0.0,13.716,1006,False,True,3
sm_n30_m4_f4_c2_t0.7_r3,small,30,4,4,2,0.7,3,0,CPM-blind,195.35,0.0,299.8,6,603.5537,10.2853,0.3333,0.0,True,57.1,242.12,0.0,13.671,1006,False,True,3
sm_n30_m4_f4_c2_t0.7_r3,small,30,4,4,2,0.7,3,0,ALNS,193.9334,0.0,299.8,11,610.4048,0.0,0.0,0.0,True,57.1,239.64,0.0,6.042,10000,False,True,3
sm_n30_m4_f4_c2_t0.7_r3,small,30,4,4,2,0.7,3,0,NSGA-II,196.3501,0.0,299.8,8,601.6408,4.8905,0.375,0.0,True,57.1,243.87,0.0,3.799,10000,False,True,3
sm_n30_m4_f4_c2_t0.7_r3,small,30,4,4,2,0.7,3,0,LPT+EDD,225.1501,3.6668,302.0503,3,83.6617,307.7054,1.0,0.0,False,57.1,294.31,46.935,0.0,3,False,True,3
sm_n30_m4_f4_c2_t0.7_r4,small,30,4,4,2,0.7,4,0,CPM,120.8167,0.0,268.1,5,516.8569,1.3533,0.2,0.0,True,41.7,189.73,0.0,2.723,985,False,True,4
sm_n30_m4_f4_c2_t0.7_r4,small,30,4,4,2,0.7,4,0,CPM-blind,147.5834,0.0,327.6,4,437.9185,33.1392,1.0,0.0,True,41.7,253.92,0.0,1.203,442,False,True,4
sm_n30_m4_f4_c2_t0.7_r4,small,30,4,4,2,0.7,4,0,ALNS,146.25,0.25,221.85,5,435.2079,31.1754,0.8,0.0,False,41.7,250.72,3.2,4.193,10000,False,True,4
sm_n30_m4_f4_c2_t0.7_r4,small,30,4,4,2,0.7,4,0,NSGA-II,146.25,0.0,327.6,4,443.5077,31.1922,0.75,0.0,True,41.7,250.72,0.0,3.64,10000,False,True,4
sm_n30_m4_f4_c2_t0.7_r4,small,30,4,4,2,0.7,4,0,LPT+EDD,191.8503,2.0834,191.8503,1,52.2666,169.852,1.0,0.0,False,41.7,360.07,26.668,0.0,3,False,True,4
sm_n30_m4_f4_c2_t0.7_r5,small,30,4,4,2,0.7,5,0,CPM,182.9167,0.0,349.5,3,694.524,0.0,0.0,0.0,True,73.7,148.19,0.0,6.268,1317,False,True,5
sm_n30_m4_f4_c2_t0.7_r5,small,30,4,4,2,0.7,5,0,CPM-blind,190.9167,0.0,357.9,4,666.2243,8.4,1.0,0.0,True,73.7,159.05,0.0,4.034,871,False,True,5
sm_n30_m4_f4_c2_t0.7_r5,small,30,4,4,2,0.7,5,0,ALNS,189.9832,0.25,199.15,5,659.6754,56.4048,1.0,0.0,False,73.7,157.78,3.2,6.157,10000,False,True,5
sm_n30_m4_f4_c2_t0.7_r5,small,30,4,4,2,0.7,5,0,NSGA-II,189.9832,0.25,199.15,4,659.5421,56.4048,1.0,0.0,False,73.7,157.78,3.2,3.75,10000,False,True,5
sm_n30_m4_f4_c2_t0.7_r5,small,30,4,4,2,0.7,5,0,LPT+EDD,225.1832,2.75,264.467,3,118.7952,257.4037,1.0,0.0,False,73.7,205.54,35.2,0.0,3,False,True,5
sm_n30_m4_f4_c2_t0.7_r6,small,30,4,4,2,0.7,6,0,CPM,138.3832,0.0,282.4,6,396.0971,7.6329,0.1667,0.0,True,53.1,160.61,0.0,3.673,1412,False,True,6
sm_n30_m4_f4_c2_t0.7_r6,small,30,4,4,2,0.7,6,0,CPM-blind,138.5832,0.0,282.4,6,392.7806,11.0763,0.6667,0.0,True,53.1,160.99,0.0,2.371,770,False,True,6
sm_n30_m4_f4_c2_t0.7_r6,small,30,4,4,2,0.7,6,0,ALNS,138.5832,0.25,158.75,6,394.8833,21.1956,0.6667,0.0,False,53.1,160.99,3.2,4.145,10000,False,True,6
sm_n30_m4_f4_c2_t0.7_r6,small,30,4,4,2,0.7,6,0,NSGA-II,137.0999,0.0,282.4,8,403.6172,0.1,0.375,0.0,True,53.1,158.19,0.0,3.37,10000,False,True,6
sm_n30_m4_f4_c2_t0.7_r6,small,30,4,4,2,0.7,6,0,LPT+EDD,162.1835,2.2501,162.1835,1,48.5749,155.3732,1.0,0.0,False,53.1,205.43,28.801,0.0,3,False,True,6
sm_n30_m4_f4_c2_t0.7_r7,small,30,4,4,2,0.7,7,0,CPM,171.6167,0.0,182.7,4,247.9696,0.0,0.0,0.0,True,71.0,141.71,0.0,12.72,1906,False,True,7
sm_n30_m4_f4_c2_t0.7_r7,small,30,4,4,2,0.7,7,0,CPM-blind,184.0167,0.0,195.1,4,201.2634,11.5415,1.0,0.0,True,71.0,159.18,0.0,11.706,1819,False,True,7
sm_n30_m4_f4_c2_t0.7_r7,small,30,4,4,2,0.7,7,0,ALNS,182.6834,0.0,195.1,4,204.4897,11.2082,1.0,0.0,True,71.0,157.3,0.0,4.925,10000,False,True,7
sm_n30_m4_f4_c2_t0.7_r7,small,30,4,4,2,0.7,7,0,NSGA-II,184.2666,0.0,195.1,2,200.4887,31.5762,1.0,0.0,True,71.0,159.53,0.0,3.889,10000,False,True,7
sm_n30_m4_f4_c2_t0.7_r7,small,30,4,4,2,0.7,7,0,LPT+EDD,215.8662,3.3333,215.8662,1,9.7875,290.3659,1.0,0.0,False,71.0,204.04,42.666,0.0,3,False,True,7
sm_n30_m4_f4_c2_t0.7_r8,small,30,4,4,2,0.7,8,0,CPM,211.6834,0.0,318.0,4,596.5464,0.0,0.0,0.0,True,89.1,137.58,0.0,3.625,937,False,True,8
sm_n30_m4_f4_c2_t0.7_r8,small,30,4,4,2,0.7,8,0,CPM-blind,230.4501,0.0,339.1,4,522.5312,19.089,1.0,0.0,True,89.1,158.64,0.0,2.897,866,False,True,8
sm_n30_m4_f4_c2_t0.7_r8,small,30,4,4,2,0.7,8,0,ALNS,214.4499,0.25,240.95,12,559.0259,32.4567,1.0,0.0,False,89.1,140.68,3.2,4.775,10000,False,True,8
sm_n30_m4_f4_c2_t0.7_r8,small,30,4,4,2,0.7,8,0,NSGA-II,214.4499,0.0,339.1,11,568.0519,17.4806,1.0,0.0,True,89.1,140.68,0.0,3.451,10000,False,True,8
sm_n30_m4_f4_c2_t0.7_r8,small,30,4,4,2,0.7,8,0,LPT+EDD,232.9505,3.4168,232.9505,1,62.3032,307.1645,1.0,0.0,False,89.1,161.45,43.735,0.0,3,False,True,8
sm_n30_m4_f4_c2_t0.7_r9,small,30,4,4,2,0.7,9,0,CPM,181.2333,0.0,296.3,3,493.8842,0.0,0.0,0.0,True,79.9,126.83,0.0,6.376,1279,False,True,9
sm_n30_m4_f4_c2_t0.7_r9,small,30,4,4,2,0.7,9,0,CPM-blind,192.0333,0.0,316.8,3,457.708,14.0333,1.0,0.0,True,79.9,140.34,0.0,3.499,803,False,True,9
sm_n30_m4_f4_c2_t0.7_r9,small,30,4,4,2,0.7,9,0,ALNS,192.0333,0.0,316.8,3,457.708,14.0333,1.0,0.0,True,79.9,140.34,0.0,5.363,10000,False,True,9
sm_n30_m4_f4_c2_t0.7_r9,small,30,4,4,2,0.7,9,0,NSGA-II,192.0333,0.0,316.8,3,457.708,14.0333,1.0,0.0,True,79.9,140.34,0.0,3.827,10000,False,True,9
sm_n30_m4_f4_c2_t0.7_r9,small,30,4,4,2,0.7,9,0,LPT+EDD,255.1837,2.75,288.8504,2,35.3681,254.0857,1.0,0.0,False,79.9,219.38,35.2,0.0,3,False,True,9
sm_n30_m6_f4_c2_t0.3_r0,small,30,6,4,2,0.3,0,-2,CPM,23.55,0.0,40.7,3,36.5083,2.7229,0.0,0.0,True,2.4,881.25,0.0,6.06,2567,False,True,0
sm_n30_m6_f4_c2_t0.3_r0,small,30,6,4,2,0.3,0,-2,CPM-blind,28.55,0.0,46.8,3,28.9167,6.0065,1.0,0.0,True,2.4,1089.58,0.0,4.087,1649,False,True,0
sm_n30_m6_f4_c2_t0.3_r0,small,30,6,4,2,0.3,0,-2,ALNS,28.55,0.0,46.8,4,30.0455,3.8,0.75,0.0,True,2.4,1089.58,0.0,3.837,10000,False,True,0
sm_n30_m6_f4_c2_t0.3_r0,small,30,6,4,2,0.3,0,-2,NSGA-II,28.55,0.0,46.8,4,30.0455,3.8,0.75,0.0,True,2.4,1089.58,0.0,3.745,10000,False,True,0
sm_n30_m6_f4_c2_t0.3_r0,small,30,6,4,2,0.3,0,-2,LPT+EDD,33.7,1.25,33.7,1,4.2255,98.2135,1.0,0.0,False,2.4,1304.17,16.0,0.0,3,False,True,0
sm_n30_m6_f4_c2_t0.3_r1,small,30,6,4,2,0.3,1,-2,CPM,31.3499,0.0,50.7,4,18.7392,8.4453,0.25,0.0,True,0.0,nan,0.0,1.788,1182,False,True,1
sm_n30_m6_f4_c2_t0.3_r1,small,30,6,4,2,0.3,1,-2,CPM-blind,32.0166,0.0,50.7,4,18.3753,8.5904,0.75,0.0,True,0.0,nan,0.0,1.691,1182,False,True,1
sm_n30_m6_f4_c2_t0.3_r1,small,30,6,4,2,0.3,1,-2,ALNS,28.9333,0.0,50.7,6,20.372,1.2334,0.1667,0.0,True,0.0,nan,0.0,3.887,10000,False,True,1
sm_n30_m6_f4_c2_t0.3_r1,small,30,6,4,2,0.3,1,-2,NSGA-II,28.9333,0.0,50.7,6,20.372,1.2334,0.1667,0.0,True,0.0,nan,0.0,3.541,10000,False,True,1
sm_n30_m6_f4_c2_t0.3_r1,small,30,6,4,2,0.3,1,-2,LPT+EDD,35.0333,0.8333,35.0333,1,3.985,38.2681,1.0,0.0,False,0.0,nan,10.666,0.0,3,False,True,1
sm_n30_m6_f4_c2_t0.3_r2,small,30,6,4,2,0.3,2,-2,CPM,28.0,0.0,28.0,1,56.1215,0.0,0.0,0.0,True,2.8,900.0,0.0,8.619,4306,False,True,2
sm_n30_m6_f4_c2_t0.3_r2,small,30,6,4,2,0.3,2,-2,CPM-blind,35.5167,0.0,35.6,2,31.1979,7.6,1.0,0.0,True,2.8,1168.45,0.0,7.613,3177,False,True,2
sm_n30_m6_f4_c2_t0.3_r2,small,30,6,4,2,0.3,2,-2,ALNS,32.1668,0.0,35.6,3,40.2458,7.6,1.0,0.0,True,2.8,1048.81,0.0,4.365,10000,False,True,2
sm_n30_m6_f4_c2_t0.3_r2,small,30,6,4,2,0.3,2,-2,NSGA-II,33.2001,0.0,36.3,3,36.6884,8.3,1.0,0.0,True,2.8,1085.72,0.0,3.956,10000,False,True,2
sm_n30_m6_f4_c2_t0.3_r2,small,30,6,4,2,0.3,2,-2,LPT+EDD,39.9668,2.9167,39.9668,1,1.957,291.9154,1.0,0.0,False,2.8,1327.39,37.334,0.0,3,False,True,2
sm_n30_m6_f4_c2_t0.3_r3,small,30,6,4,2,0.3,3,-2,CPM,31.7167,0.0,54.4,3,61.9216,4.4406,0.0,0.0,True,4.6,589.49,0.0,11.759,3287,False,True,3
sm_n30_m6_f4_c2_t0.3_r3,small,30,6,4,2,0.3,3,-2,CPM-blind,36.3167,0.0,59.7,2,52.3899,12.9475,1.0,0.0,True,4.6,689.49,0.0,6.104,1908,False,True,3
sm_n30_m6_f4_c2_t0.3_r3,small,30,6,4,2,0.3,3,-2,ALNS,36.3167,0.0,59.7,3,55.9822,8.7549,0.6667,0.0,True,4.6,689.49,0.0,4.738,10000,False,True,3
sm_n30_m6_f4_c2_t0.3_r3,small,30,6,4,2,0.3,3,-2,NSGA-II,36.6167,0.0,60.0,3,55.3747,8.9939,1.0,0.0,True,4.6,696.02,0.0,3.981,10000,False,True,3
sm_n30_m6_f4_c2_t0.3_r3,small,30,6,4,2,0.3,3,-2,LPT+EDD,47.15,1.75,47.15,1,5.4588,142.2574,1.0,0.0,False,4.6,925.0,22.4,0.0,3,False,True,3
sm_n30_m6_f4_c2_t0.3_r4,small,30,6,4,2,0.3,4,-2,CPM,25.7666,0.0,35.3,2,67.196,40.3455,0.0,0.0,True,2.5,930.66,0.0,10.286,4814,False,True,4
sm_n30_m6_f4_c2_t0.3_r4,small,30,6,4,2,0.3,4,-2,CPM-blind,28.1332,0.0,39.5,3,57.2124,31.725,1.0,0.0,True,2.5,1025.33,0.0,9.608,3718,False,True,4
sm_n30_m6_f4_c2_t0.3_r4,small,30,6,4,2,0.3,4,-2,ALNS,25.2334,0.0,39.5,7,65.9169,1.68,0.5714,0.0,True,2.5,909.34,0.0,4.303,10000,False,True,4
sm_n30_m6_f4_c2_t0.3_r4,small,30,6,4,2,0.3,4,-2,NSGA-II,25.2334,0.0,39.5,7,65.3127,5.0255,0.7143,0.0,True,2.5,909.34,0.0,3.622,10000,False,True,4
sm_n30_m6_f4_c2_t0.3_r4,small,30,6,4,2,0.3,4,-2,LPT+EDD,35.1332,3.3333,35.1332,1,4.0372,270.1243,1.0,0.0,False,2.5,1305.33,42.666,0.0,3,False,True,4
sm_n30_m6_f4_c2_t0.3_r5,small,30,6,4,2,0.3,5,-2,CPM,38.9,0.0,59.0,3,42.4495,0.0,0.0,0.0,True,2.1,1752.38,0.0,11.205,1764,False,True,5
sm_n30_m6_f4_c2_t0.3_r5,small,30,6,4,2,0.3,5,-2,CPM-blind,43.05,0.0,64.2,3,36.1283,4.4167,1.0,0.0,True,2.1,1950.0,0.0,10.985,1753,False,True,5
sm_n30_m6_f4_c2_t0.3_r5,small,30,6,4,2,0.3,5,-2,ALNS,42.9,0.0,64.2,4,36.1995,4.4167,1.0,0.0,True,2.1,1942.86,0.0,4.269,10000,False,True,5
sm_n30_m6_f4_c2_t0.3_r5,small,30,6,4,2,0.3,5,-2,NSGA-II,42.3,0.0,64.2,5,36.3345,4.4167,1.0,0.0,True,2.1,1914.29,0.0,3.797,10000,False,True,5
sm_n30_m6_f4_c2_t0.3_r5,small,30,6,4,2,0.3,5,-2,LPT+EDD,47.4832,1.0833,47.4832,1,9.4544,83.8018,1.0,0.0,False,2.1,2161.1,13.866,0.0,3,False,True,5
sm_n30_m6_f4_c2_t0.3_r6,small,30,6,4,2,0.3,6,-2,CPM,42.1999,0.0,67.3,3,94.1692,3.6078,0.0,0.0,True,2.6,1523.07,0.0,4.341,2268,False,True,6
sm_n30_m6_f4_c2_t0.3_r6,small,30,6,4,2,0.3,6,-2,CPM-blind,42.1999,0.0,67.3,3,94.1692,3.6078,0.0,0.0,True,2.6,1523.07,0.0,4.955,2453,False,True,6
sm_n30_m6_f4_c2_t0.3_r6,small,30,6,4,2,0.3,6,-2,ALNS,38.7999,0.0,67.3,5,103.407,0.0,0.0,0.0,True,2.6,1392.3,0.0,3.878,10000,False,True,6
sm_n30_m6_f4_c2_t0.3_r6,small,30,6,4,2,0.3,6,-2,NSGA-II,38.7999,0.0,67.3,5,103.407,0.0,0.0,0.0,True,2.6,1392.3,0.0,3.627,10000,False,True,6
sm_n30_m6_f4_c2_t0.3_r6,small,30,6,4,2,0.3,6,-2,LPT+EDD,52.0501,2.75,52.0501,1,8.6175,238.5739,1.0,0.0,False,2.6,1901.93,35.2,0.0,3,False,True,6
sm_n30_m6_f4_c2_t0.3_r7,small,30,6,4,2,0.3,7,-2,CPM,31.0334,0.0,45.1,5,125.1805,0.0,0.0,0.0,True,0.0,nan,0.0,13.444,5053,False,True,7
sm_n30_m6_f4_c2_t0.3_r7,small,30,6,4,2,0.3,7,-2,CPM-blind,43.7502,0.0,62.4,6,80.8436,14.7899,1.0,0.0,True,0.0,nan,0.0,8.945,3256,False,True,7
sm_n30_m6_f4_c2_t0.3_r7,small,30,6,4,2,0.3,7,-2,ALNS,39.9501,0.0,62.4,5,92.857,12.7707,1.0,0.0,True,0.0,nan,0.0,4.005,10000,False,True,7
sm_n30_m6_f4_c2_t0.3_r7,small,30,6,4,2,0.3,7,-2,NSGA-II,39.9501,0.0,62.4,5,92.857,12.7707,1.0,0.0,True,0.0,nan,0.0,3.704,10000,False,True,7
sm_n30_m6_f4_c2_t0.3_r7,small,30,6,4,2,0.3,7,-2,LPT+EDD,55.8169,3.0001,55.8169,1,5.5294,252.5488,1.0,0.0,False,0.0,nan,38.401,0.0,3,False,True,7
sm_n30_m6_f4_c2_t0.3_r8,small,30,6,4,2,0.3,8,-2,CPM,32.3666,0.0,128.0,5,254.4074,12.0715,0.2,0.0,True,2.1,1441.27,0.0,12.865,2043,False,True,8
sm_n30_m6_f4_c2_t0.3_r8,small,30,6,4,2,0.3,8,-2,CPM-blind,38.1666,0.0,133.0,4,239.7843,16.432,1.0,0.0,True,2.1,1717.46,0.0,7.494,1214,False,True,8
sm_n30_m6_f4_c2_t0.3_r8,small,30,6,4,2,0.3,8,-2,ALNS,38.3666,0.0,83.4,7,264.3358,3.901,0.5714,0.0,True,2.1,1726.98,0.0,5.43,10000,False,True,8
sm_n30_m6_f4_c2_t0.3_r8,small,30,6,4,2,0.3,8,-2,NSGA-II,40.4,0.0,83.4,5,260.6903,9.0974,0.4,0.0,True,2.1,1823.81,0.0,3.926,10000,False,True,8
sm_n30_m6_f4_c2_t0.3_r8,small,30,6,4,2,0.3,8,-2,LPT+EDD,46.8164,2.2499,46.8164,1,32.6562,182.8945,1.0,0.0,False,2.1,2129.35,28.799,0.0,3,False,True,8
sm_n30_m6_f4_c2_t0.3_r9,small,30,6,4,2,0.3,9,-2,CPM,35.4,0.0,84.8,4,198.5691,3.1306,0.25,0.0,True,0.7,4957.14,0.0,8.2,2136,False,True,9
sm_n30_m6_f4_c2_t0.3_r9,small,30,6,4,2,0.3,9,-2,CPM-blind,38.8,0.0,88.2,4,189.7974,5.1197,1.0,0.0,True,0.7,5442.86,0.0,5.24,1385,False,True,9
sm_n30_m6_f4_c2_t0.3_r9,small,30,6,4,2,0.3,9,-2,ALNS,38.8,0.0,107.3,4,187.0799,7.35,0.75,0.0,True,0.7,5442.86,0.0,4.393,10000,False,True,9
sm_n30_m6_f4_c2_t0.3_r9,small,30,6,4,2,0.3,9,-2,NSGA-II,39.3,0.0,88.2,4,190.6924,2.95,1.0,0.0,True,0.7,5514.29,0.0,3.775,10000,False,True,9
sm_n30_m6_f4_c2_t0.3_r9,small,30,6,4,2,0.3,9,-2,LPT+EDD,48.6,2.25,48.6,1,22.8898,198.7947,1.0,0.0,False,0.7,6842.86,28.8,0.0,3,False,True,9
sm_n30_m6_f4_c2_t0.5_r0,small,30,6,4,2,0.5,0,-2,CPM,46.8834,0.0,51.3,3,82.4639,0.0,0.0,0.0,True,9.8,378.4,0.0,3.117,2712,False,True,0
sm_n30_m6_f4_c2_t0.5_r0,small,30,6,4,2,0.5,0,-2,CPM-blind,64.1834,0.0,73.6,3,38.7135,21.2082,1.0,0.0,True,9.8,554.93,0.0,2.485,2538,False,True,0
sm_n30_m6_f4_c2_t0.5_r0,small,30,6,4,2,0.5,0,-2,ALNS,63.7667,0.0,73.6,7,39.9644,20.05,1.0,0.0,True,9.8,550.68,0.0,3.737,10000,False,True,0
sm_n30_m6_f4_c2_t0.5_r0,small,30,6,4,2,0.5,0,-2,NSGA-II,63.7667,0.0,73.6,7,39.9644,20.05,1.0,0.0,True,9.8,550.68,0.0,3.559,10000,False,True,0
sm_n30_m6_f4_c2_t0.5_r0,small,30,6,4,2,0.5,0,-2,LPT+EDD,73.8999,2.0833,73.8999,1,2.5869,179.5685,1.0,0.0,False,9.8,654.08,26.666,0.0,3,False,True,0
sm_n30_m6_f4_c2_t0.5_r1,small,30,6,4,2,0.5,1,-2,CPM,83.0168,0.0,103.6,6,111.1031,3.8904,0.6667,0.0,True,8.8,843.37,0.0,12.152,3016,False,True,1
sm_n30_m6_f4_c2_t0.5_r1,small,30,6,4,2,0.5,1,-2,CPM-blind,84.1335,0.0,104.9,6,106.8572,4.7156,1.0,0.0,True,8.8,856.06,0.0,12.171,3016,False,True,1
sm_n30_m6_f4_c2_t0.5_r1,small,30,6,4,2,0.5,1,-2,ALNS,80.5668,0.0,104.9,7,118.7984,0.6667,0.5714,0.0,True,8.8,815.53,0.0,4.954,10000,False,True,1
sm_n30_m6_f4_c2_t0.5_r1,small,30,6,4,2,0.5,1,-2,NSGA-II,79.1668,0.0,104.9,7,121.9483,0.4333,0.4286,0.0,True,8.8,799.62,0.0,3.829,10000,False,True,1
sm_n30_m6_f4_c2_t0.5_r1,small,30,6,4,2,0.5,1,-2,LPT+EDD,96.5834,3.1667,96.5834,1,8.2528,258.6759,1.0,0.0,False,8.8,997.54,40.534,0.0,3,False,True,1
sm_n30_m6_f4_c2_t0.5_r2,small,30,6,4,2,0.5,2,-2,CPM,73.4167,0.0,88.6,4,120.7133,0.0,0.0,0.0,True,19.2,282.38,0.0,24.869,6998,False,True,2
sm_n30_m6_f4_c2_t0.5_r2,small,30,6,4,2,0.5,2,-2,CPM-blind,85.05,0.0,99.9,4,89.5013,14.0945,1.0,0.0,True,19.2,342.97,0.0,19.327,4842,False,True,2
sm_n30_m6_f4_c2_t0.5_r2,small,30,6,4,2,0.5,2,-2,ALNS,85.05,0.0,99.9,4,89.5013,14.0945,1.0,0.0,True,19.2,342.97,0.0,4.343,10000,False,True,2
sm_n30_m6_f4_c2_t0.5_r2,small,30,6,4,2,0.5,2,-2,NSGA-II,85.15,0.0,100.0,4,89.2346,14.1838,1.0,0.0,True,19.2,343.49,0.0,3.802,10000,False,True,2
sm_n30_m6_f4_c2_t0.5_r2,small,30,6,4,2,0.5,2,-2,LPT+EDD,108.7665,2.3333,108.7665,1,3.9588,194.3422,1.0,0.0,False,19.2,466.49,29.866,0.0,3,False,True,2
sm_n30_m6_f4_c2_t0.5_r3,small,30,6,4,2,0.5,3,-2,CPM,87.1667,0.0,122.9,5,234.5999,0.0,0.0,0.0,True,20.0,335.83,0.0,50.519,6485,False,True,3
sm_n30_m6_f4_c2_t0.5_r3,small,30,6,4,2,0.5,3,-2,CPM-blind,95.3667,0.0,132.0,4,199.4212,9.7299,1.0,0.0,True,20.0,376.83,0.0,18.723,3155,False,True,3
sm_n30_m6_f4_c2_t0.5_r3,small,30,6,4,2,0.5,3,-2,ALNS,95.6167,0.0,132.0,8,199.4309,9.0667,1.0,0.0,True,20.0,378.08,0.0,5.348,10000,False,True,3
sm_n30_m6_f4_c2_t0.5_r3,small,30,6,4,2,0.5,3,-2,NSGA-II,95.6167,0.0,132.8,7,198.66,9.7233,1.0,0.0,True,20.0,378.08,0.0,3.797,10000,False,True,3
sm_n30_m6_f4_c2_t0.5_r3,small,30,6,4,2,0.5,3,-2,LPT+EDD,115.9167,3.6666,115.9167,1,14.5427,317.5458,1.0,0.0,False,20.0,479.58,46.932,0.0,3,False,True,3
sm_n30_m6_f4_c2_t0.5_r4,small,30,6,4,2,0.5,4,-2,CPM,76.8,0.0,135.5,9,211.8543,1.7444,0.1111,0.0,True,16.4,368.29,0.0,12.658,2488,False,True,4
sm_n30_m6_f4_c2_t0.5_r4,small,30,6,4,2,0.5,4,-2,CPM-blind,83.0333,0.0,147.1,7,189.8065,13.4663,1.0,0.0,True,16.4,406.3,0.0,7.0,1461,False,True,4
sm_n30_m6_f4_c2_t0.5_r4,small,30,6,4,2,0.5,4,-2,ALNS,83.0333,0.0,147.1,8,192.0388,12.0349,0.875,0.0,True,16.4,406.3,0.0,4.778,10000,False,True,4
sm_n30_m6_f4_c2_t0.5_r4,small,30,6,4,2,0.5,4,-2,NSGA-II,85.5,0.0,147.1,6,189.3527,26.763,0.8333,0.0,True,16.4,421.34,0.0,3.861,10000,False,True,4
sm_n30_m6_f4_c2_t0.5_r4,small,30,6,4,2,0.5,4,-2,LPT+EDD,104.9167,1.3333,106.3833,2,80.9131,73.1417,1.0,0.0,False,16.4,539.74,17.066,0.0,3,False,True,4
sm_n30_m6_f4_c2_t0.5_r5,small,30,6,4,2,0.5,5,-2,CPM,51.2167,0.0,64.9,4,154.4474,0.0,0.0,0.0,True,8.5,502.55,0.0,20.278,7300,False,True,5
sm_n30_m6_f4_c2_t0.5_r5,small,30,6,4,2,0.5,5,-2,CPM-blind,63.1833,0.0,75.8,4,113.7388,13.0152,1.0,0.0,True,8.5,643.33,0.0,11.129,4264,False,True,5
sm_n30_m6_f4_c2_t0.5_r5,small,30,6,4,2,0.5,5,-2,ALNS,62.6,0.0,75.8,8,115.3164,12.0375,1.0,0.0,True,8.5,636.47,0.0,4.446,10000,False,True,5
sm_n30_m6_f4_c2_t0.5_r5,small,30,6,4,2,0.5,5,-2,NSGA-II,62.6,0.0,75.8,8,115.2748,12.1625,1.0,0.0,True,8.5,636.47,0.0,3.688,10000,False,True,5
sm_n30_m6_f4_c2_t0.5_r5,small,30,6,4,2,0.5,5,-2,LPT+EDD,88.1501,3.0,88.1501,1,3.926,260.538,1.0,0.0,False,8.5,937.06,38.4,0.0,3,False,True,5
sm_n30_m6_f4_c2_t0.5_r6,small,30,6,4,2,0.5,6,-2,CPM,67.05,0.0,87.1,4,86.8216,0.0,0.0,0.0,True,21.5,211.86,0.0,4.744,4216,False,True,6
sm_n30_m6_f4_c2_t0.5_r6,small,30,6,4,2,0.5,6,-2,CPM-blind,69.5166,0.0,93.2,5,77.998,5.9979,1.0,0.0,True,21.5,223.33,0.0,4.143,3025,False,True,6
sm_n30_m6_f4_c2_t0.5_r6,small,30,6,4,2,0.5,6,-2,ALNS,69.5166,0.0,93.2,7,78.1078,5.9979,1.0,0.0,True,21.5,223.33,0.0,3.558,10000,False,True,6
sm_n30_m6_f4_c2_t0.5_r6,small,30,6,4,2,0.5,6,-2,NSGA-II,69.5166,0.0,93.2,7,78.1078,5.9979,1.0,0.0,True,21.5,223.33,0.0,3.578,10000,False,True,6
sm_n30_m6_f4_c2_t0.5_r6,small,30,6,4,2,0.5,6,-2,LPT+EDD,88.3997,1.9167,91.7001,2,8.8523,165.5318,1.0,0.0,False,21.5,311.16,24.534,0.0,3,False,True,6
sm_n30_m6_f4_c2_t0.5_r7,small,30,6,4,2,0.5,7,-2,CPM,88.8667,0.0,113.5,3,142.4425,3.8691,0.0,0.0,True,13.1,578.37,0.0,13.927,2267,False,True,7
sm_n30_m6_f4_c2_t0.5_r7,small,30,6,4,2,0.5,7,-2,CPM-blind,91.3667,0.0,116.0,3,132.7966,4.9694,1.0,0.0,True,13.1,597.46,0.0,12.554,2200,False,True,7
sm_n30_m6_f4_c2_t0.5_r7,small,30,6,4,2,0.5,7,-2,ALNS,91.0334,0.0,116.0,7,135.4266,1.5,0.7143,0.0,True,13.1,594.91,0.0,5.651,10000,False,True,7
sm_n30_m6_f4_c2_t0.5_r7,small,30,6,4,2,0.5,7,-2,NSGA-II,91.0334,0.0,116.0,6,135.2503,1.9233,0.8333,0.0,True,13.1,594.91,0.0,3.911,10000,False,True,7
sm_n30_m6_f4_c2_t0.5_r7,small,30,6,4,2,0.5,7,-2,LPT+EDD,106.9,3.4167,106.9,1,9.5842,301.9256,1.0,0.0,False,13.1,716.03,43.734,0.0,3,False,True,7
sm_n30_m6_f4_c2_t0.5_r8,small,30,6,4,2,0.5,8,-2,CPM,82.9834,0.0,108.0,3,167.7644,15.0001,0.0,0.0,True,19.1,334.47,0.0,9.765,2534,False,True,8
sm_n30_m6_f4_c2_t0.5_r8,small,30,6,4,2,0.5,8,-2,CPM-blind,85.3834,0.0,110.2,3,157.894,16.4327,1.0,0.0,True,19.1,347.03,0.0,9.454,2480,False,True,8
sm_n30_m6_f4_c2_t0.5_r8,small,30,6,4,2,0.5,8,-2,ALNS,82.8834,0.0,110.2,5,167.0123,5.9201,0.6,0.0,True,19.1,333.94,0.0,4.821,10000,False,True,8
sm_n30_m6_f4_c2_t0.5_r8,small,30,6,4,2,0.5,8,-2,NSGA-II,83.1334,0.0,110.2,4,166.3748,20.9202,0.75,0.0,True,19.1,335.25,0.0,3.744,10000,False,True,8
sm_n30_m6_f4_c2_t0.5_r8,small,30,6,4,2,0.5,8,-2,LPT+EDD,108.8669,3.25,113.0167,2,12.8049,251.6038,1.0,0.0,False,19.1,469.98,41.6,0.0,3,False,True,8
sm_n30_m6_f4_c2_t0.5_r9,small,30,6,4,2,0.5,9,-2,CPM,64.5667,0.0,84.1,3,69.5392,0.0,0.0,0.0,True,13.1,392.88,0.0,8.31,2848,False,True,9
sm_n30_m6_f4_c2_t0.5_r9,small,30,6,4,2,0.5,9,-2,CPM-blind,69.8667,0.0,87.3,3,57.8742,4.6,1.0,0.0,True,13.1,433.33,0.0,5.313,1822,False,True,9
sm_n30_m6_f4_c2_t0.5_r9,small,30,6,4,2,0.5,9,-2,ALNS,69.8667,0.0,87.3,3,57.8742,4.6,1.0,0.0,True,13.1,433.33,0.0,4.126,10000,False,True,9
sm_n30_m6_f4_c2_t0.5_r9,small,30,6,4,2,0.5,9,-2,NSGA-II,69.8667,0.0,87.3,3,57.8742,4.6,1.0,0.0,True,13.1,433.33,0.0,3.859,10000,False,True,9
sm_n30_m6_f4_c2_t0.5_r9,small,30,6,4,2,0.5,9,-2,LPT+EDD,81.5667,2.0,81.5667,1,4.639,170.0646,1.0,0.0,False,13.1,522.65,25.6,0.0,3,False,True,9
sm_n30_m6_f4_c2_t0.7_r0,small,30,6,4,2,0.7,0,-2,CPM,137.7,0.0,191.2,4,294.5526,3.5331,0.25,0.0,True,74.7,84.34,0.0,8.812,2466,False,True,0
sm_n30_m6_f4_c2_t0.7_r0,small,30,6,4,2,0.7,0,-2,CPM-blind,137.7,0.0,191.2,4,294.5526,3.5331,0.25,0.0,True,74.7,84.34,0.0,4.286,1136,False,True,0
sm_n30_m6_f4_c2_t0.7_r0,small,30,6,4,2,0.7,0,-2,ALNS,137.7,0.0,221.2,4,289.739,7.5,0.25,0.0,True,74.7,84.34,0.0,4.414,10000,False,True,0
sm_n30_m6_f4_c2_t0.7_r0,small,30,6,4,2,0.7,0,-2,NSGA-II,137.7,0.0,191.2,4,297.239,0.0,0.0,0.0,True,74.7,84.34,0.0,3.813,10000,False,True,0
sm_n30_m6_f4_c2_t0.7_r0,small,30,6,4,2,0.7,0,-2,LPT+EDD,153.3167,2.3334,158.2834,2,54.1193,207.2171,1.0,0.0,False,74.7,105.24,29.868,0.0,3,False,True,0
sm_n30_m6_f4_c2_t0.7_r1,small,30,6,4,2,0.7,1,-2,CPM,143.7166,0.0,174.4,3,248.5205,2.2065,0.0,0.0,True,62.3,130.68,0.0,17.015,3836,False,True,1
sm_n30_m6_f4_c2_t0.7_r1,small,30,6,4,2,0.7,1,-2,CPM-blind,149.6499,0.0,185.4,4,221.6912,9.184,1.0,0.0,True,62.3,140.21,0.0,12.328,2710,False,True,1
sm_n30_m6_f4_c2_t0.7_r1,small,30,6,4,2,0.7,1,-2,ALNS,144.7333,0.0,185.4,5,241.7557,5.0875,0.8,0.0,True,62.3,132.32,0.0,4.307,10000,False,True,1
sm_n30_m6_f4_c2_t0.7_r1,small,30,6,4,2,0.7,1,-2,NSGA-II,148.2333,0.0,185.4,3,229.5305,10.6637,0.6667,0.0,True,62.3,137.93,0.0,3.862,10000,False,True,1
sm_n30_m6_f4_c2_t0.7_r1,small,30,6,4,2,0.7,1,-2,LPT+EDD,170.5501,3.75,170.5501,1,16.3352,346.44,1.0,0.0,False,62.3,173.76,48.0,0.0,3,False,True,1
sm_n30_m6_f4_c2_t0.7_r2,small,30,6,4,2,0.7,2,-2,CPM,131.5501,0.0,175.1,3,121.4483,8.6516,0.0,0.0,True,61.5,113.9,0.0,3.116,1307,False,True,2
sm_n30_m6_f4_c2_t0.7_r2,small,30,6,4,2,0.7,2,-2,CPM-blind,131.5501,0.0,175.1,3,121.4483,8.6516,0.0,0.0,True,61.5,113.9,0.0,2.929,1287,False,True,2
sm_n30_m6_f4_c2_t0.7_r2,small,30,6,4,2,0.7,2,-2,ALNS,129.0501,0.0,175.1,7,126.8675,0.0,0.0,0.0,True,61.5,109.84,0.0,3.8,10000,False,True,2
sm_n30_m6_f4_c2_t0.7_r2,small,30,6,4,2,0.7,2,-2,NSGA-II,129.0501,0.0,175.1,7,126.8675,0.0,0.0,0.0,True,61.5,109.84,0.0,3.656,10000,False,True,2
sm_n30_m6_f4_c2_t0.7_r2,small,30,6,4,2,0.7,2,-2,LPT+EDD,143.4665,1.9166,143.4665,1,14.6249,144.7682,1.0,0.0,False,61.5,133.28,24.532,0.0,3,False,True,2
sm_n30_m6_f4_c2_t0.7_r3,small,30,6,4,2,0.7,3,-2,CPM,119.9834,0.0,164.7,4,280.5402,3.411,0.0,0.0,True,31.6,279.69,0.0,9.433,2266,False,True,3
sm_n30_m6_f4_c2_t0.7_r3,small,30,6,4,2,0.7,3,-2,CPM-blind,131.1002,0.0,181.6,5,236.0114,14.5209,1.0,0.0,True,31.6,314.87,0.0,5.951,1529,False,True,3
sm_n30_m6_f4_c2_t0.7_r3,small,30,6,4,2,0.7,3,-2,ALNS,123.5501,0.0,181.6,6,261.3479,10.9268,0.8333,0.0,True,31.6,290.98,0.0,3.765,10000,False,True,3
sm_n30_m6_f4_c2_t0.7_r3,small,30,6,4,2,0.7,3,-2,NSGA-II,123.6334,0.0,181.6,5,261.0861,10.9268,0.8,0.0,True,31.6,291.24,0.0,3.56,10000,False,True,3
sm_n30_m6_f4_c2_t0.7_r3,small,30,6,4,2,0.7,3,-2,LPT+EDD,139.3505,1.0,139.6666,2,163.5726,53.2027,1.0,0.0,False,31.6,340.98,12.8,0.0,3,False,True,3
sm_n30_m6_f4_c2_t0.7_r4,small,30,6,4,2,0.7,4,-2,CPM,164.0166,0.0,196.2,3,211.0112,8.8709,0.0,0.0,True,75.7,116.67,0.0,30.461,3849,False,True,4
sm_n30_m6_f4_c2_t0.7_r4,small,30,6,4,2,0.7,4,-2,CPM-blind,164.7998,0.0,197.1,4,207.7211,7.6092,1.0,0.0,True,75.7,117.7,0.0,31.46,2898,False,True,4
sm_n30_m6_f4_c2_t0.7_r4,small,30,6,4,2,0.7,4,-2,ALNS,164.0498,0.0,197.1,6,212.1259,0.6,0.8333,0.0,True,75.7,116.71,0.0,5.827,10000,False,True,4
sm_n30_m6_f4_c2_t0.7_r4,small,30,6,4,2,0.7,4,-2,NSGA-II,163.5498,0.0,197.1,6,213.7342,0.5,0.6667,0.0,True,75.7,116.05,0.0,4.063,10000,False,True,4
sm_n30_m6_f4_c2_t0.7_r4,small,30,6,4,2,0.7,4,-2,LPT+EDD,195.6832,3.6666,195.6832,1,10.3257,326.0928,1.0,0.0,False,75.7,158.5,46.932,0.0,3,False,True,4
sm_n30_m6_f4_c2_t0.7_r5,small,30,6,4,2,0.7,5,-2,CPM,137.1334,0.0,150.3,4,256.5958,17.0879,0.5,0.0,True,64.3,113.27,0.0,9.198,4129,False,True,5
sm_n30_m6_f4_c2_t0.7_r5,small,30,6,4,2,0.7,5,-2,CPM-blind,138.6334,0.0,150.8,4,250.029,17.8149,1.0,0.0,True,64.3,115.6,0.0,10.692,4416,False,True,5
sm_n30_m6_f4_c2_t0.7_r5,small,30,6,4,2,0.7,5,-2,ALNS,135.8834,0.0,150.8,6,262.8251,7.3695,0.5,0.0,True,64.3,111.33,0.0,4.193,10000,False,True,5
sm_n30_m6_f4_c2_t0.7_r5,small,30,6,4,2,0.7,5,-2,NSGA-II,135.3001,0.0,150.8,8,264.3931,0.3,0.625,0.0,True,64.3,110.42,0.0,3.746,10000,False,True,5
sm_n30_m6_f4_c2_t0.7_r5,small,30,6,4,2,0.7,5,-2,LPT+EDD,160.6836,3.0833,175.0499,2,37.0341,238.6289,1.0,0.0,False,64.3,149.9,39.466,0.016,3,False,True,5
sm_n30_m6_f4_c2_t0.7_r6,small,30,6,4,2,0.7,6,-2,CPM,132.7833,0.0,140.2,5,193.4758,4.1959,0.0,0.0,True,69.0,92.44,0.0,8.043,4010,False,True,6
sm_n30_m6_f4_c2_t0.7_r6,small,30,6,4,2,0.7,6,-2,CPM-blind,132.7833,0.0,140.2,5,193.4758,4.1959,0.0,0.0,True,69.0,92.44,0.0,8.037,4010,False,True,6
sm_n30_m6_f4_c2_t0.7_r6,small,30,6,4,2,0.7,6,-2,ALNS,132.7833,0.0,140.2,8,193.8646,0.0,0.0,0.0,True,69.0,92.44,0.0,4.215,10000,False,True,6
sm_n30_m6_f4_c2_t0.7_r6,small,30,6,4,2,0.7,6,-2,NSGA-II,132.7833,0.0,140.2,8,193.8646,0.0,0.0,0.0,True,69.0,92.44,0.0,3.688,10000,False,True,6
sm_n30_m6_f4_c2_t0.7_r6,small,30,6,4,2,0.7,6,-2,LPT+EDD,179.1002,2.6667,179.1002,1,6.9337,206.081,1.0,0.0,False,69.0,159.57,34.134,0.0,3,False,True,6
sm_n30_m6_f4_c2_t0.7_r7,small,30,6,4,2,0.7,7,-2,CPM,159.1499,0.0,192.4,6,181.3437,0.0,0.0,0.0,True,68.1,133.7,0.0,23.595,2749,False,True,7
sm_n30_m6_f4_c2_t0.7_r7,small,30,6,4,2,0.7,7,-2,CPM-blind,164.6499,0.0,201.0,5,160.9926,7.8217,1.0,0.0,True,68.1,141.78,0.0,27.166,2910,False,True,7
sm_n30_m6_f4_c2_t0.7_r7,small,30,6,4,2,0.7,7,-2,ALNS,164.6499,0.0,201.0,10,162.3222,6.8833,1.0,0.0,True,68.1,141.78,0.0,5.442,10000,False,True,7
sm_n30_m6_f4_c2_t0.7_r7,small,30,6,4,2,0.7,7,-2,NSGA-II,164.8999,0.0,201.0,9,161.8741,6.925,1.0,0.0,True,68.1,142.14,0.0,3.884,10000,False,True,7
sm_n30_m6_f4_c2_t0.7_r7,small,30,6,4,2,0.7,7,-2,LPT+EDD,198.8837,2.7502,198.8837,1,8.7066,205.8344,1.0,0.0,False,68.1,192.05,35.203,0.0,3,False,True,7
sm_n30_m6_f4_c2_t0.7_r8,small,30,6,4,2,0.7,8,-2,CPM,123.8834,0.0,152.5,5,250.0223,0.0,0.0,0.0,True,61.9,100.13,0.0,21.023,4586,False,True,8
sm_n30_m6_f4_c2_t0.7_r8,small,30,6,4,2,0.7,8,-2,CPM-blind,131.1668,0.0,169.0,5,215.5109,17.8072,1.0,0.0,True,61.9,111.9,0.0,11.478,2787,False,True,8
sm_n30_m6_f4_c2_t0.7_r8,small,30,6,4,2,0.7,8,-2,ALNS,131.2334,0.0,169.0,5,218.7758,12.3135,1.0,0.0,True,61.9,112.01,0.0,4.48,10000,False,True,8
sm_n30_m6_f4_c2_t0.7_r8,small,30,6,4,2,0.7,8,-2,NSGA-II,131.5834,0.0,169.0,5,217.7333,15.5228,1.0,0.0,True,61.9,112.57,0.0,3.83,10000,False,True,8
sm_n30_m6_f4_c2_t0.7_r8,small,30,6,4,2,0.7,8,-2,LPT+EDD,151.1168,2.5834,155.6334,2,50.5735,198.6865,1.0,0.0,False,61.9,144.13,33.068,0.0,3,False,True,8
sm_n30_m6_f4_c2_t0.7_r9,small,30,6,4,2,0.7,9,-2,CPM,131.7834,0.0,152.2,3,95.0599,12.1766,0.3333,0.0,True,64.1,105.59,0.0,4.29,1920,False,True,9
sm_n30_m6_f4_c2_t0.7_r9,small,30,6,4,2,0.7,9,-2,CPM-blind,132.7834,0.0,153.7,3,92.0599,13.0991,1.0,0.0,True,64.1,107.15,0.0,4.335,1934,False,True,9
sm_n30_m6_f4_c2_t0.7_r9,small,30,6,4,2,0.7,9,-2,ALNS,129.7001,0.0,153.7,5,99.8168,0.6,0.4,0.0,True,64.1,102.34,0.0,4.447,10000,False,True,9
sm_n30_m6_f4_c2_t0.7_r9,small,30,6,4,2,0.7,9,-2,NSGA-II,130.7834,0.0,154.2,4,97.5599,9.3368,1.0,0.0,True,64.1,104.03,0.0,3.768,10000,False,True,9
sm_n30_m6_f4_c2_t0.7_r9,small,30,6,4,2,0.7,9,-2,LPT+EDD,143.5335,2.3334,143.5335,1,9.029,185.3464,1.0,0.0,False,64.1,123.92,29.868,0.0,3,False,True,9
